:020000040800F2
:10000000B02B01206D030008B5590008AD59000858
:10001000B1590008C125000835680008000000003B
:10002000000000000000000000000000BD590008B2
:10003000D125000800000000B9590008C159000886
:100040008703000887030008870300088703000868
:100050008703000887030008870300088703000858
:10006000870300088703000887030008C5250008E8
:100070008703000887030008870300088703000838
:100080008703000887030008870300088703000828
:100090008703000887030008870300088703000818
:1000A0008703000887030008870300088703000808
:1000B00087030008870300088703000887030008F8
:1000C00087030008870300088703000887030008E8
:1000D00087030008870300088703000887030008D8
:1000E00087030008870300088703000887030008C8
:1000F00087030008870300088703000887030008B8
:1001000087030008870300088703000887030008A7
:10011000395B00088703000887030008870300088D
:100120008703000887030008870300088703000887
:100130008703000887030008870300088703000877
:100140008703000887030008870300088703000867
:100150008703000887030008870300088703000857
:100160008703000887030008870300088703000847
:100170008703000887030008D9590008870300088F
:100180008703000887030008870300088703000827
:1001900087030008000000008703000887030008A9
:1001A0008703000887030008870300088703000807
:1001B00087030008870300088703000887030008F7
:1001C00087030008870300088703000887030008E7
:1001D000870300088703000800F002F800F0B7F872
:1001E00014A696E8000CB244B344DA4501D100F0FD
:1001F000AEF8BAE80F000FA696E83000A5EB0405AC
:1002000004EB0607AAEB0704A7F101074FEA15154F
:100210004FEA3414A4F10104AC4201D300F097F882
:1002200013F0010F18BFFB1A43F0010300F001F8AF
:10023000DBE71847A0F90000C0F90000103A24BF1E
:1002400078C878C1FAD8520724BF30C830C144BF3B
:1002500004680C6070470000704700000023002411
:1002600000250026103A28BF78C1FBD8520728BFC6
:1002700030C148BF0B6070476E2900F0D9817029EA
:1002800000F0BF8266290EF01C8565290EF01985E5
:1002900067290EF0168561290EF0158503681B0A83
:1002A00028BF41F08001692900F08681642900F0AF
:1002B0008381752900F080816F2900F04D827829B3
:1002C00000F08B82E92901F0DB81E42901F0D8817B
:1002D000F52901F0D581EF2900F04A82F82900F0D4
:1002E0008A820368DB0928BF41F08001632900F09E
:1002F0005D86732900F06286E32900F07F86F3298A
:1003000000F08486002070471FB50EF0CDFC9DE8FC
:10031000030000F071FF01F037FC04000020002111
:100320000EF096FC401C6060002000210EF0A6FC40
:10033000E06001F0F5FB01F025FB00F0E7FC1FBDDC
:1003400010B5002001F0BAFB01F085FB10BD01F0F3
:10035000F5FB1146FFF7D8FF0DF0B4FE01F0FCFFEE
:1003600003B4FFF7EDFF03BC00F012FF094880471C
:1003700009480047FEE7FEE7FEE7FEE7FEE7FEE787
:10038000FEE7FEE7FEE7FEE704480549054A064B9F
:1003900070470000C5590008D9010008B02B0020A3
:1003A000B02B0120B0AB0020B0AB002053EA020C10
:1003B00000F069802DE9F04B4FF00006002B1FBFC5
:1003C000B3FA83F503FA05F424FA05F65E4012BF8A
:1003D0001643B2FA82F502FA05F4C5F120051EBFF4
:1003E00022FA05FC44EA0C04203556EA044C4FEA94
:1003F000144418BF641C4FF000084FF000099042ED
:1004000071EB030C39D3002919BFB1FA81F701FA56
:1004100007F6B0FA80F700FA07F6C7F120071EBF0B
:1004200020FA07FC46EA0C062037B6FBF4FCA7EBE3
:100430000507103F07F01F0BCBF120062CFA06F63C
:100440000CFA0BFB44BFB3460026202FA4BF5E4628
:100450004FF0000B5BEA060C08BF4FF0010B19EBE5
:100460000B0948EB0608ABFB027C06FB02CC0BFB3E
:1004700003CCC01B71EB0C01C1E70B4602464146A1
:100480004846BDE8F08B13B5084318BF4FF0FF3066
:100490000146AFF30080BDE81C4070470FB404492B
:1004A00010B503AA029800F08DFD10BC5DF814FB96
:1004B000CC0000200FB41CB50C0007AA009007D098
:1004C0004142A14202D32044401E01E04FF0FF30E0
:1004D000074B7B4469460190069800F042FD0021DD
:1004E000002C01D0009A11701CBC5DF814FB0000B8
:1004F000B30A000070B5044685690068C10601D5DD
:10050000302600E02026C00707D070BDD4E90121C5
:1005100030469047206A401C20626D1EF6D570BDA3
:1005200070B5044685690078C00707D170BDD4E96D
:10053000012120209047206A401C20626D1EF6D5C4
:1005400070BD09684A0501D540B27047C905FCD5A0
:1005500000B2704709684A0501D5C0B27047C905A5
:10056000FCD580B2704770B50C460546012A05D00F
:100570002878800600D5EA69002302E0012305E01F
:100580005B1C934202D2E05C0028F9D1A869E6180E
:10059000C01AA861286A184428622846FFF7AAFFF3
:1005A00004E0D5E9012114F8010B9047B442F8D3D7
:1005B0002846FFF7B5FF70BD2DE9F041064600243F
:1005C00010687529314616A510D0FFF7BAFF00282C
:1005D00002DA404213A507E031688A0701D512A567
:1005E00002E0490704D511A5012401E0FFF7B2FF9D
:1005F00000210A2206F1240709E0B0FBF2FCB0FB5F
:10060000F2F302FB1C00303078541846491C0028D5
:10061000F3D123462A463046BDE8F04100F042BC03
:10062000000000002D0000002B0000002000000052
:1006300011680268006A530501D508700AE0D30505
:1006400001D5088006E0130603D5C217C1E90002F0
:1006500000E00860012070472DE9FF5F15468A46DB
:100660000446DFF8AC80F8440027D8E900103E4685
:10067000CDE9001010E03AF816106A4602A800F022
:1006800002FD411C07D02178890603D5E26939189B
:1006900091420DD80744761C2078800602D5E06987
:1006A000B84205DDAE42E6DB3AF816000028E2D19A
:1006B000A069C01BA0612046FFF71CFFD8E900100D
:1006C000CDE90010002017E03AF818106A4602A899
:1006D00000F0D9FCB0F1FF3F81460BD000250DF1B1
:1006E000080B05E0D4E901211BF8050090476D1CBB
:1006F0004D45F7D308F10100B0428046E4DB206AA3
:10070000384420622046FFF70BFFBDE8FF9F000042
:1007100062E6000030B4002100F1240408E002F099
:100720000705D208303542EA4372DB086554491C9C
:1007300052EA0305F3D10468002310A2250708D567
:1007400004F020040C4304D0C46901230CA2641EED
:10075000C46130BC00F0A6BB10B504462146106849
:10076000FFF7F8FE02462046BDE810400023D1E71F
:10077000D21D22F00701D1E90023CBE700000000E1
:1007800030000000F0B40D460188090502D5214C67
:100790007C4402E01F4C7C440E34002100F124060E
:1007A00008E002F00F071209E75D42EA03721B0935
:1007B0007754491C52EA0307F3D102780023120749
:1007C00004D5702D06D009B1022311342246F0BCA5
:1007D00000F068BB01231034F8E770B504460D46FD
:1007E00021461068FFF7B6FE024629462046BDE8BE
:1007F00070400023C6E7D21D22F00703D3E900238F
:10080000C0E70368126843F0200303600823C36154
:100810000023B7E740E500002DE9F05F8946044674
:100820004FF0000ADFF874B1FB44C0F820A0204666
:10083000E1688847002874D0252806D0D4E9012132
:100840009047206A401C2062F1E700265F46204660
:10085000E16888472028054607DB312D05D2781945
:1008600010F8200C08B10643F1E7B00701D526F0D7
:100870000406C4F81CA00027C4F818A02A2D09D02B
:1008800028460EF0CFF938B304EB8708303DC8F89E
:10089000185019E059F8041B204604EB87029161B7
:1008A000E1688847012F054618D1E069002820DA61
:1008B00026F020061DE0D8F8180000EB800005EBBC
:1008C00040003038C8F818002046E16888470546DF
:1008D0000EF0A8F90028EED1012F0AD02E2D08D154
:1008E0002046E16888477F1C0546022F46F0200617
:1008F000C4DBA069002803DA404246F00106A0618B
:10090000F00701D026F010066C2D0BD0682D09D011
:100910004C2D39D06A2D35D0742D35D07A2D33D069
:1009200016E038E0E1682F4620468847B842054681
:1009300009D16C2F26D04FF48060E1680643204631
:100940008847054604E06C2F1AD04FF480700643A8
:100950000DB3A5F14100192802D8203546F40066F0
:100960004A462946204626604E46FFF785FC80B160
:1009700001280BD0F61D26F0070000F1080956E704
:100980004020E4E78020D8E70020D6E706F10409FC
:100990004DE7284652E7206ABDE8F09FD0E400000A
:1009A00010B5044603E00EF044F9401C09D014F8D9
:1009B000010B05490028F6D1BDE810400A200EF0D1
:1009C00038B94FF0FF3010BDCC0000200B46014677
:1009D000184600F087BB40EA010310B59B070FD112
:1009E000042A0DD310C808C9121F9C42F8D020BA9F
:1009F00019BA884201D9012010BD4FF0FF3010BD57
:100A00001AB1D30703D0521C07E0002010BD10F824
:100A1000013B11F8014B1B1B07D110F8013B11F8EA
:100A2000014B1B1B01D1921EF1D1184610BD10B510
:100A3000431C02E010F8011B71B18107FAD14FF09D
:100A4000013202C88C1A8C4314EAC211F9D0C01AC0
:100A50000A0603D0C01E10BDC01A10BD0A0401D082
:100A6000801E10BD0902FCD0401E10BD032A40F2BA
:100A7000308010F0030C00F0158011F8013BBCF140
:100A8000020F624498BF11F801CB00F8013B38BF58
:100A900011F8013BA2F1040298BF00F801CB38BF66
:100AA00000F8013B11F0030300F04083083AC0F066
:100AB000088051F8043B083A51F804CBA0E808102C
:100AC000F5E7121D5CBF51F8043B40F8043BAFF35F
:100AD0000080D20724BF11F8013B11F801CB48BFB9
:100AE00011F8012B24BF00F8013B00F801CB48BFEF
:100AF00000F8012B7047431A28BF9A427FF6B6AF21
:100B000010441144032A40F2268010F0030F1EBF48
:100B100011F8013D521E00F8013D10F0030F7FF463
:100B2000F6AF11F0030300F03B80083AC0F00B80F1
:100B300051F8043D083A51F804CD40F8043D40F81E
:100B400004CDFFF7F3BF121D5CBF51F8043D40F820
:100B5000043DAFF30080D20724BF11F8013D11F826
:100B600001CD48BF11F8012C24BF00F8013D00F869
:100B700001CD48BF00F8012C7047431A28BF9A42A4
:100B800040F2D4821044114410F0030F1EBF11F83C
:100B9000013D521E00F8013D10F0030F7FF4F6AF47
:100BA000103AC0F00A8010B531E9185020E9185009
:100BB000103ABFF4F9AFBDE81040530724BF31E944
:100BC000081020E9081044BF51F8043D40F8043DE6
:100BD00012F0030F08BF7047D20728BF31F8023D5B
:100BE00048BF11F8012C28BF20F8023D48BF00F88B
:100BF000012C70474FF000020429C0F0128010F061
:100C0000030C00F01B80CCF1040CBCF1020F18BFE8
:100C100000F8012BA8BF20F8022BA1EB0C0100F07B
:100C20000DB85FEAC17C24BF00F8012B00F8012B4E
:100C300048BF00F8012B70474FF0000200B5134683
:100C400094469646203922BFA0E80C50A0E80C50EC
:100C5000B1F12001BFF4F7AF090728BFA0E80C509D
:100C600048BF0CC05DF804EB890028BF40F8042B96
:100C700008BF704748BF20F8022B11F0804F18BF03
:100C800000F8012B7047000030B44FF0013C50F8E1
:100C9000042B51F8043BCCFA52F4D51A20D1FCB9FC
:100CA00050F8042B51F8043BCCFA52F4D51A17D162
:100CB000B4B950F8042B51F8043BCCFA52F4D51ACD
:100CC0000ED16CB950F8042B51F8043BCCFA52F415
:100CD000D51A05D1002CDAD030BC4FF00000704797
:100CE00029BAB1FA81F111F01801D1F12000844044
:100CF000F2D1CA40CB4012F0FF0213F0FF0330BC28
:100D0000D01A7047704770477047000008487CB59C
:100D10007844009007487844009C0546019004E020
:100D20002046016808448047241DAC42F8D17CBDB0
:100D30000CF000001AF00000004870477401002019
:100D400070B5064600F038FA056806F10B0020F091
:100D50000704B4429CBF002070BD2B466A68BAB13C
:100D60001068A04210D304F1080188423CBF5068CB
:100D7000586007D35168101941601168091B016060
:100D800058601460101D70BD13465268002AE7D1E8
:100D90002146284600F01CFA0028DED170BD70B54F
:100DA0000446051F00F008FA0068002C14BF4468D0
:100DB00070BD002C18BFAC423CBF20466468F8D31D
:100DC00001680A18AA4218BF456003D12A6805467F
:100DD0001144016028684119A1421CBF6C6070BDBC
:100DE0006168696021680844286070BD2DE9F0479A
:100DF00091460C46804600F0DFF90768604234EA0D
:100E0000000001D1042C02D20520BDE8F087601E4D
:100E100040F0070609F10B0020F007054D4539D9D0
:100E20003B467A6882B31468101D404206EA000C03
:100E3000644525D9A4EB0C00854221D8BCF1000FF4
:100E40000BD0104601686244A1EB0C0111604168AF
:100E50005160C0F800C058600346116805F10800F1
:100E6000814205D35019491B016015605860034643
:100E700052F8040F58600020C8F80020BDE8F08741
:100E800013465268002ACED12946384600F0A0F910
:100E90000028C5D10620BDE8F0870B46014618465C
:100EA00000F090B82DE9F0470D4699469246044669
:100EB00000F124080168880604D5E06921F01001DA
:100EC000216000E00120A84201DD471B00E000276F
:100ED000A1697A1902EB0900081AA0612078C006FE
:100EE00002D42046FFF706FB002608E0D4E90121E2
:100EF0001AF806009047206A401C761C20624E4576
:100F0000F4DB2078C0060AD52046FFF7F3FA06E0A6
:100F1000D4E9012130209047206A401C2062381E0D
:100F2000A7F10107F4DC07E0D4E9012118F8050076
:100F30009047206A401C2062281EA5F10105F3DCC1
:100F40002046FFF7EDFA2078000602D50220BDE822
:100F5000F0870120FBE7000001694A1C0261087864
:100F6000704700B58FB0CDE90131002105910549E9
:100F70007944CDE9031011466846FFF74DFC0FB0E8
:100F800000BD0000E5FFFFFFD1E900239A4202D235
:100F9000531C0B601070704710B5436913B1AFF369
:100FA000008001E0FFF7DFFA012010BD127800F1A8
:100FB00024010A7000224A700122EDE711684FF007
:100FC000FF32E9E7074B70B50D467B44FFF7C9FFD9
:100FD0000446284600F0E1FB10B14FF0FF3070BD31
:100FE000204670BD65DC000010B5436913B1AFF356
:100FF000008001E0FFF730FB012010BD128800F1F6
:10100000240182840022C2840122EDE711684FF09E
:10101000FF32E9E72DE9F05F93460F46804604462C
:101020000026FFF789FED0F80090824614F8015B95
:101030002DB100F0B9F80068405DC007F6D12B2D46
:1010400002D02D2D1AD0641E0021CAF800105A4675
:101050003946204600F052FB014627B13868A042CD
:1010600001D1C7F80080DAF80000022809D0CAF8D8
:101070000090700505D54842BDE8F09F46F48066B3
:10108000E2E70846F8E72DE9F04116460C4605462A
:1010900000F08AF8036893F80101012807D0FF2CBB
:1010A00012D8185D80B101202C70BDE8F081D3F812
:1010B00007013246214603F20713C7182846BC46EB
:1010C000BDE8F041002360474FF0FF30EDE710B579
:1010D000002000F02BFDFFF733F9BDE810400120A0
:1010E00000F056B82DE9F041074615460E4610208F
:1010F000FFF726FE040013D06760C4E902650948C3
:10110000AFF3008000F05CF80168216006490460DC
:10111000002008600348AFF300800020BDE8F081A4
:101120000120FBE7100000200C00002010B5203A41
:10113000C0F00B80B1E81850A0E81850B1E8185082
:10114000A0E81850203ABFF4F5AF5FEA027C24BF54
:10115000B1E81850A0E8185044BF18C918C0BDE83D
:1011600010405FEA827C24BF51F8043B40F8043B06
:1011700008BF7047D20728BF31F8023B48BF11F8BB
:10118000012B28BF20F8023B48BF00F8012B704715
:1011900001491820ABBEFEE7260002000048704758
:1011A000740100200020704710B500F0EDFC001D18
:1011B00010BD00BF9DDA0000004870477C01002090
:1011C00000487047AC010020704770477047704777
:1011D00038B504460A4600206946AFF3008000286F
:1011E00008BF38BD02460099204600F0D1FC01201E
:1011F00038BD012001F0DDB8F8B5AFF30080054639
:1012000000200C460C2000BF0646A819A0420DD9AC
:10121000324669460020AFF30080070008BF01F0A6
:10122000C8F80098A04218BF0546C419FFF7C4FFCC
:1012300005600746F01D20F007004619284600F01B
:101240000AF8B44208BFF8BDA21B31463868BDE8B1
:10125000F84000F09DBC00210160416070470C2007
:1012600070472DE9FF4F0C461E464FF0FF378BB0FD
:10127000D2E90001DDF860800A908A46C1F30A5580
:1012800005B93D46002108464FF00000BAF1000FB5
:1012900000F4400005DA00EB80004FF4400101EA61
:1012A00050004FEA9059B9F1010F00DDB9460A9894
:1012B00050EA4A000ED044F61050A5F2FF354543DF
:1012C0002F14B8F1000F1ED07542291E1EDDC9F182
:1012D00000021CE0B8F1010F4FF0000001D03021F6
:1012E00003E0F24305E02154401CB042FBDB3046F2
:1012F0000022002121540B99C1F80880C1E9002087
:101300000FB0BDE8F08FBD1B6D1CDEE74A4600DA6A
:10131000694206A800F068FE06AB93E8070003AB3D
:1013200083E8070050460A990DF089F88DE8070018
:10133000A0F500501F3800900398002D0ADD42F2FE
:101340001F014A460844002303A9039068460DF094
:10135000F3FA09E0A0F500504A461F38002303A91C
:10136000039068460DF0FDFA8DE807000004000CBC
:1013700003D04FF0FF30410800E01046B8F1000FF5
:1013800003D00022009215461EE0751E05D400F021
:1013900019FC303262556D1EF9D5B346012208435F
:1013A00002D000227F1C04E02078302801D10022E6
:1013B0007F1E002A099784D01DE0112D07DA00F066
:1013C00001FC303262556D1C50EA0102F5D1084330
:1013D00002D00098C8B10EE00021681E05E0235C31
:1013E000625C63542254401E491C8142F7DBAB46C9
:1013F000A81B401E0990002004F80B000B98099AC6
:10140000C0F80880C0E9002B7AE711264FF00008E9
:1014100057E72DE9F04F88460446D21D22F0070118
:1014200091B0D1E90001CDE90A010DF0E3FB0246DC
:101430000B98C00F01D02D2007E02068810701D54F
:101440002B2002E0202101EAC000032A099001D0EC
:10145000072A05DB03464146204600F077FD0BE1F5
:101460002078800601D5E06900E00620B8F1650F1C
:10147000814606D0B8F1660F18D0B8F1670F70D169
:1014800031E00020B9F1110F009001DB112301E0E0
:1014900009F101030AAA01A90CA8FFF7E2FEDDE9A0
:1014A0000C70002609F10105834647E001204B46F8
:1014B00000904FF000470AAA01A90CA8FFF7D1FE3F
:1014C000DDE90DB00C995D46002610B909F1010067
:1014D0000D18B9EB050003D4C0F1FF3609F1010581
:1014E000A5EB09002BE0B9F1010F01DA4FF001097A
:1014F0000020B9F1110F0090484601DD112300E0F2
:1015000003460AAA01A90CA8FFF7ABFEDDE90C709F
:101510004D4600268346207800070AD4AB4500DA02
:101520005D4601A8012D04DD411911F8011C302987
:1015300007D04F4502DA17F1040F04DA0120824682
:101540000FE06D1EEEE7002F02DCED1B3E4403E0D2
:10155000781CA84200DD7D1CB81B00F1010A4FF089
:1015600000472078000703D4AA4501DB4FF0FF3A7B
:101570000021B7F1004F0DF143088DF8431024D03E
:1015800002202B23002F01DA7F422D230A21021E85
:10159000A0F1010000DC5FB197FBF1FC97FBF1F2D9
:1015A00001FB1C7C17460CF1300C08F801CDEEE76E
:1015B000A8F1010003702188090501D5452100E04B
:1015C0006521A0F1010800F8011C09980FA9A1EB01
:1015D0000807FF1D00B10120411901EBEA70A16964
:1015E0003844081A401EA0612078C00602D4204664
:1015F000FEF780FF099828B1D4E901219047206ABD
:10160000401C20622078C00622D52046FEF772FFDB
:101610001EE0002E04DBB34502DD01A8805D00E082
:101620003020D4E901219047206A401C2062761CBA
:10163000AAF101005FEA000A0AD100F0A5FAC06829
:101640000168405CD4E901219047206A401C206277
:10165000281EA5F10105DCDC07E0D4E9012118F81A
:10166000010B9047206A401C2062381EA7F1010739
:10167000F3DC2046FEF754FF032011B041E60000E2
:101680002DE9F0418046D21D22F007020025D2E963
:101690000002F52915A614D0011E72F1000106DA28
:1016A0000023D0EB030063EB020211A608E0D8F898
:1016B00000108B0701D50FA602E0490701D50EA641
:1016C00001251146002408F1240704E000F07AFA0D
:1016D00030323A55641C50EA0102F7D12B463246AB
:1016E00021464046BDE8F041FFF7DCBB00000000AA
:1016F0002D0000002B000000200000002DE9F05F0D
:10170000824615468B4600270AF10104B946007847
:10171000302801D09DB113E014F8010B012778287F
:1017200003D0582801D045B10AE00DB1102D07D1E2
:10173000002714F8010B102502E0082500E00A2517
:101740000026B0460EE005FB080005FB06F1012768
:101750001FFA80F801EB1046B6F5803F00D3B9467A
:1017600014F8010B294600F031FC0028EBDABBF13C
:10177000000F05D00FB1641E00E05446CBF80040C6
:10178000B9F1000F06D0FFF7D7FA02210160C81E99
:10179000BDE8F09F48EA0640FAE7007B00F08000D1
:1017A00070472DE9F05F054617460C46C86820F4DF
:1017B000201040F48000C860800602D5084600F082
:1017C0000CFDE06841F282014FF0FF3A014002292E
:1017D00003D0204600F09EFCB9E000F42041B1F5B2
:1017E000004F0FD1C00306D56168E06A884200D877
:1017F0000846606006E02069E062606060690CF0A5
:101800000BFCA061A0680022EEB200280DDAE168AE
:101810008B050AD4C043A06041F490302260E060A0
:101820006068411C61600670AAE0E0689146226031
:1018300040F40050E060206978BB60690CF0EEFB7A
:1018400004F124054FF00108A8B1A08910F4407FED
:1018500008D0E069FFF774FA206118B1E06840F43D
:10186000006017E0C4F81C802561E06820F4407037
:1018700040F480600EE0E069FFF762FA0028206122
:10188000F0D0E06840F4006010F4407FE06002D1E6
:1018900040F48070E06020696060E06825696FF066
:1018A000010BC1051ED56168E06A884200D8084670
:1018B000411B04D02246284600F036FCE8BB1FB18D
:1018C000E562C4E9015959E0681CE0626060E069C2
:1018D000401EA060E06840F48030E06030462E702A
:1018E000BDE8F09F17B100F480320AE06068411C47
:1018F00061600670E0680A2E40F48030E06006D037
:101900000022E16A6068814203D90B4602E00122AD
:10191000F7E70346B4F80CC05B1B5FEA4C5C04D4E9
:10192000D4F81CC09C4500DD02B3814200D80146BA
:10193000002BA1EB0008E56200E008E0C4E90159D2
:1019400007DD22461946284600F0EEFB08B1504656
:10195000C6E7B8F1000F09D0A169E5626560A1EBA7
:101960000800A061E06840F01000E06047B16168E5
:10197000A069E562491B08446560A0615846AFE76D
:101980003046ADE710B542485421FFF755F94148BC
:101990005421FFF751F940485421FFF74DF93F49D1
:1019A0003B483C4A3F4B08603D490A603A49196050
:1019B000531C0365481C1065012008653B48344AE8
:1019C00039A1784400F02AFC20B9384878440A3814
:1019D00000F0E8FC37482F4A35A1784400F01EFC9F
:1019E00020B9344878440A3800F0DCFC32482A4AEE
:1019F0002FA1784400F012FC20B92F4878440A380F
:101A000000F0D0FC40232248DC000021224600F0F8
:101A10005DFB20B125487844543800F0C3FC1D48D4
:101A200022464023002100F051FB20B12148784498
:101A3000543800F0B7FC184822461023002100F06B
:101A400045FB002806D01C487844BDE810405638B5
:101A500000F0A8BC10BD104870B5006D20F0010466
:101A60000B4800F053FC0B4800F050FC0A4800F013
:101A70004DFC09E0206D20F00105204600F046FCF9
:101A80002046FFF78CF92C46002CF3D170BD0000E6
:101A900078000020CC000020200100200000002061
:101AA00004000020080000207200000076D600002C
:101AB0007700000065D600003ED600002DE9F8430F
:101AC00006461548AFF30080FFF77AFB134F8146B7
:101AD000E8464D4616E026B1E068B04201D0254602
:101AE00010E0206828600C48C7F80080AFF3008041
:101AF000D4E9010188470848AFF3008039684145BF
:101B000000D04D462C68002CE5D1002038600248FA
:101B1000AFF30080BDE8F883100000200C00002027
:101B20000148FFF73FBB00001000002010B500F097
:101B300021FCBDE8104000F018BC70477546FFF767
:101B40002DFBAE4605006946534620F0070085464A
:101B500018B020B5FEF718FCBDE820404FF0000695
:101B60004FF000074FF000084FF0000BAC46ACE818
:101B7000C009ACE8C009ACE8C009ACE8C00921F074
:101B800007018D467047000000487047940100200F
:101B9000034640688C46002818BF88423CBF034675
:101BA0004068F8D318681844884207D00CF1030045
:101BB00020F00700001D411A521A0146081D0A6054
:101BC000FFF7EDB830B5B0F10A0271F100034FEA4A
:101BD000900E4EEA817EB0EB0E0061EB91014FEA70
:101BE000101E4EEA017E10EB0E0041EB11114FEA80
:101BF000102E4EEA016E10EB0E0041EB11214FEA60
:101C0000104E4EEA014E10EB0E0041EB1141401810
:101C100041F100014FEAD00040EA41704FEAD101A2
:101C20004FEA810444EA907410EB800544EB010410
:101C30006D1944EB0404521BA3414FF0000348BF4D
:101C40000A3200D530BD401C41F1000130BD00001A
:101C50002DE9F04F04460D46D21D22F0070089B051
:101C6000D0E90097484639460CF0C4FF0246F80F09
:101C700001D02D2307E02068810701D52B2302E046
:101C8000202101EAC0038DF820300BB1012000E0D3
:101C90000020032A824601D0072A04DB2946204679
:101CA00000F054F93FE12078800601D40D2500E0D2
:101CB000E569C7F30A560D2D49DA00214FEA175B93
:101CC00008464FF00000002F00F4400007DA00EB58
:101CD00080004FF4400100EBD07001EA60008115F4
:101CE000012901DD4FF0FF3100224FEA850CBCF1E4
:101CF000180F06D31346ACF118004FF08052C240C3
:101D000003E04FF4801323FA0CF30CF10C0CBCF13C
:101D1000200F04D3ACF1200C09FA0CF001E007FA13
:101D20000CF000294FF0004801DD18B90FE00ED18A
:101D300040450CD319EB02095F4121B9404502D15E
:101D40009F4329EA0209BBEB175F00D0761C20886D
:101D5000000502D57B48784402E07A487844193877
:101D600008AA302302F80A30037C0AF10101002E90
:101D70000AF1020A53546A4602DC4FF0300101E0D6
:101D80004FF031014FF001088DF8001002D0A6F29B
:101D9000FF3603E059EA470100D06B4E002D02DC0C
:101DA0002178090704D54FF002082E218DF8011083
:101DB000C44600210BE0C7F303433F01C35C491C49
:101DC0006D1E02F80830052908F1010801DA002D1E
:101DD000F1DC00210CE000EB1973491C1B786D1E2F
:101DE000082902F808304FEA091908F1010801DA58
:101DF000002DF0DC21688B0602D516E0A8F1010861
:101E0000E04505DD02EB080313F8013C302BF5D06B
:101E1000B8F1000F09DD02EB080313F8013C2E2B8B
:101E200003D1090701D4A8F10108002D05DD3E21E9
:101E300002F808106D1E08F10108407C002E02F81F
:101E4000080008F1010804DA2D20764202F80800A3
:101E500002E02B2002F808000A214FF47A70864233
:101E600008F101080BDB96FBF0F3303302F8083081
:101E700096FBF0F308F1010800FB136601E0642E05
:101E80000CDB642096FBF0F3303302F8083096FB4D
:101E9000F0F308F1010800FB136601E00A2E06DBEF
:101EA00096FBF1F0303002F8080008F1010896FBCB
:101EB000F1F001FB1060303002F80800A16908F170
:101EC000010808EB050202EB0A00081AA06120785D
:101ED000C00602D42046FEF70DFB216A08AE01EBD6
:101EE0000A00206204E0D4E9012116F8010B9047B2
:101EF000BAF1010AF7D22078C00602D52046FEF7D3
:101F0000F9FA6E4609E016F8010B3E280FD0D4E925
:101F100001219047206A401C2062B8F10108F2D2EA
:101F20002046FEF7FDFA09B00320BDE8F08F206AD5
:101F30002844206203E0D4E90121302090476D1E3F
:101F4000EBD3F8E7C6CF000002FCFFFF2DE9F0411C
:101F50001F46044603260168072A01F4006004DBDB
:101F600008B116A505E016A503E008B115A500E027
:101F700015A521F010002060A069C01EA0610FB15E
:101F8000401EA0612046FEF7B5FA4FB1D4E9012109
:101F900038469047206A401C2062C01C206206E040
:101FA000206AFAE7D4E9012115F8010B9047761E63
:101FB000F8D22046FEF7B4FABDE8F0814E414E005B
:101FC0006E616E00494E4600696E66003A2800D286
:101FD000303820F02002412A01D3A2F13700884294
:101FE00001D34FF0FF3070472DE9F0478146164688
:101FF0008AB0354878440DC88DE80D0032487844E1
:10200000801C03AC0DC884E80D0041F69B300844E9
:10201000372190FBF1F290FBF1F5A5F1800501FB72
:1020200012041B3C02D56442012000E00020DFF8CE
:1020300098A080460027FA44AAF1BE0A0EE0E00705
:102040000AD03246684607EB470101230AEB8101BB
:102050000CF087FC8DE8070064107F1C002CEED18B
:10206000194F7F44AE3F19E0E80715D007EB041085
:102070000DF1180A90E80E008AE80E00C068F042E0
:1020800001D1981908903246012306A903A80CF043
:1020900068FC03AB83E807006D10641C002DE3D1DE
:1020A0004FF0010332466946B8F1000F03A802D091
:1020B0000CF042FC01E00CF054FCC9E90001C9F845
:1020C00008200AB0BDE8F087B8CD000070B5C4683C
:1020D000A50713D0650211D4B2F5807F09D0B2F5FF
:1020E000007F06D0B2F5806F08D1012300F12401F2
:1020F00006E05D1E6FF07F46B54201D3012070BD42
:102100000161C361416024F470611143C16000202A
:1021100070BD0000C16821F4001141F08001C16070
:1021200000218160016070472DE9F74F15460C468C
:102130004FF0FF3B3848D768D2F814A0074209D0C7
:102140005046A9690BF0A2FF002819DB3248C043B2
:102150000740EF604FF000496FF000484C4501D355
:10216000464600E0264600993B46504632460BF074
:1021700091FFA96920F00042B21A1144A96128B167
:102180002846FFF7C7FF5846BDE8FE8FA41BE5D1E0
:102190000020F9E770B504460569C06A61688842A5
:1021A00000D80846E16821F42011E160C90312D586
:1021B000A84208D02246411B2846FFF7B5FF10B1C0
:1021C0004FF0FF3070BD0020E562C4E90150E068C7
:1021D00020F48030E060002070BD10B50446C06877
:1021E00020F02000E060A16AA06988420DD020465E
:1021F000FFF7D0FFE06820F4405040F01000E060AE
:10220000A06AA0612069E062606044F24001E06879
:102210008843E06010BD0000100002002DE9F0418D
:102220000C461646070047D0104600F06FF820789D
:10223000611C61280AD0722802D077283CD102E0C4
:102240000125002405E00225042402E0082448F2C8
:10225000020511F8010B2B2806D0622809D011F8CD
:10226000010C74280AD00BE045F0030544F0020489
:10227000EFE745F0040544F00104EAE744F01004F8
:10228000384621460BF0D2FE411C15D000213161A9
:1022900071604FF40071F560F1617061200704D541
:1022A00030460222002100F08BF8306D40F0010032
:1022B00030653046BDE8F0810020FBE72DE9F041B4
:1022C0000D460646104C206DC10704D0410804D0CD
:1022D00020F00104F7E722460EE05420FEF730FD1F
:1022E00007000ED0206D47F00101084354212065FE
:1022F0003846FEF7A1FC3A4629463046BDE8F04193
:102300008CE70020D6E70000780000202DE9F04798
:1023100004464FF0FF380026C568D4E90497A807A3
:1023200018D02046FFF736FF38460BF06BFE00282A
:1023300000DA4646280502D54846FEF730FD4C2116
:102340002046FEF779FC206D20F001002065304624
:10235000BDE8F0874046FBE710B50446AFF30080C8
:102360002046BDE81040FDF7FBBF002801D0FEF776
:102370000FBF704710B5002102A000F09DF80120AA
:1023800010BD0000534947414252543A2041626E09
:102390006F726D616C207465726D696E6174696FC6
:1023A0006E00000010B500F0A1F8BDE81040FFF786
:1023B000DCBF10B500F0B4F8BDE81040FFF7D5BFA2
:1023C0002DE9F041044616460D464769007B80071B
:1023D0002ED038460BF022FE50BB3EB3012E02D069
:1023E000022E25D104E0204600F0C9F805441DE086
:1023F00038460BF011FEE168002841F01001E16061
:1024000005DA2046FFF786FE0120BDE8F081C9030A
:102410000BD56268E16A914200D81146A269114465
:102420002269891A814200DD08460544002D01DA3F
:102430000220EAE7E16A6068E268814206D291031D
:10244000E06203D522F4003141F01002A6690027B2
:10245000AE4213DCE16A814201D90B4600E003463B
:1024600003EB060C2369ACEB030CAC4506DD8142A3
:1024700001D98C4600E084469C4505D1A7602760C1
:1024800042F02000A5620DE0AD1BE669AE1B814263
:10249000A66000D90846C01A281A20605819606042
:1024A00022F0200003490840E060002084F84870D2
:1024B000ABE70000BFCFD7FF70B505460C460A203A
:1024C00000E06D1C00F054F835B128780028F8D1F0
:1024D00002E0641C00F04CF814B120780028F8D118
:1024E000BDE870400A2000F043B8000010B5014676
:1024F00002A0FFF7E1FF012010BD00005349475241
:10250000545245443A2052656469726563743A20B6
:1025100063616E2774206F70656E3A2000000000C2
:1025200010B5012805D0002103A0FFF7C5FF012049
:1025300010BD09A1F8E7000053494752544D454DDD
:102540003A204F7574206F662068656170206D6554
:102550006D6F7279000000003A2048656170206D4F
:10256000656D6F727920636F727275707465640047
:1025700008B569468DF800000320ABBE08BD10B554
:102580000146C268900703D0900607D5886A0AE022
:10259000FEF7D2FB01210160881E10BD8B694868DF
:1025A00018440B69C01A91F848301BB191F84910D2
:1025B000401A10BD1103FCD50028FADD401E10BDE5
:1025C000FEE7000042F65410C2F2000000F088BAA4
:1025D00070470000EFF3108072B600BFFEE7000006
:1025E00040F25800C2F20000027F02F0FD01012912
:1025F00042F20001C4F2020106D002F0FE02022AF9
:1026000016D00021017770470B6823F400730B602C
:102610000B6843F400630B600B6823F400630B60EA
:102620000B6843F400730B6002F0FE02022AE8D14B
:102630000A6842F480520A600A6822F480520A60F2
:102640000A6842F480620A60002101777047000046
:1026500070B542F210060446C4F2020600F084FF90
:10266000054600BF3068C00306D500F07DFF401B63
:10267000A042F7D9032070BD30684CF2FA31014016
:102680000AD040F25800C2F2000042680A43426099
:102690000120316070BD00BF3068C0074FF00000FE
:1026A00008BF70BD0121316070BD0000CB0704BFC1
:1026B0000120704710B54FF68073C7F6FF7311EA1B
:1026C000030C4FEAF20418BF4FF0010C032C0AD898
:1026D00040F2000EC7F6FF7EDFE804F01502081096
:1026E00011EA0E030FD0012010BD00BF0EF57F438D
:1026F0000B401CBF012010BD05E000BFBCF1000F66
:102700001CBF012010BD00684161816821F01801E3
:1027100011438160002010BD2DE9F0418046022068
:1027200088F81D00D8F80000D8F820608568012ED0
:1027300045F00105856047D0022E37D0032E4FD1DA
:10274000002A00F0A08002F0030C95084FF0000270
:1027500011D0A1F11006A2EB850500BF56F8104F6D
:10276000043A0460746895420460B4680460F468D4
:102770000460F3D15242BCF1000F00F0848051F8A4
:102780002230BCF1010F036000F07D8001EB82017B
:102790004A68BCF1020F026075D089680160006868
:1027A000012188F81D10BDE8F08100BF5FEA520CDE
:1027B0001CD0ACF10103032B0CF0030E1AD2002540
:1027C000BEF1000F41D158E0960811D0751E032DBF
:1027D00006F0030C5ED20026BCF1000F7BD18CE02A
:1027E0000020012188F81D10BDE8F081002646E098
:1027F000002684E06FF0030303EA520301F10E04A4
:102800005E42002534F80E3C34F80C7C043D47EA67
:102810000343036034F80A3C34F8087CAE4247EACC
:102820000343036034F8063C34F8047C47EA03436E
:10283000036034F8023C34F8107B47EA034303603A
:10284000E0D16D42BEF1000F17D001EB850431F8E5
:1028500025306588BEF1010F45EA034303600CD0C3
:10286000A388E588BEF1020F45EA0343036004D064
:102870002389678947EA034303604FEA8C06D2073E
:102880001CBF895B01800068012188F81D10BDE82C
:10289000F08100BF6FF0030505EA920501F10F0614
:1028A0006C42002556F80F3C043D1BBA036056F8F5
:1028B0000B3CAC421BBA036056F8073C1BBA0360E2
:1028C00056F8033C06F110061BBA0360EAD16E42CB
:1028D000BCF1000F11D051F82630BCF1010F1BBA2A
:1028E00003600AD001EB86067368BCF1020F1BBAC5
:1028F000036002D0B3681BBA036022F0030602F043
:102900000302DFE802F01503050D00BF895D0EE04C
:102910008A19895D527842EA0121018008E000BFEE
:102920008A19895D537843EA012101809178017009
:10293000D8F800000068012188F81D10BDE8F0817A
:10294000002804BF0120704710B50446407F20B91D
:1029500000202077204600F031F8022060772079AF
:1029600050B1D4E902122046FFF7A0FE00281CBF98
:10297000012010BD0AE000BF206841F6B751C0F247
:10298000C1414161816821F01801816060790028AE
:1029900014BF20694FF0FF302168D4E90523086196
:1029A000886820F0600010438860886820F080000C
:1029B0001843886001206077002010BD006843F252
:1029C0000001C4F20201884218BF704781B041F291
:1029D0004800C4F20200016841F4805101600068BF
:1029E00000F480500090009801B07047014690F8C4
:1029F0002500022828D180B50868D1E910CE8A6C5C
:102A0000036823F00E030360136823F480731360DC
:102A1000026822F0010202600EF01F00012202FA99
:102A200000F0CCF80400D1E913205060486D30B1BB
:102A3000026822F480720260D1E91602426000202E
:102A4000BDE8804003E000BF0420C86301200122EC
:102A500081F82520002281F82420704790F8251065
:102A6000022931D180B50168D0E910CE826C0B68A3
:102A700023F00E030B600B6823F001030B60116859
:102A800021F4807111600EF01F02012101FA02F29F
:102A9000CCF80420D0E913325A60426D32B1136889
:102AA00023F480731360D0E91623536080F8251057
:102AB000826B002180F824100AB190470021BDE804
:102AC00080400846704700BF0421C16301210022F5
:102AD00080F8251080F8242008467047C06B7047A6
:102AE000B0B5D0E910C30268DCF8001003F01F0392
:102AF0000424D2F800E09C400C4218BF1EF00405EC
:102B000020D102249C400C4218BF1EF0020529D19E
:102B1000D940090714D51EF0080108BFB0BD1168DF
:102B200021F00E011160012101FA03F2CCF804201A
:102B3000C16380F82510416B002280F8242069B918
:102B4000B0BD00BF1168890603D4116821F00401EB
:102B50001160CCF80440016B0029F1D0BDE8B04011
:102B6000084700BF1168890606D4116821F00A01E0
:102B70001160012180F82510CCF80440C16A0022C0
:102B8000002980F82420E9D1DAE7000000284FF07E
:102B9000010100F085802DE9F04740F2000CC4F2FD
:102BA000020C03684FF6F8320CF5816ECBF6FD721D
:102BB000734538BF02F580624CF6CD441A44CCF61A
:102BC000CC44A2FB042903F0FC02A2F10802A2FB00
:102BD00004280CF580646FF00305D0E902A60769AC
:102BE0003CBF0024C4F2020405EA9905C0E910457F
:102BF000022480F825401C6847F6F07224EA02029D
:102C0000324346693A4387693243C6693A43076AA1
:102C100032433A4342EA0A021A600CF502627345F3
:102C200038BF0CF50062AB180CF50862C264C8F33B
:102C3000041201FA02F540F68401BAF5804FC4F29D
:102C400002018364056505D1002242601A600D60AF
:102C500018E000BF4268D4B2013A032A4FF00002E4
:102C60001C600D600ED8631E01EB830747F87C2FB4
:102C700003F01F0201239340C1F8C030BC313A4633
:102C800002E000BF00210023C0E91521002101223C
:102C9000C365C16380F8252080F82410BDE8F047A3
:102CA0000846704790F824C0BCF1010F47D04FF0A0
:102CB000010C80F824C090F825C0BCF1010F3BD175
:102CC0002DE9F0414FF0020C80F825C04FF0000CC8
:102CD000C0F83CC0D0F800C000F14C0E9EE8304077
:102CE000DCF80060BEF1000F26F00106CCF80060B1
:102CF00065601CBFD0E916456560D0E91056012714
:102D000006F01F06846807FA06F6D0F830806E6079
:102D1000CCF804300B46102C04BF13460A46CCF8FE
:102D20000830CCF80C20DCF80010B8F1000F09D006
:102D300041F00E010EE000BF002180F824100220B7
:102D4000704700BF21F00401CCF80010DCF800103F
:102D500041F00A01CCF80010806C0168C90303D56A
:102D6000016841F480710160BEF1000F05D0DEF80A
:102D7000000040F48070CEF80000DCF8000040F065
:102D80000100CCF800000020BDE8F08180B541F2E0
:102D90002800C4F202004FF0FF31002201610261FD
:102DA0008161826101600260416042608160826095
:102DB00000F05EFC002080BDB0B5044600F0D4FBFE
:102DC000054640F21400C2F200004068611C18BFC2
:102DD000044400BF00F0C8FB401BA042FAD3B0BDC2
:102DE0002DE9F04740F25809C2F2000999F8002095
:102DF000012A04BF0220BDE8F0870546012089F8BA
:102E000000004FF47A708846FFF722FC20B10021C1
:102E100089F80010BDE8F08742F214070020C4F2E0
:102E20000207C9F8040057F8140C57F8141C490598
:102E30004CD4C0F3402089F81C002868012856D0E3
:102E40004FF0FF30C8F80000D5E90240204484422A
:102E500034D2E60040F2FA3A6868F968490203D4CD
:102E6000386820F4006006E0C00739680CBF41F400
:102E7000006021F400603860386806F4FF6120F4D7
:102E80007E7008433860386840F002003860386867
:102E900040F4803038604FF47A70FFF7D9FB39681E
:102EA000002821EA0A01396040F07E80D5E902015C
:102EB00001340844844206F10806CDD3002099F875
:102EC0001C1001F0FD02012A38D04FE057F8141C05
:102ED00010F400704FF0030021F4806108BF02205D
:102EE00047F8141C89F81C0028680128A8D16868D4
:102EF000F968490202D448F2040009E0C10703D08E
:102F0000396841F004013960800704D54FF400406E
:102F1000396808433860386840F4803038604FF4CE
:102F20007A70FFF795FB396848F2040291433960E3
:102F300099F81C1001F0FD02012A17D157F8142C42
:102F400022F4007247F8142C57F8142C42F4006253
:102F500047F8142C57F8142C22F4006247F8142C6C
:102F600057F8142C42F4007247F8142C01F0FE01BB
:102F7000022911D157F8141C41F4805147F8141C50
:102F800057F8141C21F4805147F8141C57F8141CEE
:102F900041F4806147F8141C002189F81C100021BD
:102FA00089F80010BDE8F087C8F8004099F81C10B7
:102FB00001F0FD02012AC1D0D8E7000040F2580C10
:102FC000C2F2000C9CF80020012A04BF02207047C6
:102FD00042F20002C4F20202536A916A8B426ED935
:102FE000516C936C99426AD9116821F48071116017
:102FF000116889050BD5116821F400711160116801
:1030000041F400611160116821F4006111601168E0
:1030100049050BD5116821F480611160116841F4F4
:1030200080511160116821F480511160D16A01F062
:103030007F03C1F306418B4204D8D16A21F07F118E
:103040007F31D162116B01F07F03C1F306418B42E6
:1030500004D8116B21F07F117F311163D16C01F025
:103060007F03C1F306418B4204D8D16C21F07F115C
:103070007F31D164116D01F07F03C1F306418B42B2
:1030800004D8116D21F07F117F311165116A21F48F
:10309000800108431062506940F40030506140F2F2
:1030A0001C00C2F200000068B0F5FA5F0CD2506953
:1030B00020F400305061506940F000605061002001
:1030C0008CF800000120704744F6D351C1F2620130
:1030D000A0FB0101480A4FF47A714843C0F1040093
:1030E0001169C90344BF11695FEAC131DFD51169B4
:1030F000C90344BF11695FEAC131D8D5002800F186
:103100000400EDD1D3E7000042F21400C4F2020043
:10311000016841F0004101600068C043C00F704782
:10312000B0B542F21005C4F20205686840F00060D4
:10313000686000F019FA04462868C00308D500F05A
:1031400013FA001BB0F57A7FF6D90320B0BD00BF9B
:1031500028684CF2FA3101400AD040F25800C2F21D
:10316000000042680A43426001202960B0BD00BFF0
:103170002868C0074FF0000008BFB0BD01212960DA
:10318000B0BD000042F20C00C4F2020081684900A8
:103190005CBF0020704742F63B21C0F61901016078
:1031A00046F67F61C4F65D4101608068C0F38070BF
:1031B000704700002DE9F04740F25809C2F20009BB
:1031C00099F80070012F04BF0220BDE8F087054682
:1031D00042F21006012098468A461746C4F20206BB
:1031E00089F8000000F0C0F9044600BF3068C00351
:1031F0000CD500F0B9F9001BB0F57A7FF6D90320A1
:10320000002189F80010BDE8F08700BF30684CF25B
:10321000FA3108400CD0D9F804100143C9F8041061
:1032200030600120002189F80010BDE8F08700BF60
:1032300030680021C0071CBF01203060C9F80410AD
:1032400056F8100C4005284606D556F8101C21F4F7
:10325000806146F8101C0221002889F81C1041D01A
:1032600002284DD87168A7F1400341F480217160B4
:10327000EFF31081EFF3108272B6AAF140024027FB
:1032800053F8405F103F42F8405F5D683C06556070
:103290009D689560DD68D5601D6915615D69556142
:1032A0009D699561DD69D5611D6A15625D6A55622A
:1032B0009D6A9562DD6AD5621D6B15635D6B556312
:1032C0009D6B9563DD6BD563DAD1871E18BF01272F
:1032D00081F310886FF48028022818BF4FF0FF3860
:1032E00011E000BF706840F001007060CAF8007023
:1032F000BFF36F8FCAF804806FF00108002702E067
:103300004FF0FF38012700F02FF904463068C00362
:1033100008D500F029F9001BB0F57A7FF6D9032013
:1033200013E000BF30684CF2FA31014006D0D9F802
:1033300004000843C9F80400012005E03068C00714
:103340004FF0000001D00121316004461FB97068C0
:1033500000EA08007060FFF743F92046002189F871
:103360000010BDE8F087000042F20800C4F202003D
:10337000C168B1F1FF3FC4BF0020704740F2231184
:10338000C4F26751016048F6AB11CCF6EF51016011
:10339000C068C00F704700002DE9F04F83B00E6881
:1033A000002E00F0CF8000F1200241F2004C00928C
:1033B00000F13847C4F6000C06224FEAB7256045F5
:1033C00008BF0522052D38BF4FEAB7220025002788
:1033D0004FF0000801920AE00E6808F1010836FA81
:1033E00008F207F1020705F1040500F0AB800122A5
:1033F00002FA08FE16EA0E09EED0D1F804C0032244
:103400000CF0030BABF1010602FA07F4012E6FEA90
:10341000040A11D88468CE6804EA0A04BE40344322
:103420008460446824EA0E06CCF3001404FA08F41D
:103430002643466006E000BFBBF1030F02D14FF008
:10344000030B21E0C6688C6806EA0A06BC402643E6
:10345000BBF1020FC66017D16FF00302009B02EAB6
:10346000580605F01C020F2453F806C004FA02FEA9
:103470000C692CEA0E0C04FA02F242EA0C029A5190
:10348000D1F804C00CF0030B02680BFA07F302EA50
:103490000A021A431CF4403F02609DD041F26003CF
:1034A000C4F202031A6840F2004E42F001021A60B0
:1034B0001A68C4F2010E02F001020292029A28F088
:1034C00003024FF6084C7244CFF6FF7C52F80C30E2
:1034D00005F00C060F24B440A343019C04FA06F641
:1034E000334342F80C30DEF808204B6842EA090604
:1034F00040F20C4CDC0258BF22EA0906CEF8086004
:10350000C4F2010CDCF800209C0242EA090658BF14
:1035100022EA0906CCF80060DEF804209C0342EAA7
:10352000090658BF22EA0906CEF80460DEF800203A
:10353000DB0342EA090658BF22EA0906CEF800601A
:103540004AE700BF03B0BDE8F08F0000426902EA1D
:103550000103914341EA0341816170471823002A26
:1035600008BF2823C150704742F6AC30C2F20000B9
:1035700000687047002804BF01207047B0B50446BA
:103580000068D4E901124CF6CC43036045F2555370
:10359000036041608260FFF7E7FF2168CA68520755
:1035A00010D0054603E000BFC86840070AD0FFF707
:1035B000DBFF401B21683228F6D3C8684007F3D0F0
:1035C0000320B0BD0A69E068824206BF4AF6AA201D
:1035D000086008610020B0BD01684AF6AA220020F8
:1035E0000A60704740F2140042F6AC31C2F20000AB
:1035F000C2F2000140680A68104408607047000089
:1036000080B5032000F08EF80F2000F009F80028A4
:103610001CBF012080BD00F02DF8002080BD0000FF
:10362000B0B540F21405C2F200056968F1B1044674
:1036300040F21C00C2F200004FF47A720068B2FB44
:10364000F1F1B0FBF1F000F0D3FE01460F2C4FF08A
:1036500001000AD8002918BFB0BD4FF0FF30214645
:10366000002200F033F800202C60B0BD0120B0BD76
:103670007047000082B041F25800C4F20200816835
:1036800041F001018160816801F00101019101991E
:10369000016841F080510160006800F080500090A6
:1036A000009802B000F0D6B8002848BF704700F07C
:1036B0001F01012202FA01F11C2202EAD0004EF29F
:1036C0000012CEF2000281507047000010B54EF695
:1036D0000C5CCEF2000CDCF80030C3F3022E8EF04E
:1036E0000704042C28BF0424BEF103034FF0FF3E5F
:1036F0000EFA04F438BF0023A14399400EFA03F3F5
:103700009A43114300F00F0200F160430901043AAB
:1037100003F564436244002848BF02F10C031970AA
:1037200010BD00004EF60C51CEF200010A684FF6B3
:10373000FF031A4060F30A2242F0806040F0FD70FF
:103740000860704747F21401C4F2000151F8142CCC
:10375000B0F5007F3CD0002874D1C86E02F4C0627E
:1037600020F48070B2F5806FC8662FD151F8140C28
:10377000012262F34A2041F8140C40F21C00C2F20C
:1037800000000068322250434DF68362C4F21B32BF
:10379000A0FB0202900C00BF0A68520511D5421C22
:1037A0000FD00A6852050CD558B10A68520508D5E1
:1037B000012806D00A68520503D50228A0F10400AA
:1037C000EAD10868400544BF0320704700207047D5
:1037D000C86E02F4C06240F48070B2F5806FC866B3
:1037E000F4D151F8140C012262F34A2041F8140C70
:1037F00040F21C00C2F200000068322250434DF635
:103800008362C4F21B32A0FB0202900C0A685205CC
:1038100011D5421C0FD00A6852050CD558B10A6860
:10382000520508D5012806D00A68520503D502289A
:10383000A0F10400EAD10868400544BF03207047A6
:10384000C4E700BF022060F34A2241F8142C002094
:103850007047000047F20800C4F20000016841F41C
:1038600080410160704700002DE9F04182B00446BC
:10387000807841F288060007C4F2020602D40020D4
:103880002FE000BF56F8300C5FEAC0080BD456F8A2
:10389000300C40F0805046F8300C56F8300C00F0F8
:1038A00080500190019847F20007C4F20007386881
:1038B00040F480703860FFF757FE05463868C00551
:1038C00000F10C81FFF750FE401B0228F6D90320BF
:1038D000B8F1000F05D456F8301C21F0805146F89D
:1038E000301C2168CA0717D18A071DD44A0723D480
:1038F0000A0729D4CA062FD48A0635D44A063BD4EF
:103900000A0641D4CA0547D48A034DD48A0553D444
:103910004A0559D467E000BF3268636822F00302A9
:103920001A4332608A07E1D53268A36822F00C029C
:103930001A4332604A07DBD53268E36822F030026E
:103940001A4332600A07D5D53268236922F0C002D3
:103950001A433260CA06CFD53268636922F44072D6
:103960001A4332608A06C9D53268A36922F44062DC
:103970001A4332604A06C3D53268E36922F44052E2
:103980001A4332600A06BDD53268236A22F44042E7
:103990001A433260CA05B7D53268636A22F44032EE
:1039A0001A4332608A03B1D57269A36A22F0030216
:1039B0001A4372618A05ABD53268E36A22F4402269
:1039C0001A4332604A050ED53268236B22F4401246
:1039D0001A43B3F5801F326005D156F87C2C42F4AF
:1039E000801246F87C2C0A050ED53268636B22F4EF
:1039F00040021A43B3F5800F326005D156F87C2C93
:103A000042F4801246F87C2CCA040ED53268A36BAF
:103A100022F040721A43B3F1807F326005D156F82C
:103A20007C2C42F4801246F87C2C8A040ED5326835
:103A3000E36B22F040621A43B3F1006F326005D1AC
:103A400056F87C2C42F4801246F87C2C4A040ED5A1
:103A50003268236C22F040621A43B3F1006F326087
:103A600005D156F87C2C42F4801246F87C2C0A04CE
:103A70000ED53268636C22F040521A43B3F1805F76
:103A8000326005D156F87C2C42F4803246F87C2C0A
:103A9000CA030ED53268A36C22F040421A43B3F138
:103AA000804F326005D156F87C2C42F4803246F8C3
:103AB0007C2C49030ED57169E26C21F4401111434D
:103AC000B2F5001F716105D156F87C1C41F48011DC
:103AD00046F87C1C02B0BDE8F08100BFB06810F46D
:103AE000407010D0216D88420BD0B068B16820F4CE
:103AF000407041F48031B160B16821F48031B1602F
:103B0000B060C0070CD1B068216D20F4407008434C
:103B1000B0600020B8F1000F3FF5E3AEDBE600BF78
:103B2000FFF722FD054641F2883700BFB0688007E5
:103B3000E9D4FFF719FD401BB842F7D9C7E60000EA
:103B40002DE9F047002863D042F2000AC4F2020ACD
:103B50000446DAF800000D4600F00F0081420CD94F
:103B6000DAF8000020F00F002843CAF80000DAF865
:103B7000000000F00F00A8424AD1216841F2080875
:103B8000C807C4F2020803D1880740F1D080B5E02D
:103B9000606858F8082C022838D003283CD19201DC
:103BA00036D5D8F80420D8F8043042F20046C3F3E2
:103BB000031302F00302D8F804700133C0F2F406D4
:103BC000032A04BF41F20026C0F27A06B6FBF3F2E4
:103BD000D8F80430C7F306277A43C3F341630227BA
:103BE00007EB4303B2FBF3F24BF20043C0F2C443D2
:103BF0009A4259D9D8F8002012F0F00F49D089071D
:103C000052D5A16800294FD143E000BF910305D4EC
:103C10000120BDE8F08700BF5105F9D5D8F80010A4
:103C200001F00C0104293FD0D8F8001001F00C017C
:103C3000082939D0D8F8001001F00C010C2933D133
:103C4000D8F80410D8F8042042F20047C2F3031257
:103C500001F00301D8F804300132C0F2F40703295F
:103C600004BF41F20027C0F27A07B7FBF2F1D8F89F
:103C70000420C3F306235943C2F34162022303EB3A
:103C80004202B1FBF2F14BF20042C0F2C442914257
:103C90000AD9D8F80010082262F307114FF0010981
:103CA000C8F8001002E000BF4FF00009D8F800107B
:103CB00021F003010843C8F80000FFF755FC064651
:103CC00041F28837D8F80000616800F00C00B0EBD2
:103CD000810F07D0FFF748FC801BB842F2D90320C0
:103CE000BDE8F0872168880708D4B9F1000F1ED01D
:103CF000D8F8000020F0F00017E000BF480705D515
:103D0000D8F8000040F4E060C8F80000080706D5C5
:103D1000D8F80000072262F30D20C8F80000D8F898
:103D20000000A26820F0F0001043C8F80000DAF8A4
:103D3000000000F00F0085421BD2DAF8000020F0EE
:103D40000F002843CAF80000FFF70EFC064641F2B8
:103D5000883700BFDAF8000000F00F00A84207D053
:103D6000FFF702FC801BB842F4D90320BDE8F087BE
:103D70002168480707D5D8F80000E26820F4E06021
:103D80001043C8F80000080708D5D8F800002169DA
:103D900020F4605040EAC100C8F80000D8F80000E4
:103DA00042F20041C0F2F40100F00C000428084681
:103DB0002DD0D8F8000000F00C00082841F20020B7
:103DC000C0F27A0023D0D8F8002002F00C020C2AAE
:103DD0001CD1D8F80420D8F8043002F00302C3F351
:103DE0000313D8F804700133032A08BF0146B1FB5E
:103DF000F3F0D8F80410C7F30627C1F3416102229B
:103E0000784302EB4101B0FBF1F000E00020D8F86C
:103E100000104EF6C852C1F30311C0F60002515C07
:103E200040F21C0201F01F0120FA01F140F21400DF
:103E3000C2F200000068C2F200021160BDE8F04763
:103E4000FFF7EEBB40F21C0041F20801C2F2000095
:103E5000C4F20201006809684EF6D852C1F302218B
:103E6000C0F60002515C01F01F01C840704700001D
:103E700040F21C0041F20801C2F20000C4F202014B
:103E8000006809684EF6D852C1F3C221C0F600029C
:103E9000515C01F01F01C8407047000041F20C0165
:103EA000C4F2020151F8040C42F20042C0F2F402E2
:103EB00000F00C000428104608BF704751F8040CAD
:103EC00000F00C00082841F20020C0F27A0025D052
:103ED00051F8043C03F00C030C2B1CBF002070476E
:103EE00080B5D1F800C00B680CF0030CC3F3031EBF
:103EF0000B680EF1010EBCF1030F08BF0246096802
:103F0000B2FBFEF0C3F30623C1F341610222584322
:103F100002EB4101B0FBF1F0BDE8804070470000CA
:103F2000002804BF012070472DE9F04182B004460B
:103F3000007841F20006C007C4F202061ED12078C4
:103F400080073DD42078000764D42078400700F132
:103F500087802078800600F1D980E569002D00F087
:103F60004282B06800F00C000C2840F03181012D35
:103F700040F08E81012002B0BDE8F081B06800F011
:103F80000C01F068082961D0032281F00C0122EABB
:103F900000000844B0FA80F0400957D161683068E9
:103FA000B1F5803F07D0B1F5A02F40F0E38040F499
:103FB00080203060306840F480303060E4E000BF42
:103FC000B068F16800F00C00042871D001F0030122
:103FD00080F00C0081F002010844B0FA80F0400942
:103FE00066D1E1683068002900F0E08040F480701C
:103FF0003060FFF7B9FA05463068400500F10A81E4
:10400000FFF7B2FA401B0228F6D9032002B0BDE840
:10401000F08100BF6169D6F89400002900F0948017
:1040200040F00100C6F89400FFF79EFA054600BF75
:10403000D6F8940080073FF588AFFFF795FA401B4C
:104040000228F5D9032002B0BDE8F0813068800372
:104050007FF575AF606800287FF471AF3EE000BF68
:10406000B06D5FEAC00808D4B06D40F08050B06514
:10407000B06D00F080500190019847F20007C4F243
:1040800000073868C0052DD4386840F48070386067
:10409000FFF76AFA054600BF3868C00522D4FFF76B
:1040A00063FA401B0228F7D9032002B0BDE8F08173
:1040B0003068400501D5E06880B17068216920F062
:1040C000FE4040EA0160706040F21400C2F200005D
:1040D0000068FFF7A5FA00283FF434AF012002B0D2
:1040E000BDE8F081A168D6F89000012908D0052923
:1040F00040F0AE8040F00400C6F89000D6F8900082
:1041000040F00100C6F89000AEE000BFA169D6F80B
:104110009800002900F0868040F00100C6F8980061
:10412000FFF722FA054600BFD6F8980080073FF552
:1041300014AFFFF719FA401B02284FF00300F3D920
:1041400002B0BDE8F08100BF20F00100C6F8940085
:10415000FFF70AFA054600BFD6F8940080077FF5FE
:10416000F4AEFFF701FA401B0228F5D9032002B094
:10417000BDE8F08120F4803030603068002920F400
:104180008020306000F0BE80FFF7EEF9054600BFEA
:10419000306880033FF5D3AEFFF7E6F9401B642893
:1041A000F6D9032002B0BDE8F08100BF20F4807092
:1041B0003060FFF7D9F90546306840057FF5C2AE9B
:1041C000FFF7D2F9401B02284FF00300F4D9B7E7FC
:1041D000306820F080703060FFF7C6F9022D054688
:1041E0000CD100BF3068800140F1B880FFF7BCF906
:1041F000401B02284FF00300F4D9A1E7306880018A
:1042000040F1EA80FFF7B0F9401B02284FF00300AD
:10421000F4D995E77068216920F0FE4040EA01601A
:1042200070608FE620F00100C6F89800FFF79CF957
:10423000054600BFD6F8980080077FF58EAEFFF7E1
:1042400093F9401B02284FF00300F3D978E700BF31
:1042500020F00100C6F89000D6F89000002920F068
:104260000400C6F890005DD0FFF77EF9054641F2E4
:10427000883700BFD6F89000800765D4FFF774F93F
:10428000401BB842F6D9032002B0BDE8F08100BF60
:10429000F068216A00F003028A427FF41FAF626A6D
:1042A0006FF00F0300F0F00103EB021291427FF474
:1042B00015AFA16A00F4FE42B2EB012F7FF40EAFFE
:1042C000E16A00F07842B2EBC16F7FF407AF226B76
:1042D0000023CFF6E07303EA025200F4C001A2F516
:1042E000001291427FF4FAAE616B4FF07E4202EA17
:1042F000016100F0C06001F17E4188427FF4EEAEC2
:1043000071E000BFFFF730F9054600BF3068800359
:104310007FF515AEFFF728F9401B64284FF0030026
:10432000F4D90DE7FFF720F9054641F2883700BFC1
:10433000D6F89000800707D5FFF716F9401BB84262
:104340004FF00300F4D9FBE6B8F1000F3FF501AEE2
:10435000B06D20F08050B065FBE500BFF06848F21A
:104360000C01C0F29F1104F1200700EA010C8ECF6E
:104370006FF00F00D4E90C5400EB02100022CFF6CE
:10438000E07241EA0C0102EA05520843A2F500126C
:104390004FF07E4540EA032005EA0465104305F12D
:1043A0007E4540EAC7602843F060306840F0807086
:1043B0003060F06840F08070F060FFF7D5F8044698
:1043C000306880010FD4FFF7CFF8001B02284FF0B0
:1043D0000300F5D9B4E600BFF0684FF6FC71CFF6E4
:1043E000EE610840F060002002B0BDE8F0810000FE
:1043F000411E0020B0EB116F1CBF012070474EF230
:104400001002CEF2000251604EF62351CEF20001AE
:10441000F0230B7007219060116070477047000017
:1044200070470000704700007047000070470000B0
:104430007047000090F83C20012A4FF0020266D03D
:1044400070B580F83D20026842F6004C54689368CD
:10445000C4F2010C45F2000E6245C4F2010E18BF11
:1044600072452BD14D6824F470042C434FF68F75A0
:10447000CFF6FF550E682C4042F6FF35C4F2010519
:104480003443AA4254600DDC40F2FF76C4F20006C9
:10449000B2421BDCB2F1804F2CD040F20046C4F295
:1044A000000625E043F6FF74C4F20104A24219DCC1
:1044B00062451FD043F2004618E000BF43F20045BA
:1044C000C4F20105AA42CDD0D0E700BF40F60006F5
:1044D000C4F20006B2420DD040F60046C4F2000617
:1044E00006E000BF724505D044F20006C4F20106A2
:1044F000B24204D1896823F08003194391600121FD
:10450000002280F83D1080F83C20BDE87040104645
:104510007047000070470000002804BF012070476A
:1045200010B5044690F83D0028B9002084F83C00FE
:10453000204600F023F8022084F83D002068211D69
:1045400001F050FA012084F8480084F83E0084F815
:104550003F0084F8400084F8410084F8420084F869
:10456000430084F8440084F8450084F8460084F849
:10457000470084F83D00002010BD0000006845F2AF
:104580000001C4F20101884218BF704780B582B0B3
:1045900041F26000C4F202000168002241F480117F
:1045A00001600068002100F48010019001984E2005
:1045B000FFF78CF84E2002B0BDE88040FFF774B8DA
:1045C00090F83D1001291BD1022180F83D100168AF
:1045D00042F6FF32C868C4F20102914240F0010085
:1045E000C8600FDC40F2FF70C4F20000814219DCA9
:1045F000B1F1804F2ED040F20040C4F2000027E01D
:104600000120704743F6FF70C4F20100814215DCBF
:1046100042F60040C4F2010081421BD043F2004048
:1046200014E000BF40F60000C4F20000814211D047
:1046300040F60040C4F200000AE000BF45F200006E
:10464000C4F20100814205D044F20000C4F201002E
:1046500081420CD188680722C0F201020240062A7A
:104660004FF00000CDD0B2F5803F08BF704708681A
:1046700040F00100086000207047000090F83C20E6
:10468000012A4FF0020200F0998080B580F83D20A9
:10469000D0F800C08822DCF80830CFF6CE721A407D
:1046A000CCF808200B68B3F5005F0DDA3F2B21DD55
:1046B0005F2B3BDD602B00F0AB80702B00F0948013
:1046C000B3F5805F71D0E7E02F22C0F21002934271
:1046D00018DD4F21C0F210018B424FDD5021C0F296
:1046E00010018B4255D06021C0F210018B4250D096
:1046F000702149E01F2B0FDC002B4AD0102B48D033
:10470000CAE000BFB3F1101F0CDAB3F5005F57D059
:10471000B3F5801F3DD0BFE0202B3AD0302B38D0EE
:10472000BAE000BF35D020212EE000BF402B00F0C2
:104730009180502B40F0B080D1F804E0C968DCF8DB
:104740002030DCF8202022F00102CCF82020DCF818
:10475000182022F0F00242EA011123F00A0242EA94
:104760000E02CCF81810CCF82020DCF808104FF618
:104770008872CFF6CF721140573114E03021C0F269
:1047800010018B4205D04021C0F210018B4240F055
:104790008380DCF808104FF68872CFF6CF72114094
:1047A000194341F00701CCF808100022012180F8DC
:1047B0003D10002180F83C10BDE880401046704755
:1047C000D1E901E3C968DCF8082043EA0E0322F4CA
:1047D0007F4243EA01211143CCF80810DCF80810AD
:1047E00041F48041DFE700BFD1E901E3C968DCF8AB
:1047F000082043EA0E0322F47F4243EA01211143D9
:10480000CCF80810DCF8081041F07701CBE700BFC6
:10481000D1F804E0C968DCF82030DCF8202022F070
:104820001002CCF82020DCF8182022F4704242EA72
:10483000013123F0A00242EA0E12CCF81810CCF895
:104840002020DCF808104FF68872CFF6CF721140A6
:104850006731A8E7D1F804E0C968DCF82030DCF85B
:10486000202022F00102CCF82020DCF8182022F0D1
:10487000F00242EA011123F00A0242EA0E02CCF8E9
:104880001810CCF82020DCF808104FF68872CFF60C
:10489000CF721140473186E7012287E77047000059
:1048A000F0B581B004460068C5680669B10717D540
:1048B00015F0020114D06FF002010161012121778E
:1048C0008069800704D02046FFF7E8FF06E000BFBC
:1048D000204600F0CBF8204600F0CAF800202077F0
:1048E000700719D515F0040016D020686FF0040188
:1048F000016102212177806910F4407F04D02046B5
:10490000FFF7CCFF06E000BF204600F0AFF82046DE
:1049100000F0AEF800202077300717D515F008001A
:1049200014D020686FF00801016104212177C0696B
:10493000800703D02046FFF7B1FF05E0204600F0D6
:1049400095F8204600F094F800202077F00619D55D
:1049500015F0100016D020686FF0100101610821D9
:104960002177C06910F4407F04D02046FFF796FFFE
:1049700006E000BF204600F079F8204600F078F805
:1049800000202077F00718BF15F0010006D020683E
:104990006FF001010161204600F06CF816F4025F2F
:1049A00005F0800718BF002F02D1F00509D410E0F0
:1049B00020686FF4025101612046FFF731FDF005D8
:1049C00007D537B120686FF4807101612046FFF789
:1049D00025FD700609D515F0400006D020686FF05F
:1049E00040010161204600F04FF8B00609D515F0EE
:1049F000200006D020686FF0200101612046FFF7FB
:104A000011FDF00209D515F4801006D020686FF46E
:104A1000801101612046FFF709FDB00209D515F4A8
:104A2000001006D020686FF4001101612046FFF7E6
:104A3000FBFC700209D515F4800006D020686FF4E5
:104A4000800101612046FFF7F3FC30020CD515F41C
:104A5000000009D021686FF4000220460A6101B00D
:104A6000BDE8F040FFF756BD01B0F0BD7047000053
:104A70007047000042F6B411C2F20001884218BF2C
:104A8000704704F0AFBF00007047000090F884103A
:104A9000012904BF022070472421C0F88810016852
:104AA0000A680B6822F0005223F001030B60002318
:104AB00043660A602021C0F8881080F88430002006
:104AC00070470000D0F88C30202B1CBF02207047AC
:104AD00010B5044600294FF0010018BF002A01D18B
:104AE00010BD00BFE06600202067204601F062FC98
:104AF0000028F5D1E06E01281CBF012010BD206800
:104B000010210162206850E8000F216840F0100079
:104B100041E8000202B3206850E8000F216840F02D
:104B2000100041E80002BAB1206850E8000F216887
:104B300040F0100041E8000272B1206850E8000F18
:104B4000216840F0100041E80002002A4FF0000008
:104B500008BF10BDD6E700BF002010BD42F60022FE
:104B6000C2F20002904218BF7047F0B581B040F227
:104B70000827C2F20007D7E90102D7E90435161A5F
:104B8000141A4FF0FF3C18BF0CEB460442F62836CF
:104B9000EA18C2F200069442318006D1384608F085
:104BA0000FFBD7E9041278680A446FF0030101EAA9
:104BB0005201405802F0070101EB811100EB410066
:104BC00031468222FBF752FF7869822101307861F9
:104BD0003046FCF70FF842F60020B11CC2F200008C
:104BE0007F2201B0BDE8F040FFF76CBF70470000C6
:104BF00090F88420012A04BF02207047B0B5242217
:104C0000C0F888200268D0F864E0D2F800C01368C9
:104C1000BEF1000F23F001031360936823F060637B
:104C200041EA0301916019D0936891684FF25C0EDC
:104C3000490FC0F6000E4FF264051EF80140C0F6A1
:104C40000005695CC3F34263E400B4FBF1F11EF8B4
:104C50000340EB5CE500B5FBF3F301E00121012328
:104C6000A0F86A102021A0F86830C2F800C0C0F88F
:104C70008810002180F884100020B0BD90F88420B6
:104C8000012A04BF02207047B0B52422C0F8882052
:104C90000268D0F864E0D2F800C01368BEF1000FDB
:104CA00023F001031360936823F0604341EA03019A
:104CB000916019D0936891684FF25C0E490FC0F66D
:104CC000000E4FF264051EF80140C0F60005695C55
:104CD000C3F34263E400B4FBF1F11EF80340EB5C64
:104CE000E500B5FBF3F301E001210123A0F86A1010
:104CF0002021A0F86830C2F800C0C0F88810002158
:104D000080F884100020B0BD70470000704700009C
:104D100010B50446206850E8000F216820F4907018
:104D200041E80002DAB1206850E8000F216820F461
:104D3000907041E8000292B1206850E8000F2168AD
:104D400020F4907041E800024AB1206850E8000F5A
:104D5000216820F4907041E80002002ADAD14FF671
:104D6000FE70CEF6FF7000BF216851E8021F226876
:104D7000014042E80213C3B1216851E8021F2268D2
:104D8000014042E8021383B1216851E8021F226802
:104D9000014042E8021343B1216851E8021F226832
:104DA000014042E80213002BDED1E06E012824D13D
:104DB000206850E8000F216820F0100041E8000250
:104DC000DAB1206850E8000F216820F0100041E8B7
:104DD000000292B1206850E8000F216820F0100016
:104DE00041E800024AB1206850E8000F216820F035
:104DF000100041E80002002ADAD1206880684006ED
:104E000038D500BF206850E8020F216820F040002C
:104E100041E80202DAB1206850E8020F216820F070
:104E2000400041E8020292B1206850E8020F216878
:104E300020F0400041E802024AB1206850E8020F29
:104E4000216820F0400041E80202002ADAD1D4F8BB
:104E5000800078B100218163FDF7C8FD50B1D4F81E
:104E60008000FDF73BFE202804D11020C4F89000FC
:104E7000032010BD0020A4F85E0021680F220A6202
:104E80008A6942F008028A612021C4F88C10E06629
:104E900010BD000042F60021C2F20001884218BF96
:104EA000704710B542F62834C2F200042046822131
:104EB000FBF7A0FE42F60020A11CC2F200007F22F8
:104EC000BDE81040FFF7FEBD70B5026840F62F0444
:104ED000D369116896681C40202C0BD101F0200486
:104EE00006F080552D1916D0416F61B3BDE87040B2
:104EF000084700BF40F60F052B420CD00125C1F238
:104F0000000506EA050C40F22015C0F200450D40F0
:104F100015EB0C0524D1C46EDD0615D5012C13D17B
:104F200011F0100510D0102111629168490661D46A
:104F3000B0F85C10B0F85E20B0F85E30002B18BFFF
:104F4000914240F0518270BDDD0215D516F4800506
:104F500012D04FF480111162BDE87040FFF7D6BE49
:104F6000DD0718BF11F4807540F020819D0706F021
:104F7000010E00F1278130E11A0606D501F080020A
:104F800006F40006921940F0AF825A0640F1028101
:104F900011F0400200F0FE80016851E8001F026835
:104FA00021F0400142E80013DBB1016851E8001F25
:104FB000026821F0400142E8001393B1016851E812
:104FC000001F026821F0400142E800134BB1016864
:104FD00051E8001F026821F0400142E80013002B55
:104FE000DAD12021C0F8881000218167BDE8704027
:104FF00000F0DABCD0F880100A685368B0F85C4062
:1050000099B2002900F0B880A14280F0B580A0F8E4
:105010005E301168890600F1A38000BF016851E885
:10502000001F026821F4807142E80013E3B10168B7
:1050300051E8001F026821F4807142E800139BB11F
:10504000016851E8001F026821F4807142E80013F2
:1050500053B1016851E8001F026821F4807142E8F1
:105060000013002BDAD100BF016851E8021F02686B
:1050700021F0010142E80213BBB3016851E8021FAD
:10508000026821F0010142E8021373B3016851E89C
:10509000021F026821F0010142E802132BB30168EC
:1050A00051E8021F026821F0010142E80213002BBF
:1050B000DAD11AE0016851E8021F026821F04001CC
:1050C00042E80213DBB1016851E8021F026821F0D7
:1050D000400142E8021393B1016851E8021F0268DF
:1050E00021F0400142E802134BB1016851E8021F70
:1050F000026821F0400142E80213002BDAD120219E
:10510000C0F88C100021C166016851E8001F0268D8
:1051100021F0100142E80013DBB1016851E8001FE3
:10512000026821F0100142E8001393B1016851E8D0
:10513000001F026821F0100142E800134BB1016822
:1051400051E8001F026821F0100142E80013002B13
:10515000DAD1D0F8801004460846FDF747FC204617
:1051600002210167B0F85C10B0F85E20891A89B29C
:10517000BDE87040FFF7F2BC8C427FF4E4AE1268E9
:1051800092067FF5E0AE02220267BDE87040FFF7AD
:10519000E5BC00BF1A0240F1B38111F0804200F07B
:1051A000AF81BDE87040FFF7AFBD00BF01251562BC
:1051B000D0F8905045F00105C0F890509D0706F0DA
:1051C000010E0AD5BEF1000F07D002241462D0F8F8
:1051D000904044F00404C0F890405C070AD5BEF14A
:1051E000000F07D004251562D0F8905045F0020555
:1051F000C0F890501D070CD501F0200555EA0C05AC
:1052000007D008251562D0F8905045F00805C0F881
:1052100090501D050BD511F0806508D04FF4006546
:105220001562D0F8905045F02005C0F89050D0F8A5
:105230009050002D3FF487AE9B060BD501F0200166
:1052400006F08053C91805D0416F19B1044688474C
:1052500022682046D0F89010926801F0280102F0F0
:105260004002891806D10446FFF714FE0020C4F856
:10527000900070BD016851E8001F026821F4907130
:1052800042E80013DBB1016851E8001F026821F415
:10529000907142E8001393B1016851E8001F026861
:1052A00021F4907142E800134BB1016851E8001FEE
:1052B000026821F4907142E80013002BDAD14FF616
:1052C000FE71CEF6FF7100BF026852E8022F03683C
:1052D0000A4043E80226C6B1026852E8022F03687A
:1052E0000A4043E8022686B1026852E8022F0368AA
:1052F0000A4043E8022646B1026852E8022F0368DA
:105300000A4043E80226002EDED1C16E012924D1D5
:10531000016851E8001F026821F0100142E8001303
:10532000DBB1016851E8001F026821F0100142E87A
:10533000001393B1016851E8001F026821F01001C9
:1053400042E800134BB1016851E8001F026821F0E8
:10535000100142E80013002BDAD12021C0F88C1094
:105360000021C166026841679168490640F1C48026
:10537000016851E8021F026821F0400142E802136F
:10538000DBB1016851E8021F026821F0400142E8E8
:10539000021393B1016851E8021F026821F0400135
:1053A00042E802134BB1016851E8021F026821F084
:1053B000400142E80213002BDAD1D0F88010002916
:1053C00000F09A8045F69952C0F60002044608465D
:1053D0008A63FDF743FB00283FF4B5ADD4F88000A5
:1053E000816BBDE870400847891A00BF026852E827
:1053F000002F036822F4907243E80026DEB10268B1
:1054000052E8002F036822F4907243E8002696B118
:10541000026852E8002F036822F4907243E80026E5
:105420004EB1026852E8002F036822F4907243E8FC
:105430000026002EDAD14FF6FE72CEF6FF7200BFC4
:10544000036853E8023F0668134046E80235C5B1D9
:10545000036853E8023F0668134046E8023585B109
:10546000036853E8023F0668134046E8023545B139
:10547000036853E8023F0668134046E80235002DF2
:10548000DED12022C0F88C200022C266426700BF15
:10549000026852E8002F036822F0100243E8002659
:1054A000DEB1026852E8002F036822F0100243E8E0
:1054B000002696B1026852E8002F036822F010021D
:1054C00043E800264EB1026852E8002F036822F03C
:1054D000100243E80026002EDAD1022289B20267C8
:1054E000BDE87040FFF73ABB816F00293FF42BAD58
:1054F000BDE87040084700BFBDE87040FFF7CABC78
:10550000DA017FF520ADB1F1FF3FC8BF70BDBDE846
:105510007040FFF76BBB000010B5D0B10446D0F867
:10552000880028B9002084F88400204600F026F87E
:105530002420C4F888002068A16A026822F00102D1
:10554000026011B1204600F0FDFA204600F0D8FDBF
:1055500010B1012010BD00BF2168486820F49040C0
:105560004860886820F02A008860086840F00102DE
:1055700020460A60BDE8104000F058BB2DE9F0411C
:105580009CB0044600201B90CDE91900CDE917001E
:1055900002A85421FBF750FB206845F20001C4F239
:1055A000000188425CD044F60041C4F20001884208
:1055B00040F09E800820029002A8FEF755F90028CE
:1055C00018BFFDF707F841F24C00C4F20200C168B1
:1055D000002641F40021C160C16801F4002101915D
:1055E0000199016841F004010160006817A900F009
:1055F0000400019001984FF4406017900220189029
:1056000005201B9040F60000C4F60000CDE91966A5
:10561000FDF7C2FE42F654150820C2F20005C4F29E
:1056200002001E21802285E843002846C5E9036266
:10563000C5E90566C5E90766FDF7A8FA002818BFA1
:10564000FCF7C8FF342000210022C4F88050AC626F
:10565000FEF73CF83420FEF727F81CB0BDE8F081D7
:105660001020029002A8FEF7FFF8002818BFFCF7F0
:10567000B1FF41F24C00C4F20200C16840F60004E0
:1056800041F48011C160C168C4F6000401F48011C6
:1056900001910199016817AD41F0040101600168B1
:1056A0004FF0020801F004010191019901680027FF
:1056B00041F0080101600068052600F00800019033
:1056C00001984FF48050179020462946CDF860800D
:1056D000CDE919771B96FDF75FFE0420CDE9170889
:1056E00004F580602946CDE919771B96FDF754FE35
:1056F0001CB0BDE8F08100002DE9F04381B0044604
:10570000D0F88C00202809D10E4600294FF0010066
:1057100018BF002A06D101B0BDE8F083022001B015
:10572000BDE8F083002022219946C4F89000C4F817
:105730008C10E0661546FDF717FFA4F85C50A4F83E
:105740005E50A1688046C9B1B1F1805F12D0B1F559
:10575000805F17D12069FF27014600281CBF314612
:105760000026002808BF40F2FF17A4F860703546F5
:105770000E4617E0206918B13F2706E0206918B1EE
:105780007F2702E0002700E0FF270025A4F86070D3
:1057900008E000BF384006F8010BB4F85E0001389D
:1057A000A4F85E00B4F85E0090B1204620210022EB
:1057B0004346CDF8009000F0A1FE88B92068002E85
:1057C000406AE7D1384025F8020B0026E5E700BF24
:1057D00000202021C4F88C1001B0BDE8F08300BF88
:1057E00003202021C4F88C1001B0BDE8F083000034
:1057F00070470000704700002DE9F04381B0044677
:10580000D0F88800202809D100294FF0010018BFE6
:10581000002A07D101B0BDE8F08300BF022001B02B
:10582000BDE8F0830020C4F8900021201D460E46FC
:10583000C4F888001746FDF797FEA4F85470A4F842
:105840005670A1688146B1F5805F02D120690028B9
:1058500066D037460020B4F856202168002A67D069
:105860006A1C28D0002D53D0804600BFC8690006AE
:105870000AD4FDF779FEA0EB0900A84200F284806B
:1058800021680868F2E700BF17B117F8010B04E0C0
:1058900038F8020B00276FF35F208862B4F85600D7
:1058A0000138A4F85600B4F856000028DED13FE0D5
:1058B000CA69120609D4CA69120606D4CA69120650
:1058C0005CBFCA695FEA0262F2D51FB117F8012B0B
:1058D00005E000BF30F8022B00276FF35F228A62D9
:1058E000B4F85620013AA4F85620B4F85620002AFD
:1058F000E1D11DE030F8022B00276FF35F228A62AE
:10590000B4F85620013AA4F85620B4F856207AB1DB
:10591000CA69120636D5002FECD017F8012BEEE736
:1059200000273046B4F856202168002A7FF498AF4B
:10593000C86940061ED42DB3681C14D1C86940063E
:105940002AD4C869400627D4C869400624D4C86947
:1059500040064FF00000F1D50DE000BF206801685F
:10596000C069400618D4FDF7FFFDA0EB0900A8426E
:10597000F4D909E000202021C4F8881001B0BDE866
:10598000F08300BFFDF7F0FD03202021C4F888104C
:1059900001B0BDE8F08300BF00202021C4F88810CA
:1059A00001B0BDE8F083000070470000FEE7000092
:1059B000FEE70000FEE700007047000070470000AF
:1059C000FDF710BE4EF68850CEF20000016841F49B
:1059D000700101607047000042F6B410C2F200008E
:1059E000FEF75EBF40F6FF330268C4F2000343F2E5
:1059F000FF3C9842C4F2010C0ADD60452EDC40F603
:105A00000043C4F20003984234D042F600432DE034
:105A1000B0F1804F2ED040F20043C4F20003984210
:105A200028D040F60003C4F20003984222D060451B
:105A300026DC40F2FF73C4F20003984236DD40F6E4
:105A40000003C4F20003984246D040F60043C4F27B
:105A50000003984240D042F6004339E045F200038B
:105A6000C4F20103984205D043F20043C4F201039B
:105A70009842DCD14B6822F070021A436045D8DDB1
:105A800044F2FF33C4F20103984219DD44F20043AB
:105A9000C4F2010398421FD045F20003C4F201038F
:105AA000984219D044F6000312E000BFB0F1804FD5
:105AB00012D040F20043C4F2000398420CD00FE031
:105AC00043F20043C4F20103984205D044F20003BC
:105AD000C4F20103984203D1CB6822F440721A4306
:105AE00080B54B6922F0800E8A6843EA0E03D1F834
:105AF00000C00360C262A0F18042A2F596324FEA74
:105B0000B222092AC0F828C0BDE8804008D8012385
:105B100003FA02F240F2E5231A421CBF096901634D
:105B2000012141610169C90708BF7047016921F07E
:105B3000010101617047000042F60020C2F200003E
:105B4000FFF7C2B9816A0A070CD4CA0715D18A07C0
:105B50001ED44A0727D4CA0630D48A0639D44A0646
:105B600042D457E00268D0F838C0536823F40043A9
:105B700043EA0C035360CA07E9D00268D0F82CC08E
:105B8000536823F4003343EA0C0353608A07E0D5DB
:105B90000268D0F830C0536823F4803343EA0C0322
:105BA00053604A07D7D50268D0F834C0536823F44D
:105BB000802343EA0C035360CA06CED50268D0F8AE
:105BC0003CC0936823F4805343EA0C0393608A0635
:105BD000C5D50268D0F840C0936823F4005343EA67
:105BE0000C0393604A0615D5D0F800C0436CDCF86E
:105BF0000420B3F5801F22F4801242EA0302CCF89D
:105C0000042007D1DCF80420836C22F4C0021A437C
:105C1000CCF80420090658BF70470168C06C4A6878
:105C200022F400221043486070470000B0B582B0F3
:105C300004460020C4F89000FDF796FC2168054654
:105C40000A68120737D56FF07E4C20464FF40011DA
:105C500000222B46CDF800C000F050FC50B300BF2E
:105C6000206850E8000F216820F0800041E8000221
:105C7000DAB1206850E8000F216820F0800041E888
:105C8000000292B1206850E8000F216820F08000E7
:105C900041E800024AB1206850E8000F216820F076
:105CA000800041E80002002ADAD103202021882266
:105CB0006BE000BF2168086840075DD56FF07E4C3F
:105CC00020464FF4800100222B46CDF800C000F0A2
:105CD00015FC002850D000BF206850E8000F216854
:105CE00020F4907041E80002BAB3206850E8000F39
:105CF000216820F4907041E8000272B3206850E8F7
:105D0000000F216820F4907041E800022AB3206857
:105D100050E8000F216820F4907041E80002002A4A
:105D2000DAD11AE0206850E8020F216820F0010063
:105D300041E80202DAB1206850E8020F216820F041
:105D4000010041E8020292B1206850E8020F216888
:105D500020F0010041E802024AB1206850E8020F39
:105D6000216820F0010041E80202002ADAD1032074
:105D700020218C2209E000BF2020C4F88800C4F84C
:105D80008C00002170220020E166A150002184F8DF
:105D9000841002B0B0BD0000806A0021A0F85E103F
:105DA000FFF778B8806A0268D0F88830D0F88CC0E5
:105DB0009168090653D5212B51D10021A0F8561026
:105DC000016851E8001F026821F0C00142E8001399
:105DD000BBB3016851E8001F026821F0C00142E82E
:105DE000001373B3016851E8001F026821F0C0017D
:105DF00042E800132BB3016851E8001F026821F04C
:105E0000C00142E80013002BDAD11AE0016851E822
:105E1000021F026821F4000142E80213DBB10168AD
:105E200051E8021F026821F4000142E8021393B115
:105E3000016851E8021F026821F4000142E80213E0
:105E40004BB1016851E8021F026821F4000142E8E9
:105E50000213002BDAD12021C0F888100268916863
:105E6000490640F18480BCF1220F40F0808000217F
:105E7000A0F85E10016851E8001F026821F49071DB
:105E800042E80013DBB1016851E8001F026821F409
:105E9000907142E8001393B1016851E8001F026855
:105EA00021F4907142E800134BB1016851E8001FE2
:105EB000026821F4907142E80013002BDAD14FF60A
:105EC000FE7CCEF6FF7C00BF026852E8022F03681A
:105ED00002EA0C0243E80221D9B1016851E8021F2D
:105EE000026801EA0C0142E8021393B1016851E82B
:105EF000021F026801EA0C0142E802134BB101687B
:105F000051E8021F026801EA0C0142E80213002B6B
:105F1000DAD1C16E012924D1016851E8001F02685D
:105F200021F0100142E80013DBB1016851E8001FC5
:105F3000026821F0100142E8001393B1016851E8B2
:105F4000001F026821F0100142E800134BB1016804
:105F500051E8001F026821F0100142E80013002BF5
:105F6000DAD12021C0F88C100021C1664167D0F839
:105F7000901041F01001C0F89010FEF78BBF0000A8
:105F80000168806A0968890600F1A1800021A0F8F3
:105F90005E1000BF016851E8001F026821F48071A3
:105FA00042E80013E3B1016851E8001F026821F4E0
:105FB000807142E800139BB1016851E8001F02683C
:105FC00021F4807142E8001353B1016851E8001FC9
:105FD000026821F4807142E80013002BDAD100BF7F
:105FE000016851E8021F026821F0010142E8021332
:105FF000BBB3016851E8021F026821F0010142E8C9
:10600000021373B3016851E8021F026821F0010115
:1060100042E802132BB3016851E8021F026821F025
:10602000010142E80213002BDAD11AE0016851E8BD
:10603000021F026821F0400142E80213DBB101684F
:1060400051E8021F026821F0400142E8021393B1B7
:10605000016851E8021F026821F0400142E8021382
:106060004BB1016851E8021F026821F0400142E88B
:106070000213002BDAD12021C0F88C10C16E012947
:1060800025D100BF016851E8001F026821F010010E
:1060900042E80013DBB1016851E8001F026821F0FB
:1060A000100142E8001393B1016851E8001F026833
:1060B00021F0100142E800134BB1016851E8001FC4
:1060C000026821F0100142E80013002BDAD1002110
:1060D0000167C16E012918BFFFF78ABBB0F85C10D9
:1060E000FEF73CBD806A01210167C16E012918BF1E
:1060F000FFF780BBB0F85C104908FEF72FBD000029
:1061000070B5054605F108041ECC0068194341EA44
:106110000403EE69046846F6F311CCF6FF712140E2
:10612000194331430160416848F2000C21F44051A9
:1061300011434160AA69C4F2000C60451CBF296A82
:106140000A4381684FF2FF43C1F2FF131940114324
:106150008160C16AD5F824E021F00F0141EA0E0107
:10616000C16244F6FF71C4F2000188424FF010038F
:1061700018DC44F20041C4F20001884228D044F601
:106180000001C4F20001884232D044F60041C4F25A
:106190000001884242D141F28801C4F2020109683B
:1061A0008B0933E045F20001C4F20001884217D0A8
:1061B000604525D043F60001C4F2010188422DD18B
:1061C00041F28801C4F202010B6876A222E000BF0E
:1061D00041F28801C4F2020109688B0816E000BF91
:1061E00041F28801C4F2020109680B0A0EE000BF07
:1061F00041F28801C4F2020109680B0906E000BF00
:1062000041F28801C4F2020109688B0A4FF24C0284
:10621000C0F6000203F0030152F82130604542F25B
:106220000040C0F2F40015D0B6F5004F22D1082B83
:106230004FF0010100F2AD80DFE803F0065C74ABC3
:1062400064ABABAB720000BFFDF7FCFD002840F073
:106250005D809AE0082B4FF0010100F29A80DFE8A0
:1062600003F0059825981B9898982300FDF7EAFD00
:10627000B0B98AE0082B4FF0010100F28A80DFE814
:1062800003F0053D6F88498888886D00FDF7DAFDC9
:10629000002842D179E000BFFDF700FE002874D04D
:1062A000D5F824E002E000BF4FF400404EF6E05184
:1062B000C0F6000131F81E106A68B0FBF1F002EB85
:1062C000420188424FF0010163D31303984260D822
:1062D000010E000210EB520041F100010023FAF719
:1062E00065F84FF60052A0F54071C0F20F029142DE
:1062F00049D34DE0FDF7BCFD40B946E0FDF7B8FDE0
:1063000058B942E0FDF7CAFD00283ED0D5F824E098
:1063100008E000BFFDF7C2FDB8B3D5F824E01FE0E8
:106320004FF400404EF6E051C0F6000131F81E1067
:106330006A68B0FBF1F0510801EB4000B0FBF2F0ED
:106340004FF6EF72A0F11001914221D84FF6F07193
:106350000140C0F34200084415E000BF4FF4004084
:106360004EF6E051C0F6000131F81E104FF6EF7204
:10637000B0FBF1F0696800EB5100B0FBF1F0A0F167
:106380001001914204D82968C860002101E000BFD3
:1063900001214FF00110A866002208466A67AA672B
:1063A00070BD00BF010000000400000002000000FA
:1063B00008000000B0B513460A4681650021044676
:1063C000A0F85C30C0F890102220C4F88C00D4F8FB
:1063D0008000E8B145F6A555C0F60005456325687F
:1063E00045F6817C46F2E50EC0F6000CC0F6000EC4
:1063F000816305F12401C0E90BCEFCF753FC38B1F1
:106400001020C4F890002020C4F88C000120B0BDFA
:10641000206928B3206850E8000F216840F480709C
:1064200041E80002E2B1206850E8000F216840F422
:10643000807041E800029AB1206850E8000F21689E
:1064400040F4807041E8000252B1206850E8000F2B
:10645000216840F4807041E80002002ADAD100BFD0
:10646000206850E8020F216840F0010041E8020274
:10647000BAB3206850E8020F216840F0010041E8FB
:10648000020272B3206850E8020F216840F0010058
:1064900041E802022AB3206850E8020F216840F068
:1064A000010041E80202002ADAD11AE0206850E82F
:1064B000020F216840F0400041E80202DAB1206892
:1064C00050E8020F216840F0400041E8020292B11A
:1064D000206850E8020F216840F0400041E80202C5
:1064E0004AB1206850E8020F216840F0400041E8BE
:1064F0000202002ADAD10020B0BD00002DE9F041EF
:10650000804600681546C2690E461140891BB1FAE3
:1065100081F149098D4223D1069C2CB3611C29D1FC
:10652000C1693140891BB1FA81F149098D4217D106
:10653000C1693140891BB1FA81F149098D420FD1FE
:10654000C1693140891BB1FA81F149098D4207D1F6
:10655000C1693140891BB1FA81F149098D42DFD00F
:106560000020BDE8F08100BFFCF7FEFF0320BDE87E
:10657000F08100BF1F4607E0C0693040801BB0FAC1
:1065800080F040098542EBD1FCF7EEFFC01BA04232
:1065900000F2AE80D8F8000001684907ECD5402E23
:1065A000EAD0802EE8D0C169090700F1A580C16951
:1065B0000905E1D54FF400610162D8F8000050E808
:1065C000000FD8F8001020F4907041E800020AB3E0
:1065D000D8F8000050E8000FD8F8001020F49070B0
:1065E00041E80002B2B1D8F8000050E8000FD8F836
:1065F000001020F4907041E800025AB1D8F8000071
:1066000050E8000FD8F8001020F4907041E8000224
:10661000002AD2D14FF6FE70CEF6FF70D8F80010E7
:1066200051E8021FD8F80020014042E80213F3B1FC
:10663000D8F8001051E8021FD8F80020014042E8C5
:106640000213A3B1D8F8001051E8021FD8F80020B7
:10665000014042E8021353B1D8F8001051E8021F7C
:10666000D8F80020014042E80213002BD6D1D8F818
:106670006C0001282CD1D8F8000050E8000FD8F8A1
:10668000001020F0100041E800020AB3D8F8000022
:1066900050E8000FD8F8001020F0100041E8000288
:1066A000B2B1D8F8000050E8000FD8F8001020F080
:1066B000100041E800025AB1D8F8000050E8000F7D
:1066C000D8F8001020F0100041E80002002AD2D1D2
:1066D00020200021C8F88C00C8F86C10C8F874108D
:1066E000C8F89000032088F88410BDE8F08100BF4E
:1066F0000320BDE8F08100BF08210162D8F8000046
:1067000050E8000FD8F8001020F4907041E8000223
:106710000AB3D8F8000050E8000FD8F8001020F4B1
:10672000907041E80002B2B1D8F8000050E8000FC4
:10673000D8F8001020F4907041E800025AB1D8F85F
:10674000000050E8000FD8F8001020F4907041E8E5
:106750000002002AD2D14FF6FE70CEF6FF70D8F8B4
:10676000001051E8021FD8F80020014042E802134F
:10677000F3B1D8F8001051E8021FD8F8002001400A
:1067800042E80213A3B1D8F8001051E8021FD8F86C
:106790000020014042E8021353B1D8F8001051E83C
:1067A000021FD8F80020014042E80213002BD6D186
:1067B000D8F86C0001282CD1D8F8000050E8000F60
:1067C000D8F8001020F0100041E800020AB3D8F811
:1067D000000050E8000FD8F8001020F0100041E849
:1067E0000002B2B1D8F8000050E8000FD8F800104D
:1067F00020F0100041E800025AB1D8F8000050E83B
:10680000000FD8F8001020F0100041E80002002A24
:10681000D2D12020C8F88C0000200821C8F86C00D4
:10682000C8F87400C8F8901088F884000120BDE80A
:10683000F0810000FEE700002DE9F04F9FB047F225
:106840006561C0F6000103914FF25671C0F6000178
:1068500007910321089147F28151C0F60001099187
:106860004FF24A71C0F600010D9106214FF25170AE
:106870000E9147F2A171C0F60000C0F60001019030
:1068800004200F9195A10290CDE9131047F21170E9
:10689000C0F60000159093A0199005201A9047F2B9
:1068A000257040F26025C0F60000C2F200051B9082
:1068B00000202C464CF2FD534FF2240844F8040FFC
:1068C000C0F60003C0F6000801AAA86028462146C9
:1068D0000593CDF8188002F1180BCDE90B3802F1C1
:1068E0003009CDE9113802F1480ACDE9173802F133
:1068F0006006CDE91D382C6007F0B8F9284621461E
:106900005A465F4607F0B2F9284621464A46CDF876
:106910000090D14607F0AAF928462146524607F0D2
:10692000A5F928462146324607F0A0F91E9841688D
:1069300009B11B9888471898416809B1159888478C
:1069400012984CF2FD5B4168BA46C0F6000B09B1E3
:106950000F9888470C9801AF416809B1099888479A
:106960000698416809B1039888474DF2290040F222
:106970000002C0F60000C0F600022946FAF726F829
:106980004FF25170C0F6000001900420029047F2CF
:10699000D540C0F60000039054A00790072008904F
:1069A00047F25550C0F60000099000202C4644F8EC
:1069B000100F2E4646F80C4FB060304621463A463E
:1069C000CDE905B8CDE90BB807F050F930462146BE
:1069D000524607F04BF90C98416809B1099888476D
:1069E0000698416809B1039888474DF2290040F2A2
:1069F000000205F10C01C0F60000C0F60002F9F734
:106A0000E5FF4FF25170C0F60000019004200290A3
:106A100047F67D10C0F60000039036A007900620D0
:106A2000089047F6FD10C0F6000047F6BD0109903A
:106A300032A0C0F600010D9003200F9130A10E90FE
:106A4000CDE9131047F68500C0F600001590002030
:106A50002C4644F81C0F2E4646F8184FB0603046BE
:106A600021463A46CDE905B8CDE90BB8CDE911B8D4
:106A7000CDE917B807F0FAF830462146524607F03C
:106A8000F5F8009A3046214607F0F0F830462146E6
:106A90004A4607F0EBF81898416809B115988847FD
:106AA0001298416809B10F9888470C98416809B15C
:106AB000099888470698416809B1039888474DF2BC
:106AC000290040F2000205F11801C0F60000C0F6EE
:106AD0000002F9F77BFF1FB0BDE8F08F4A554D501B
:106AE000000000005052494E5400000056455253D9
:106AF000494F4E0055504441544500004F54410009
:106B0000454E440040F208214DF6351040F2000297
:106B1000C2F200010023C0F60000C0F60002C1E985
:106B20000033C1E902330B614B61F9F74FBF00003D
:106B30002DE9F04FA3B040F2082BC2F2000BDBF8B6
:106B400014A0BAF1000F00F0AB81DBF81090DBF875
:106B500004806FF0030000EA590058F8000009F0C3
:106B6000070141EA811102AC00EB4101204682227B
:106B7000F9F77CFFBDF80800002800F078810428B0
:106B800000F0030102D200222CE000BF20F003033A
:106B9000002200BFA618B5780432A5F16107FFB244
:106BA000192F9CBFA5F12007B770F578A5F16107F3
:106BB000FFB2192F9CBFA5F12007F7703579A5F119
:106BC0006107FFB2192F9CBFA5F1200737717579B6
:106BD000A5F16107FFB2192F9CBFA5F120077771BE
:106BE0009342D7D1F1B1A31C9E5CA6F16107FFB21D
:106BF000192F9CBFA6F120079F54012912D01A44D7
:106C00005378A3F16107FFB2192F9CBF203B53704B
:106C1000022907D09178A1F16103DBB2192B9CBF47
:106C200020399170002800F022810922C51E012020
:106C3000C0F24002631919790A3916292CD800FAD2
:106C400001F1114228D0A91C00F01181DF78A7F1D1
:106C50000A06162E1ED800FA06F717421AD0691C2B
:106C600000F005819F78A7F10A06162E12D800FAC7
:106C700006F717420ED0002D00F0F98059780A3936
:106C800016290AD800FA01F1114206D0043DE91C88
:106C9000D0D1ECE00D4600E00335A5F1030CAB1EAE
:106CA0006E1E0022A0188178202915D1964200F08E
:106CB000DE80C178202913D1934200F0D880017979
:106CC000202911D1944500F0D280417920290FD19B
:106CD00004329542E6D1CAE00230AE1A0BE000BFA2
:106CE000D14303304E1906E0A91A04308E1E02E08B
:106CF000A91A0530CE1E002200210D46415D202933
:106D000017D16B1CB34245D241194F78202F0FD1B8
:106D1000AB1CB3423ED28F78202F09D1EB1CB3427B
:106D200038D2C978202903D10435B542E6D331E001
:106D30001D46AE4229461CD9435C202B19D04B1C62
:106D4000B34212D244186778202F11D08B1CB34263
:106D50000BD2A778202F0BD0CB1CB34205D2E778FB
:106D6000202F05D00431B142E6D3314601E000BF07
:106D7000194643194F1B751BBD4238BF2F46551C82
:106D80000BEBC204B142C4E9063706D2072A2A46F1
:106D9000B3D302E0002A154669D040F26020C2F267
:106DA00000004168002400F10408042600950FE06B
:106DB0004746474553D03A6A07F1180021469047A5
:106DC00040F26021C2F2000149680444AC424ADA50
:106DD0000029EDD00BEBC400D0E9065947468B469D
:106DE000019100BFDBE9040A29465246D14538BF6C
:106DF0004A46F9F7F0FDCA454FF000014FF0000296
:106E000038BF0121002848BF012206EA507004BFA4
:106E10000A468800002A08BF5F465BF800B0BBF155
:106E2000000FDFD147450DD0D7E9041B4A4628465D
:106E3000CB4538BF5A46F9F7CEFD002804D048BFED
:106E4000474604E0474602E0D94538BF474640F28E
:106E5000082BDDE90051C2F2000B4745ABD1012000
:106E60000444AC42B4DBDBF80480DBE9049A09F1AA
:106E70000101AAF101001029CBE9041010D3D8F8C0
:106E800000004FF4826106F0C3FFDBF80400DBF87A
:106E900010100430CBF80400A1F10800CBF810006A
:106EA00023B0BDE8F08F000040F23400C2F20000D1
:106EB00000F0E0F828B140F23400C2F2000000F027
:106EC0009DF902F095FD22A0F9F76AFD40F2C82471
:106ED00042F220354CF2ED1640F20007C2F20004F7
:106EE000C2F200054FF004084FF000094FF0FF0A0E
:106EF000C0F60006C0F6000702F092FD02F08EFD1B
:106F00002078BFF35F8FC00706D0284604F048FD05
:106F1000FFF70EFEF0E700BF204607F074FA0028E6
:106F2000F3D0304629463A46C5F80080C5F80C949F
:106F3000C5F81094C5F81494A5F81C94C5F82094CD
:106F4000A5F82DA4F9F742FD204607F072FADCE718
:106F50005B424F4F545D5B494E464F5D20426F6F21
:106F6000746C6F61646572E590AFE58AA8000000FB
:106F700010B50446012898BF012400BF2046F9F748
:106F8000DFFE002818BF10BD06F0FBFE08B18047E9
:106F9000F4E7002010BD0000F0B581B00C460546B6
:106FA000012898BF0125042998BF042400276846BA
:106FB00021462A460097F9F719FF009878B96E46DE
:106FC00006F0DFFE50B18047304621462A46009742
:106FD000F9F70CFF00980028F2D000E0002001B083
:106FE000F0BD00000168426881F30888BFF34F8F4D
:106FF000BFF36F8F104762B1884204BF0120704712
:1070000080B540684968F9F73FFEB0FA80F0400962
:1070100080BD40684968401AB0FA80F04009704766
:1070200070B586B004464FF4FA70FBF7C5FEEFF377
:107030001085EFF3108072B6FCF796F901210391E9
:10704000D4E906120020090B0491110B029005915E
:10705000019002A801A9FBF7C3FE019E0446FCF7BC
:1070600053F805B962B664EA0600B0FA80F0400948
:1070700006B070BD80B542F22000C4F20200006884
:1070800040020FD441F29401C4F2020108680A6878
:1070900080001BD450005CBF012080BD0A6818A08E
:1070A00015E000BF4FF2F770C0F60000F9F778FC6A
:1070B000FCF75AF9FCF766F80020FBF77FFF642025
:1070C000FBF77AFEFCF72CF8FEE700BF03A042F4C2
:1070D00000020A60F9F764FC002080BD5B424F4F5C
:1070E000545D5B494E464F5D20E7A1ACE4BBB6E77B
:1070F0009C8BE997A8E78B97E5A48DE4BD8D0000F4
:107100005B424F4F545D5B494E464F5D20E7AA9767
:10711000E58FA3E79C8BE997A8E78B97E5A48DE41F
:10712000BD8D00002DE9F04381B0002B58D098466A
:1071300015468946FCF718F928F00706012E0EDBE4
:107140000024002728192A59436809EB040100206C
:10715000FCF730F800284AD10834B442F2DB18F0CA
:10716000070043D0A95D012861F0FF024FF0FF3313
:1071700027D0A9194F7822F47F42022842EA072239
:107180001FD08F7822F47F02032842EA074218D0EA
:10719000CF7822F07F42042842EA076211D00F79AB
:1071A00023F0FF0305283B440BD04F7923F47F43A2
:1071B000062843EA072304D0887923F47F0141EAB3
:1071C000004306EB090100200027FBF7F3FF00282E
:1071D00008BF0127FBF798FF384601B0BDE8F083F0
:1071E0000127384601B0BDE8F08300BF0127FBF757
:1071F0008BFF384601B0BDE8F0830000B0B583696D
:1072000019684A1C16D0C26891421BD34269914248
:1072100018D85A68541C0DD09A4202D3036A9A4275
:1072200016D94FF29670C0F60000BDE8B040F9F7ED
:1072300035B900BF4FF67E00C0F60000BDE8B04093
:10724000F9F7AEBB2EA0BDE8B040F9F727B900BFF3
:1072500022A104460846F9F7A3FB6420FBF7ACFD26
:1072600002F0C0FBEFF3108072B64EF21005CEF2C2
:1072700000054FF0FF30C5F87001C5F87002C5F881
:107280007401C5F87402C5F87801C5F87802C5F82C
:107290007C01C5F87C02C5F88001C5F88002C5F8FC
:1072A0008401C5F88402C5F88801C5F88802C5F8CC
:1072B0008C01C5F88C02FBF769FD0020286068602E
:1072C000A860A0694EF60851CEF200010860BFF335
:1072D0004F8FBFF36F8FA069FFF784FE5B424F4F64
:1072E000545D5B494E464F5D20E58786E5A487E8FF
:1072F000B7B3E8BDACE588B04150502E2E2E00004B
:107300005B424F4F545D5B4572726F725D20E68940
:10731000BEE588B0E4B88DE58FAFE794A8E79A841E
:10732000E4BBA3E7A081E6AEB52C20E6A088E9A1E6
:10733000B63A203078253038580A00002DE9F0415F
:1073400090B00D46DDE9168101AFCDE90130CDE900
:10735000032107F110002721F9F76EFC01208DF8B9
:107360003B000024D8F800000F9486694046394657
:107370002A4601230094B0470A98012811D0F8B991
:107380000B99DDE90802069C81F0010180F0010003
:1073900008430021012A18BF0C46002818BF0C46DC
:1073A0000EE00798012801D1059C09E00B98002404
:1073B00030B90898012803D10998012808BF059C15
:1073C000204610B0BDE8F0812DE9F04192B01E4694
:1073D000199B0C46002B05D41898D84218BF0024DE
:1073E000254623E0991C4FF000051FD00DF10C0835
:1073F000CDE9036008F110002021CDE90523F9F75C
:107400001BFC4FF080704FF0010C10903068CDF8ED
:107410003CC0119547693046414622462346CDE996
:1074200000C5B8470998012808BF2546284612B06C
:10743000BDE8F0812DE9F04192B01D46189B002B6C
:1074400027D4C71A0E468F424FF0000422DB0DF1FD
:107450000C0808F110002021CDE90357CDE90523E0
:10746000F9F7EAFB4FF080704FF0010C109028689C
:10747000CDF83CC01194D0F814E02846414632467D
:107480003346CDE900C4F047099C002C18BF3C46A8
:1074900000E00024204612B0BDE8F0810A6852F8EE
:1074A000083C1944016052F8041CC0E901137047FC
:1074B00006F066BC80B5AFF300800821BDE88040CF
:1074C00006F0A6BC80B5AFF300800C21BDE880407B
:1074D00006F09EBC70B540F26020C2F20000C668A3
:1074E00000F11005AE4233D04FF21074C0F6000424
:1074F00004E000BF064600BFAE4229D031692046F5
:10750000F8F7CCFF706888B1016806460029F3D00F
:1075100008680E460028EFD0016806460029EBD027
:1075200008680E460028EFD1E6E700BFB0680168A2
:107530008E42DFD0866831688842DDD0B06801684D
:107540008E42D7D0866831688842EFD1D4E700BF39
:10755000012070BD80B502A0F9F722FA012080BD9C
:107560005B424F4F545D5B5245504C595D20564530
:107570005253494F4E20312E302E302E3000000015
:107580002DE9F04F81B000F10109B9F1070F5BD887
:1075900040F26022C2F2000292465AF8104F002CCC
:1075A00043D040F22020C2F2000000EBC90150F8A5
:1075B00039504F6802F1100A4FF0040B564600BFD5
:1075C000D4E9040829464246474538BF3A46F9F708
:1075D00002FAB8454FF000014FF0000238BF012118
:1075E000002848BF01220BEA507004BF0A468800F9
:1075F000002A08BF26462458002CE1D1564510D059
:10760000D6E904143A462846BC4238BF2246F9F768
:10761000E2F9002802D058BFB24602E0A74228BFD4
:10762000B24640F26022C2F2000202F1100082452E
:107630000AD0DAF820200AF11800494690470220C3
:1076400001B0BDE8F08F00BF4FF2E4604FF2567119
:10765000C0F60000C0F60001F8F720FF012001B0DD
:10766000BDE8F08F70B521A0F9F79AF940F26020DB
:10767000C2F20000014651F8046B8E4234D04FF242
:107680001074C0F60004051D04E000BF064600BFEC
:10769000AE4229D031692046F8F700FF706888B102
:1076A000016806460029F3D008680E460028EFD08E
:1076B000016806460029EBD008680E460028EFD185
:1076C000E6E700BFB06801688E42DFD086683168A7
:1076D0008842DDD0B06801688E42D7D086683168B4
:1076E0008842EFD1D4E700BF012070BD5B424F4F0D
:1076F000545D5B494E464F5D20417661696C616225
:107700006C6520436F6D6D616E64733A000000001C
:1077100080B540F23400C2F20000FFF76FFD012097
:1077200080BD000080B542F2FC20C2F200008069FA
:1077300030B106A0F9F734F902F0E6F9012080BD76
:107740000EA0F9F72DF9012080BD00BF5B424F4F1D
:10775000545D5B494E464F5D20E78EB0E59CA8E640
:107760008993E58DB0E68980E69C89E5AD98E58250
:10777000A8E697A5E5BF973A000000005B424F4F8F
:10778000545D5B494E464F5D20E6B2A1E69C89E51B
:10779000AD98E582A8E79A84E697A5E5BF97000033
:1077A0002DE9F04F81B000F10109B9F1070F5BD865
:1077B00040F26022C2F2000292465AF81C4F002C9E
:1077C00043D040F22020C2F2000000EBC90150F883
:1077D00039504F6802F11C0A4FF0040B564600BFA7
:1077E000D4E9040829464246474538BF3A46F9F7E6
:1077F000F2F8B8454FF000014FF0000238BF012108
:10780000002848BF01220BEA507004BF0A468800D6
:10781000002A08BF26462458002CE1D1564510D036
:10782000D6E904143A462846BC4238BF2246F9F746
:10783000D2F8002802D058BFB24602E0A74228BFC3
:10784000B24640F26022C2F2000202F11C00824500
:107850000AD0DAF820200AF11800494690470220A1
:1078600001B0BDE8F08F00BF4FF2E4604FF24A7103
:10787000C0F60000C0F60001F8F710FE012001B0CC
:10788000BDE8F08F80B503A0F9F78AF803F004FF94
:10789000012080BD5B424F4F545D5B494E464F5DBA
:1078A00020E794A8E688B7E7BB88E6ADA2596D6FDC
:1078B00064656DE4BCA0E8BE9300000080B540F2B2
:1078C000B820C2F200000121016021A0F9F768F898
:1078D00040F2C820C2F200000078BFF35F8FC007FB
:1078E00008D042F22030C2F2000004F023F9012057
:1078F00080BD00BF40F2C820C2F2000006F083FD48
:107900000028EED042F22031C2F2000104200860CB
:107910000020C1F80C04C1F81004C1F81404A1F847
:107920001C04C1F82004FF20A1F82D044CF2ED1036
:1079300040F20002C0F60000C0F60002F9F746F877
:1079400040F2C820C2F2000006F073FDC9E700BF94
:107950005B424F4F545D5B494E464F5D204C434464
:107960002D4F5441E58D87E7BAA7E6A8A1E5BC8F66
:10797000E5B7B2E590AFE794A800000070B540F21B
:107980006020C2F20000866900F11C05AE4233D0CF
:107990004FF21074C0F6000404E000BF064600BFBA
:1079A000AE4229D031692046F8F778FD706888B179
:1079B000016806460029F3D008680E460028EFD07B
:1079C000016806460029EBD008680E460028EFD172
:1079D000E6E700BFB06801688E42DFD08668316894
:1079E0008842DDD0B06801688E42D7D086683168A1
:1079F0008842EFD1D4E700BF012070BD80B540F2CE
:107A0000B820C2F200000021016021A0F8F7C8FFF1
:107A100040F2C820C2F200000078BFF35F8FC007B9
:107A200008D042F22030C2F2000004F083F80120B6
:107A300080BD00BF40F2C820C2F2000006F0E3FCA7
:107A40000028EED042F22031C2F20001042008608A
:107A50000020C1F80C04C1F81004C1F81404A1F806
:107A60001C04C1F82004FF20A1F82D044CF2ED10F5
:107A700040F20002C0F60000C0F60002F8F7A6FFD0
:107A800040F2C820C2F2000006F0D3FCC9E700BFF4
:107A90005B424F4F545D5B494E464F5D20E59CA8CD
:107AA000E7BABFE58D87E7BAA7E6A8A1E5BC8FE5F1
:107AB000B7B2E590AFE794A800000000B0B5044667
:107AC00040680D4603689B68984704F108030ECB95
:107AD00004F1080C294401329D4288BF2B468CE8F2
:107AE0000E00B0BD4068D0F800C0DCF80CC06047A4
:107AF00080B5AFF300801821BDE8804006F088B95A
:107B00002DE9F04381B0064609200F4607F060F8E2
:107B100004464AF2EE60C8F222002060FF204FF6D1
:107B2000FF45E07109202771A4F8055007F050F8CF
:107B300081464AF2EE60C8F22220C9F8000009200E
:107B400089F80470A9F8055007F042F88046D6E994
:107B500000014AF2EE62091AC8F222320929C8F875
:107B600000200DD1216802688A4229D0D9F800107E
:107B700002688A4226D0D8F800100068884223D0D4
:107B80004FF26C00C0F600001AA102F0BDF8D6E971
:107B90000007B8420CD04FF2D906451EC0F60006C9
:107BA00015F8011F304602F09BFA681CB842F7D165
:107BB0004FF2C310C0F6000002F01CF808E000BF4E
:107BC000012606E01DA000E00FA0394602F088FA69
:107BD00000264046092106F01BF94846092106F017
:107BE00017F92046092106F013F9304601B0BDE827
:107BF000F08300BF436865636B41434B5F4461742E
:107C0000614D7367000000005B4F54415D5B45525E
:107C1000524F525D204E41434B5F434845434B53C7
:107C2000554D5FE695B0E68DAEE58C852C20E58C54
:107C300085E58FB73A2025750A0000005B4F544157
:107C40005D5B4552524F525D204E41434B5F534E58
:107C50005FE695B0E68DAEE58C852C20E58C85E55C
:107C60008FB73A2025750A002DE9F04F85B00190B5
:107C700002209046894606F0ABFFD9E9001207467C
:107C80004BF2EE603880501A461D04204FEA162A47
:107C900006F09EFF0446051D3888022120803846E4
:107CA00084F802A00294049506F0B2F80820E67069
:107CB000039506F08DFF074688203871206807F18C
:107CC00008013860049120460421029706F0A0F8CC
:107CD00087F80680D9E9008B222007F1070A78711E
:107CE000D845CDF80CA00BD142E000BF98F80000B9
:107CF00008F101080AF8010BD845CDF80CA037D0DF
:107D000004988245F2D3029DAAEB0504671CB7F1E3
:107D1000FF3F40F3C181A0EB0509B7EB490F6FF0BE
:107D2000404038BF4FEA4907814528BF6FF0004700
:107D300027B1384606F04CFF064600E0002698F8CA
:107D4000000006EB040A0AF8010B304629462246D9
:107D50003744F8F78BFE029604971DB12846494632
:107D600006F056F808F10108D845CDF80CA0C7D1A7
:107D7000029DBAEB05090DD0681C824518D0AAEB0C
:107D80000001A9F10202032A01F0030C12D2002122
:107D900022E000BF019A04990020C2E9000090602F
:107DA000491B284606F034F805B0BDE8F08F00BF47
:107DB000002120E021F00303002100BF10F8047B24
:107DC000043B10F8036C10F8024C394410F8012CF5
:107DD000314421441144F1D1BCF1000F0BD00278A1
:107DE000BCF1010F114406D04278BCF1020F1144DE
:107DF0001CBF807801444FF6FF72049881EA020BA1
:107E000082454FEA1B2803D20AF8018B049C29E023
:107E100009F10104B4F1FF3F40F33E81471BB4EB8D
:107E2000470F6FF0404038BF7C00874228BF6FF09B
:107E300000442CB1204606F0CBFE064601E000BF10
:107E4000002606EB090A304629464A4634440AF819
:107E5000018BF8F70BFE029604941DB128463946B3
:107E600005F0D6FFA245CDF80CA003D20AF801BB5D
:107E7000049F2BE0029DAAEB050909F10107B7F168
:107E8000FF3F40F30981661BB7EB460F6FF04040A0
:107E900038BF7700864228BF6FF0004727B13846C9
:107EA00006F096FE044600E0002404EB090A204692
:107EB00029464A4627440AF801BBF8F7D7FD029441
:107EC00004971DB12846314605F0A2FFBA45CDF80A
:107ED0000CA005D2FF200AF8010B049E2FE000BF82
:107EE000029DAAEB050909F10104B4F1FF3F40F33B
:107EF000D380A7EB0508B4EB480F6FF0404038BFC4
:107F00004FEA4804804528BF6FF0004424B1204662
:107F100006F05EFE074600E0002707EB090AFF2097
:107F20000AF8010B384629464A463E19F8F79EFDE5
:107F3000029704961DB12846414605F069FFB245F7
:107F4000CDF80CA004D2FC200AF8010B049E2EE010
:107F5000029DAAEB050909F10104B4F1FF3F40F3CA
:107F60009B80A6EB0508B4EB480F6FF0404038BF8C
:107F70004FEA4804804528BF6FF0004424B12046F2
:107F800006F026FE074600E0002707EB090AFC2062
:107F90000AF8010B384629464A463E19F8F766FDAD
:107FA000029704961DB12846414605F031FFB245BF
:107FB000CDF80CA004D2FF200AF8010B049E2EE09D
:107FC000029DAAEB050909F10104B4F1FF3F63DD4D
:107FD000A6EB0508B4EB480F6FF0404038BF4FEAFE
:107FE0004804804528BF6FF000442CB1204606F0BD
:107FF000EFFD074601E000BF002707EB090AFF205D
:108000000AF8010B384629464A463E19F8F72EFD74
:10801000029704961DB12846414605F0F9FEB24587
:10802000CDF80CA006D2FF200AF8010B029E049C9A
:108030002BE000BF029DAAEB050909F10104B4F190
:10804000FF3F29DD771BB4EB470F6FF0404038BF8F
:108050007C00874228BF6FF000442CB1204606F018
:10806000B7FD064601E000BF002606EB090AFF2027
:108070000AF8010B304629464A463444F8F7F6FC24
:108080001DB12846394605F0C3FE0198C0E9006AD3
:10809000846005B0BDE8F08F02A804F0A7FA0000E4
:1080A0002DE9F04381B00646082006F091FD814697
:1080B0004AF2EE60C0F26610C9F800006FF4407436
:1080C0000820C9F8044006F083FD05464AF2EE6038
:1080D000D6E90071C0F266002860C81B08286C60F1
:1080E0000BD1384649460822F8F775FC50B338469C
:1080F00029460822F8F76FFC40B34FF26C00C0F637
:1081000000002BA101F000FED6E90007B84213D011
:108110004FF2D9064FF2C318441EC0F60006C0F64F
:10812000000800BF14F8011F304601F0D9FF601CA1
:10813000B842F7D100260CE04FF2C3180026C0F673
:10814000000806E001260FF2280802E000260FF2E0
:108150004008404601F04EFD2846082105F058FE33
:108160004846082105F054FE304601B0BDE8F083D2
:108170005B4F54415D5B494E464F5D2041434B5F31
:10818000E69687E4BBB6E8A7A3E58E8B0000000067
:108190005B4F54415D5B4545524F525D204E41431C
:1081A0004B5FE69687E4BBB6E8A7A3E58E8B00009D
:1081B000436865636B41434B5F554E5A49504D735D
:1081C000670000002DE9F04381B00646082006F064
:1081D000FFFC81464AF2EE60C0F25510C9F800007B
:1081E0006FF440740820C9F8044006F0F1FC05461D
:1081F0004AF2EE60D6E90071C0F255002860C81B53
:1082000008286C600BD1384649460822F8F7E3FB92
:1082100050B3384629460822F8F7DDFB40B34FF249
:108220006C00C0F600002BA101F06EFDD6E900073E
:10823000B84213D04FF2D9064FF2C318441EC0F60D
:108240000006C0F6000800BF14F8011F304601F018
:1082500047FF601CB842F7D100260CE04FF2C3186C
:108260000026C0F6000806E001260FF2280802E00A
:1082700000260FF24008404601F0BCFC28460821C9
:1082800005F0C6FD4846082105F0C2FD304601B0A4
:10829000BDE8F0835B4F54415D5B494E464F5D2026
:1082A00041434B5FE69687E4BBB6E6A0A1E9AA8C02
:1082B000000000005B4F54415D5B4545524F525DED
:1082C000204E41434B5FE69687E4BBB6E6A0A1E9AA
:1082D000AA8C0000436865636B41434B5F5665722F
:1082E0006966794D736700002DE9F0410546082065
:1082F00006F06EFC04464AF2EE61D5E90002C8F2CF
:1083000033012160111A08296FF44071616004D1B2
:1083100021460822F8F75FFB20B34FF26C00C0F64D
:1083200000001FA101F0F0FCD5E90007B84213D00E
:108330004FF2D9064FF2C318451EC0F60006C0F62C
:10834000000800BF15F8011F304601F0C9FE681C87
:10835000B842F7D1002608E04FF2C3180026C0F655
:10836000000802E001260FF21808404601F042FC26
:108370002046082105F04CFD3046BDE8F08100BFE5
:108380005B4F54415D5B494E464F5D2041434B5F1F
:10839000E5BC80E5A78BE69BB4E696B00000000044
:1083A000436865636B41434B5F53746172745570EE
:1083B000646174654D7367002DE9F04F81B08246AA
:1083C000022006F005FC064602304BF2EE61CAE9D7
:1083D0000060CAF808000420318006F0F9FB054669
:1083E000041D0020A8703088EF1C28803046022130
:1083F000CAE90057CAF8084005F00AFDDAF8086033
:10840000CAF80470B74203D20320E87037E000BF17
:10841000DAF800B0A7EB0B0808F10107B7F1FF3F4E
:1084200040F3E481A6EB0B09B7EB490F6FF0404036
:1084300038BF4FEA4907814528BF6FF000472FB189
:10844000384606F0C5FB054601E000BF002505EBF8
:108450000804032004F8010B284659464246EE1949
:10846000F8F704FBBBF1000FCAE90054CAF8086032
:1084700005D05846494605F0CBFCDAF80860B4420E
:10848000CAF8044004D2882004F8010B33E000BF8E
:10849000DAF80050A4EB050808F10107B7F1FF3F37
:1084A00040F3A481A6EB0509B7EB490F6FF04040FC
:1084B00038BF4FEA4907814528BF6FF000472FB109
:1084C000384606F085FB064601E000BF002606EBB5
:1084D0000804882004F8010B3046294642463744F8
:1084E000F8F7C4FACAE90064CAF808701DB1284652
:1084F000494605F08DFCDAF80800CAF804408442C9
:1085000004D2332004F8010B33E000BFDAF8005046
:10851000A4EB050808F10107B7F1FF3F40F36681BE
:10852000A0EB0509B7EB490F6FF0404038BF4FEAA9
:108530004907814528BF6FF000472FB1384606F044
:1085400047FB064601E000BF002606EB0804332087
:1085500004F8010B3046294642463744F8F786FABC
:10856000CAE90064CAF808701DB12846494605F0FA
:108570004FFCDAF80800CAF80440844204D2012013
:1085800004F8010B33E000BFDAF80050A4EB050853
:1085900008F10107B7F1FF3F40F32881A0EB05097F
:1085A000B7EB490F6FF0404038BF4FEA49078145AC
:1085B00028BF6FF000472FB1384606F009FB06468A
:1085C00001E000BF002606EB0804012004F8010BBF
:1085D0003046294642463744F8F748FACAE900646B
:1085E000CAF808701DB12846494605F011FCDAF8B2
:1085F0000800CAF80440844204D2FF2004F8010BAA
:1086000033E000BFDAF80050A4EB050808F10107D9
:10861000B7F1FF3F40F3EA80A0EB0509B7EB490F44
:108620006FF0404038BF4FEA4907814528BF6FF0DF
:1086300000472FB1384606F0CBFA064601E000BFEE
:10864000002606EB0804FF2004F8010B30462946FB
:1086500042463744F8F70AFACAE90064CAF80870D3
:108660001DB12846494605F0D3FBDAF80800CAF8E0
:108670000440844204D2FC2004F8010B33E000BF24
:10868000DAF80050A4EB050808F10107B7F1FF3F45
:1086900040F3AC80A0EB0509B7EB490F6FF0404009
:1086A00038BF4FEA4907814528BF6FF000472FB117
:1086B000384606F08DFA064601E000BF002606EBBC
:1086C0000804FC2004F8010B304629464246374492
:1086D000F8F7CCF9CAE90064CAF808701DB1284659
:1086E000494605F095FBDAF80800CAF804408442D0
:1086F00004D2FF2004F8010B31E000BFDAF800508B
:10870000A4EB050808F10107B7F1FF3F6EDDA0EB10
:108710000509B7EB490F6FF0404038BF4FEA4907F2
:10872000814528BF6FF0004727B1384606F050FA60
:10873000064600E0002606EB0804FF2004F8010BC3
:108740003046294642463744F8F790F9CAE90064B2
:10875000CAF808701DB12846494605F059FBDAF8F9
:108760000800CAF80440844208D2FF2004F8010B34
:10877000CAF8044001B0BDE8F08F00BFDAF800503D
:10878000A4EB050808F10107B7F1FF3F2EDDA0EBD0
:108790000509B7EB490F6FF0404038BF4FEA490772
:1087A000814528BF6FF0004727B1384606F010FA20
:1087B000064600E0002606EB0804FF2004F8010B43
:1087C0003046294642463744F8F750F9002DCAE9A9
:1087D0000064CAF80870CBD02846494605F018FB5B
:1087E000CAF8044001B0BDE8F08F00BF504603F066
:1087F000FDFE00002DE9F04381B08046082006F020
:10880000E7F981464AF2EE60C8F21100C9F80000AB
:108810006FF440740820C9F8044006F0D9F9D8E98B
:10882000007105464AF2EE60CE1BC8F21110082E08
:1088300028606C6005D1384649460822F8F7CBF825
:1088400080B3384629463246F8F7C5F800B34FF2F0
:108850006C00C0F600002BA101F056FAD8E9000721
:10886000B84219D04FF2D9064FF2C318441EC0F6D1
:108870000006C0F6000800BF14F8011F304601F0E2
:108880002FFC601CB842F7D1002640460CE000BF28
:10889000002614A008E000BF4FF2C3100026C0F667
:1088A000000001E0012607A001F0A4F928460821F4
:1088B00005F0AEFA4846082105F0AAFA304601B0A4
:1088C000BDE8F0835B4F54415D5B494E464F5D20F0
:1088D00041434B5FE5BC80E5A78BE4B88BE8BDBDA9
:1088E000000000005B4F54415D5B4552524F525DAA
:1088F000204E41434B5FE5BC80E5A78BE4B88BE895
:10890000BDBD0000436865636B41434B5F537461B9
:108910007274446F776E6C6F61644D736700000012
:108920002DE9F04F81B083460220009106F050F906
:10893000064602304BF2EE61CBE90060CBF808004E
:108940000420318006F044F90546041D0020A8707B
:108950003088EF1C288030460221CBE90057CBF845
:10896000084005F055FADBF80860CBF80470B74210
:1089700002D21020E87036E0DBF80080A7EB08098F
:1089800009F10105B5F1FF3F40F34C85A6EB080A5C
:10899000B5EB4A0F6FF0404038BF4FEA4A058245B9
:1089A00028BF6FF000452DB1284606F011F90746A3
:1089B00001E000BF002707EB0904102004F8010BB9
:1089C000384641464A467E19F8F750F8B8F1000F8C
:1089D000CBE90074CBF8086005D04046514605F05D
:1089E00017FADBF80860B442CBF8044004D28820C0
:1089F00004F8010B35E000BFDBF80080A4EB0809A8
:108A000009F10105B5F1FF3F40F30C85A6EB080A1B
:108A1000B5EB4A0F6FF0404038BF4FEA4A05824538
:108A200028BF6FF000452DB1284606F0D1F8074663
:108A300001E000BF002707EB0904882004F8010BC0
:108A4000384641464A463D44F8F710F8B8F1000F61
:108A5000CBE90074CBF8085003D04046514605F0EE
:108A6000D7F9DBF80800CBF80440844204D2112087
:108A700004F8010B33E000BFDBF80060A4EB06094B
:108A800009F10105B5F1FF3F40F3CC84A0EB060AE4
:108A9000B5EB4A0F6FF0404038BF4FEA4A058245B8
:108AA00028BF6FF000452DB1284606F091F8074623
:108AB00001E000BF002707EB0904112004F8010BB7
:108AC000384631464A463D44F7F7D0FFCBE90074BB
:108AD000CBF808501EB13046514605F099F940F2E6
:108AE0002002C2F20002DBF8080092F80380844200
:108AF000CBF8044002D204F8018B35E0DBF80060CB
:108B0000A4EB060909F10105B5F1FF3F40F38A84A2
:108B1000A0EB060AB5EB4A0F6FF0404038BF4FEAB2
:108B20004A05824528BF6FF000452DB1284606F062
:108B30004FF8074601E000BF002707EB090438465D
:108B400031464A463D4404F8018BF7F78FFFCBE9E5
:108B50000074CBF808501EB13046514605F058F964
:108B600040F22002C2F20002DBF80800B2F80280F4
:108B70008442CBF8044003D204F8018B36E000BFF6
:108B8000DBF80060A4EB060909F10105B5F1FF3F30
:108B900040F34884A0EB060AB5EB4A0F6FF0404063
:108BA00038BF4FEA4A05824528BF6FF000452DB116
:108BB000284606F00DF8074601E000BF002707EB46
:108BC0000904384631464A463D4404F8018BF7F71C
:108BD0004DFFCBE90074CBF808501EB1304651462A
:108BE00005F016F940F22002C2F20002DBF808009C
:108BF000116884424FEA1128CBF8044002D204F8ED
:108C0000018B35E0DBF80060A4EB060909F10105F2
:108C1000B5F1FF3F40F30684A0EB060AB5EB4A0F1F
:108C20006FF0404038BF4FEA4A05824528BF6FF0D9
:108C300000452DB1284605F0CBFF074601E000BFF7
:108C4000002707EB0904384631464A463D4404F8FC
:108C5000018BF7F70BFFCBE90074CBF808501EB17E
:108C60003046514605F0D4F840F22002C2F200022C
:108C7000DBF80800D2F800808442CBF8044003D22D
:108C800004F8018B32E000BFDBF80060A4EB0609BA
:108C900009F10105B5F1FF3F40F3C483A0EB060ADB
:108CA000B5EB4A0F6FF0404038BF4FEA4A058245A6
:108CB00028BF6FF000452DB1284605F089FF074613
:108CC00001E000BF002707EB0904384631464A4659
:108CD0003D4404F8018BF7F7C9FECBE90074CBF8EB
:108CE00008501EB13046514605F092F8DBF80800F6
:108CF000009984424FEA1168CBF8044002D204F88C
:108D0000018B31E0DBF80060A4EB060909F10105F5
:108D1000B5F1FF3F40F38683A0EB060AB5EB4A0F9F
:108D20006FF0404038BF4FEA4A05824528BF6FF0D8
:108D300000452DB1284605F04BFF074601E000BF76
:108D4000002707EB0904384631464A463D4404F8FB
:108D5000018BF7F78BFECBE90074CBF808501EB1FE
:108D60003046514605F054F8DBF80800009984427B
:108D70004FEA1148CBF8044002D204F8018B31E0ED
:108D8000DBF80060A4EB060909F10105B5F1FF3F2E
:108D900040F34883A0EB060AB5EB4A0F6FF0404062
:108DA00038BF4FEA4A05824528BF6FF000452DB114
:108DB000284605F00DFF074601E000BF002707EB3E
:108DC0000904384631464A463D4404F8018BF7F71A
:108DD0004DFECBE90074CBF808501EB13046514629
:108DE00005F016F8DBF80800009984424FEA1128D4
:108DF000CBF8044002D204F8018B31E0DBF80060CC
:108E0000A4EB060909F10105B5F1FF3F40F30A8320
:108E1000A0EB060AB5EB4A0F6FF0404038BF4FEAAF
:108E20004A05824528BF6FF000452DB1284605F060
:108E3000CFFE074601E000BF002707EB09043846D4
:108E400031464A463D4404F8018BF7F70FFECBE963
:108E50000074CBF808501EB13046514604F0D8FFDC
:108E6000DBF80800CBF80440844203D2009804F8F1
:108E7000010B32E0DBF80060A4EB060909F1010503
:108E8000B5F1FF3F40F3CE82A0EB060AB5EB4A0FE7
:108E90006FF0404038BF4FEA4A05824528BF6FF067
:108EA00000452DB1284605F093FE074601E000BFBE
:108EB0000027009807EB090404F8010B38463146F7
:108EC0004A463D44F7F7D2FDCBE90074CBF8085091
:108ED0001EB13046514604F09BFFDBF80800CBF88A
:108EE0000440844204D26F2004F8010B33E000BF39
:108EF000DBF80050A4EB050808F10107B7F1FF3FCC
:108F000040F39082A0EB0509B7EB490F6FF04040AA
:108F100038BF4FEA4907814528BF6FF000472FB19E
:108F2000384605F055FE064601E000BF002606EB78
:108F300008046F2004F8010B3046294642463744A6
:108F4000F7F794FDCBE90064CBF808701DB1284613
:108F5000494604F05DFFDBF80800CBF8044084428A
:108F600004D2742004F8010B31E000BFDBF800509C
:108F7000A4EB050818F1010700F15482A0EB0509E4
:108F8000B7EB490F6FF0404038BF4FEA49078145C2
:108F900028BF6FF000472FB1384605F019FE06468E
:108FA00001E000BF002606EB0804742004F8010B62
:108FB0003046294642463744F7F758FDCBE900646E
:108FC000CBF808701DB12846494604F021FFDBF8B4
:108FD0000800CBF80440844204D2612004F8010B5D
:108FE00031E000BFDBF80050A4EB050818F10107E1
:108FF00000F11882A0EB0509B7EB490F6FF0404074
:1090000038BF4FEA4907814528BF6FF000472FB1AD
:10901000384605F0DDFD064601E000BF002606EB00
:109020000804612004F8010B3046294642463744C3
:10903000F7F71CFDCBE90064CBF808701DB128469A
:10904000494604F0E5FEDBF80800CBF80440844212
:1090500004D22E2004F8010B31E000BFDBF80050F1
:10906000A4EB050818F1010700F1DC81A0EB05096C
:10907000B7EB490F6FF0404038BF4FEA49078145D1
:1090800028BF6FF000472FB1384605F0A1FD064616
:1090900001E000BF002606EB08042E2004F8010BB7
:1090A0003046294642463744F7F7E0FCCBE90064F6
:1090B000CBF808701DB12846494604F0A9FEDBF83C
:1090C0000800CBF80440844204D2622004F8010B6B
:1090D00031E000BFDBF80050A4EB050818F10107F0
:1090E00000F1A081A0EB0509B7EB490F6FF04040FC
:1090F00038BF4FEA4907814528BF6FF000472FB1BD
:10910000384605F065FD064601E000BF002606EB87
:109110000804622004F8010B3046294642463744D1
:10912000F7F7A4FCCBE90064CBF808701DB1284622
:10913000494604F06DFEDBF80800CBF80440844299
:1091400004D2692004F8010B31E000BFDBF80050C5
:10915000A4EB050818F1010700F16481A0EB0509F3
:10916000B7EB490F6FF0404038BF4FEA49078145E0
:1091700028BF6FF000472FB1384605F029FD06469D
:1091800001E000BF002606EB0804692004F8010B8B
:109190003046294642463744F7F768FCCBE900647D
:1091A000CBF808701DB12846494604F031FEDBF8C3
:1091B0000800CBF80440844204D26E2004F8010B6E
:1091C00031E000BFDBF80050A4EB050818F10107FF
:1091D00000F12881A0EB0509B7EB490F6FF0404083
:1091E00038BF4FEA4907814528BF6FF000472FB1CC
:1091F000384605F0EDFC064601E000BF002606EB10
:1092000008046E2004F8010B3046294642463744D4
:10921000F7F72CFCCBE90064CBF808701DB12846A9
:10922000494604F0F5FDDBF80800CBF80440844221
:1092300004D2FF2004F8010B33E000BFDBF800503C
:10924000A4EB050808F10107B7F1FF3F40F3EA80FE
:10925000A0EB0509B7EB490F6FF0404038BF4FEA6C
:109260004907814528BF6FF000472FB1384605F008
:10927000AFFC064601E000BF002606EB0804FF2015
:1092800004F8010B3046294642463744F7F7EEFB17
:10929000CBE90064CBF808701DB12846494604F0BC
:1092A000B7FDDBF80800CBF80440844204D2FC2070
:1092B00004F8010B33E000BFDBF80050A4EB050815
:1092C00008F10107B7F1FF3F40F3AC80A0EB0509BF
:1092D000B7EB490F6FF0404038BF4FEA490781456F
:1092E00028BF6FF000472FB1384605F071FC0646E5
:1092F00001E000BF002606EB0804FC2004F8010B87
:109300003046294642463744F7F7B0FBCBE90064C4
:10931000CBF808701DB12846494604F079FDDBF80A
:109320000800CBF80440844204D2FF2004F8010B6B
:1093300031E000BFDBF80050A4EB050808F101079D
:10934000B7F1FF3F6EDDA0EB0509B7EB490F6FF0FA
:10935000404038BF4FEA4907814528BF6FF00047BA
:1093600027B1384605F034FC064600E0002606EB3F
:109370000804FF2004F8010B3046294642463744D2
:10938000F7F774FBCBE90064CBF808701DB12846F1
:10939000494604F03DFDDBF80800CBF80440844268
:1093A00008D2FF2004F8010BCBF8044001B0BDE85F
:1093B000F08F00BFDBF80050A4EB050808F10107AF
:1093C000B7F1FF3F2EDDA0EB0509B7EB490F6FF0BA
:1093D000404038BF4FEA4907814528BF6FF000473A
:1093E00027B1384605F0F4FB064600E0002606EB00
:1093F0000804FF2004F8010B304629464246374452
:10940000F7F734FB002DCBE90064CBF80870CBD024
:109410002846494604F0FCFCCBF8044001B0BDE806
:10942000F08F00BF584603F0E1F800002DE9F0414D
:1094300015460F46044649B1384605F0C9FB394682
:10944000064600EB0708F7F7D5FB02E04FF00008EF
:109450000026FAF789F842F69420C2F2000031465D
:109460003A462B46FCF748F990B10CA0294601F08A
:109470000FFA0020002EC4E90000A06008BFBDE87C
:10948000F081A8EB0601304604F0C2FCBDE8F08193
:10949000C4E90068C4F80880BDE8F0815B4F54411E
:1094A0005D5B4552524F525D20E68EA5E694B6E8CC
:1094B000B685E697B63A2025750A000080B5D0E952
:1094C00000104FF47A73401A82B242F69420C2F22E
:1094D0000000FCF791F9002808BF80BD02A0BDE89C
:1094E000804000F087BB00BF5B4F54415D5B45523D
:1094F000524F525D204F5441E58F91E98081E994AC
:1095000099E8AFAF210A000070B586B040F22001A3
:10951000C2F200010A6804464FF28B00C0F6000058
:109520002BA3214601F09EFB03A82146FFF7F8F983
:1095300029A000F05FFBDDE90305A8420CD04FF243
:10954000D904461EC0F6000416F8011F204600F09C
:10955000C7FD701CA842F7D14FF2C310C0F600003F
:1095600000F048FB03A8FFF7A9FF26A000F042FB8C
:109570006846082141F27072FFF758FFDDE90001EB
:1095800088420DD06846FFF735F948B14FF2971081
:109590000124C0F6000000F02DFB009848B90DE052
:1095A0004FF269100024C0F6000000F023FB009881
:1095B00020B102990190091A04F02AFC039820B105
:1095C00005990490091A04F023FC204606B070BDEA
:1095D0006F74612E62696E005B4F54415D5B494E52
:1095E000464F5D20E5B7B2E7949FE68890E5BC80E2
:1095F000E5A78BE4B88BE8BDBDE6B688E681AF3A57
:10960000000000005B4F54415D5B494E464F5D20BA
:10961000E5B7B2E58F91E98081E5BC80E5A78BE4F1
:10962000B88BE8BDBDE6B688E681AF2C20E7AD89F2
:10963000E5BE85E8AEBEE5A487E5938DE5BA942E38
:109640002E2E000010B584B012A000F0D3FA01A8AD
:1096500008214EF66022FFF7E9FEDDE901018842AC
:109660000AD001A8FEF71CFD30B1012413A000F0C0
:10967000C1FA019830B90AE000241CA000F0BAFA3F
:10968000019820B103990290091A04F0C1FB204609
:1096900004B010BD0A5B4F54415D5B50524F4345CF
:1096A00053535D20E7AD89E5BE85E8AEBEE5A487EE
:1096B000E8A7A3E58E8B2E2E2E0000005B4F5441B1
:1096C0005D5B494E464F5D20E8A7A3E58E8BE5AE76
:1096D0008CE688903A20E8AEBEE5A487E5938DE558
:1096E000BA94E6ADA3E5B8B8000000005B4F544162
:1096F0005D5B4552524F525D20E8A7A3E58E8BE596
:10970000A4B1E8B4A53A20E8AEBEE5A487E5938D00
:10971000E5BA94E5BC82E5B8B800000010B586B0A3
:109720001DA000F067FA03AC2046FEF745FE204678
:10973000FFF7C4FE4FF22110C0F6000000F05AFA05
:109740006846082141F28832FFF770FEDDE900012A
:1097500088420BD06846FEF7C7FD38B1012418A037
:1097600000F048FA009838B90BE000BF002420A0B0
:1097700000F040FA009820B102990190091A04F013
:1097800047FB039820B105990490091A04F040FBA7
:10979000204606B010BD00BF0A5B4F54415D5B50D0
:1097A000524F434553535D204F5441E58F91E9801B
:1097B00081E69BB4E696B0E591BDE4BBA400000051
:1097C0005B4F54415D5B494E464F5D20E5BC80E5F3
:1097D000A78BE69BB4E696B03A20E8AEBEE5A48738
:1097E000E5938DE5BA94E6ADA3E5B8B800000000B6
:1097F0005B4F54415D5B4552524F525D20E5BC804A
:10980000E5A78BE69BB4E696B03A20E8AEBEE5A4A9
:1098100087E5938DE5BA94E5BC82E5B8B800000011
:1098200010B584B012A000F0E5F901A8082142F2B9
:109830001072FFF7FBFDDDE9010188420AD001A8A3
:10984000FEF7C0FC30B1012413A000F0D3F9019859
:1098500030B90AE000241CA000F0CCF9019820B136
:1098600003990290091A04F0D3FA204604B010BDFF
:109870000A5B4F54415D5B50524F434553535D204B
:10988000E7AD89E5BE85E8AEBEE5A487E9AA8CE828
:10989000AF812E2E2E0000005B4F54415D5B494E80
:1098A000464F5D20E9AA8CE8AF81E5AE8CE6889052
:1098B0003A20E8AEBEE5A487E5938DE5BA94E6AD1F
:1098C000A3E5B8B8000000005B4F54415D5B455212
:1098D000524F525D20E9AA8CE8AF81E5A4B1E8B40B
:1098E000A53A20E8AEBEE5A487E5938DE5BA94E5F8
:1098F000BC82E5B8B80000002DE9F0418AB080468E
:109900000025CDE90755099592B1B2F1FF3F49DD38
:1099100010460E46174605F05BF9C51931463A4622
:10992000044607900995F7F7A1F8089501E000BFF4
:10993000002404AE07A930464246FEF795F93046AA
:10994000FFF7BCFD01A809214FF4FA52FFF76EFDA5
:10995000DDE90101884209D001A84146FEF7D0F8AF
:1099600020B10126019838B90BE000BF0FA000F02C
:1099700041F90026019820B103990290091A04F0D8
:1099800047FA049820B106990590091A04F040FAA4
:109990001CB1291B204604F03BFA30460AB0BDE852
:1099A000F08100BF07A802F021FE00BF5B4F5441C9
:1099B0005D5B4552524F525D20E695B0E68DAEE5B7
:1099C0008C85E4BCA0E8BE93E5A4B1E8B4A53A2038
:1099D000E8AEBEE5A487E5938DE5BA94E5BC82E5E3
:1099E000B8B8000040F2D410C2F20000F9F7F4BD9C
:1099F00080B542F62830C2F20000811C42F60020F9
:109A0000C2F200007F22FBF75DF842F6B410C2F20A
:109A10000000BDE88040FAF7D3BD000070470000A9
:109A200010B5F9F7A1FD42F21C34C2F2000421681E
:109A3000401AB0F5FA7F98BF10BDF9F795FD0246C0
:109A40004FF0904008212260BDE81040F9F77EBD3C
:109A5000F0B581B042F2FC24C2F20004A06998B3D0
:109A6000616862696FF0030601E000BF60B306EA57
:109A70005203CB5802F0070503EB051393F90B5083
:109A8000B5F1FF3F0BDCD3E902201968056822F02D
:109A90000042ED680123A8476168D4E9052001323E
:109AA0000138102AC4E90520E0D3E069096802689A
:109AB0000423D5688022A8476168D4E905200431D1
:109AC000083A61606261D1E742F2E427C2F200071E
:109AD0007D68686800281CBFE868A8602A6962B1D0
:109AE0006869D2E900610468D368521AE4681032E8
:109AF000A047002E32462E61F2D10020C7E90200B5
:109B0000386101B0F0BD0000F0B581B042F2FC2533
:109B1000C2F20005A86900284AD0696868696FF038
:109B2000030633A702E000BF002A41D006EA500234
:109B3000895800F0070001EB0012000192F90B3088
:109B400009583846002B58BF1146F6F7A7FC68693C
:109B5000696806EA50028A5800F0070302EB031214
:109B600092F90B30B3F1FF3F0ADCD2E90230116801
:109B7000046823F00042E4680123A047696868692B
:109B8000AA690130013A1028C5E90502CCD3E86979
:109B9000096802680423D4688022A0476868D5E970
:109BA0000532011DA3F1080069606861BCE700BFD0
:109BB00042F2E424C2F200046568686800281CBF11
:109BC000E868A8602A6962B16869D2E9006107683B
:109BD000D368521AFF681032B847002E32462E6101
:109BE000F2D10020C4E90200206101B0F0BD00BF45
:109BF000257300002DE9F04184B00546F6F717FF04
:109C0000064642F2E4286F46FE2828BFFE260024BE
:109C1000C2F20008711C3846CDE900440294CDF828
:109C20000C8002F09FFD38462946324602F016FDB0
:109C300038460A2102F014FE9DF90B000199002814
:109C400058BF014641B1D8F80820D8F81430753112
:109C50009A1A8A4208D2002440B2B0F1FF3F45DD93
:109C6000204604B0BDE8F08142F2FC24C2F20004B8
:109C7000D4E90101D4E905230D1A1A44A1EB000728
:109C80004FF0FF3618BF06EB4705954204D120463A
:109C900003F070FCD4E9010181420DD0D4E9051232
:109CA00011446FF0030202EA5102805801F00701EB
:109CB00000EB011001E000BF00209DF90B10E269EC
:109CC0000029C26004D49DE80E000EC004E000BF6D
:109CD000DDE9001202F096FCA0690130A0619DF858
:109CE0000B00012440B2B0F1FF3FB9DC0398029BA6
:109CF00002680099D76823F000420123B847204644
:109D000004B0BDE8F08100002DE9F041C4B00B467D
:109D1000024604A84FF48071F6F7CCFB42F2E4252A
:109D20000128C2F200050BDBFF28044628BFFF24F0
:109D30000B2803950ED26E468DF80B4019E000BF3C
:109D400000240294CDE9004403F076F9039000204A
:109D500019E000BF286844F007078368791C28468B
:109D6000012298470646009007F100400130CDE9F6
:109D7000014004A930462246F6F778FE002030550F
:109D80009DF80B00019C46B2002E48BF204628B12A
:109D9000A9686A697530511A814207D20024B6F168
:109DA000FF3F46DD204644B0BDE8F08142F2FC288A
:109DB000C2F20008D8E90101D8E905230D1A1A44B6
:109DC000A1EB00074FF0FF3C18BF0CEB4705954295
:109DD00004D1404603F0CEFBD8E90101814215D001
:109DE000D8E9051211446FF0030202EA51028058CB
:109DF00001F0070100EB0110D8F81C10002EC16023
:109E00000AD49DE80E000EC00AE000BF0020D8F87A
:109E10001C10002EC160F4D50099224602F0F2FB1E
:109E2000D8F8180001240130C8F81800B6F1FF3F37
:109E3000B8DC0398029B02680099D76823F00042BF
:109E40000123B847204644B0BDE8F0812DE9F04138
:109E5000C6B016460B46024606A84FF4807100961F
:109E6000F6F728FB42F2E4250128C2F200050BDBDD
:109E7000FF28044628BFFF240B2805950ED202AE0A
:109E80008DF8134019E000BF00240494CDE902448A
:109E900003F0D2F80590002019E000BF286844F0D4
:109EA00007078368791C28460122984706460290D6
:109EB00007F100400130CDE9034006A930462246B3
:109EC000F6F7D4FD002030559DF81300039C46B2F0
:109ED000002E48BF204628B1A9686A697530511A1A
:109EE000814207D20024B6F1FF3F46DD204646B04E
:109EF000BDE8F08142F2FC28C2F20008D8E9010175
:109F0000D8E905230D1A1A44A1EB00074FF0FF3CD6
:109F100018BF0CEB4705954204D1404603F02AFBDD
:109F2000D8E90101814215D0D8E9051211446FF03A
:109F3000030202EA5102805801F0070100EB011010
:109F4000D8F81C10002EC1600AD402AB0ECB0EC094
:109F50000AE000BF0020D8F81C10002EC160F4D524
:109F60000299224602F04EFBD8F818000124013075
:109F7000C8F81800B6F1FF3FB8DC0598049B0268EA
:109F80000299D76823F000420123B847204646B023
:109F9000BDE8F0812DE9F041C6B01E4615460B46DE
:109FA000024606A84FF48071CDE90056F6F782FA12
:109FB00042F2E4250128C2F200050BDBFF2804462B
:109FC00028BFFF240B2805950ED202AE8DF8134052
:109FD00019E000BF00240494CDE9024403F02CF8FA
:109FE0000590002019E000BF286844F00707836847
:109FF000791C2846012298470646029007F1004046
:10A000000130CDE9034006A930462246F6F72EFD81
:10A01000002030559DF81300039C46B2002E48BF27
:10A02000204628B1A9686A697530511A814207D261
:10A030000024B6F1FF3F46DD204646B0BDE8F08182
:10A0400042F2FC28C2F20008D8E90101D8E9052350
:10A050000D1A1A44A1EB00074FF0FF3C18BF0CEBA0
:10A060004705954204D1404603F084FAD8E901013E
:10A07000814215D0D8E9051211446FF0030202EABB
:10A080005102805801F0070100EB0110D8F81C10B4
:10A09000002EC1600AD402AB0ECB0EC00AE000BF96
:10A0A0000020D8F81C10002EC160F4D50299224679
:10A0B00002F0A8FAD8F8180001240130C8F81800F6
:10A0C000B6F1FF3FB8DC0598049B02680299D76897
:10A0D00023F000420123B847204646B0BDE8F08196
:10A0E0002DE9F041C4B00B46024604A84FF480713C
:10A0F000F6F7E0F942F2E4250128C2F200050BDB95
:10A10000FF28044628BFFF240B2803950ED26E4675
:10A110008DF80B4019E000BF00240294CDE9004403
:10A1200002F08AFF0390002019E000BF286844F085
:10A1300007078368791C2846012298470646009045
:10A1400007F100400130CDE9014004A93046224624
:10A15000F6F78CFC002030559DF80B00019C46B2B0
:10A16000002E48BF204628B1A9686A697530511A87
:10A17000814207D20024B6F1FF3F46DD204644B0BD
:10A18000BDE8F08142F2FC28C2F20008D8E90101E2
:10A19000D8E905230D1A1A44A1EB00074FF0FF3C44
:10A1A00018BF0CEB4705954204D1404603F0E2F995
:10A1B000D8E90101814215D0D8E9051211446FF0A8
:10A1C000030202EA5102805801F0070100EB01107E
:10A1D000D8F81C10002EC1600AD49DE80E000EC0F5
:10A1E0000AE000BF0020D8F81C10002EC160F4D592
:10A1F0000099224602F006FAD8F81800012401302E
:10A20000C8F81800B6F1FF3FB8DC0398029B02685B
:10A210000099D76823F000420123B847204644B094
:10A22000BDE8F0812DE9F041C6B016460B46024666
:10A2300006A84FF480710096F6F73CF942F2E42547
:10A240000128C2F200050BDBFF28044628BFFF24CB
:10A250000B2805950ED202AE8DF8134019E000BF11
:10A2600000240494CDE9024402F0E6FE05900020AB
:10A2700019E000BF286844F007078368791C284666
:10A28000012298470646029007F100400130CDE9CF
:10A29000034006A930462246F6F7E8FB0020305579
:10A2A0009DF81300039C46B2002E48BF204628B1FB
:10A2B000A9686A697530511A814207D20024B6F143
:10A2C000FF3F46DD204646B0BDE8F08142F2FC2863
:10A2D000C2F20008D8E90101D8E905230D1A1A4491
:10A2E000A1EB00074FF0FF3C18BF0CEB4705954270
:10A2F00004D1404603F03EF9D8E90101814215D06E
:10A30000D8E9051211446FF0030202EA51028058A5
:10A3100001F0070100EB0110D8F81C10002EC160FD
:10A320000AD402AB0ECB0EC00AE000BF0020D8F862
:10A330001C10002EC160F4D50299224602F062F989
:10A34000D8F8180001240130C8F81800B6F1FF3F12
:10A35000B8DC0598049B02680299D76823F0004294
:10A360000123B847204646B0BDE8F0812DE9F04111
:10A37000C6B016460B46024606A84FF480710096FA
:10A38000F6F798F842F2E4250128C2F200050BDB4B
:10A39000FF28044628BFFF240B2805950ED202AEE5
:10A3A0008DF8134019E000BF00240494CDE9024465
:10A3B00002F042FE0590002019E000BF286844F03A
:10A3C00007078368791C28460122984706460290B1
:10A3D00007F100400130CDE9034006A9304622468E
:10A3E000F6F744FB002030559DF81300039C46B25D
:10A3F000002E48BF204628B1A9686A697530511AF5
:10A40000814207D20024B6F1FF3F46DD204646B028
:10A41000BDE8F08142F2FC28C2F20008D8E901014F
:10A42000D8E905230D1A1A44A1EB00074FF0FF3CB1
:10A4300018BF0CEB4705954204D1404603F09AF84B
:10A44000D8E90101814215D0D8E9051211446FF015
:10A45000030202EA5102805801F0070100EB0110EB
:10A46000D8F81C10002EC1600AD402AB0ECB0EC06F
:10A470000AE000BF0020D8F81C10002EC160F4D5FF
:10A480000299224602F0BEF8D8F8180001240130E3
:10A49000C8F81800B6F1FF3FB8DC0598049B0268C5
:10A4A0000299D76823F000420123B847204646B0FE
:10A4B000BDE8F0812DE9F041C6B01E4615460B46B9
:10A4C000024606A84FF48071CDE90056F5F7F2FF79
:10A4D00042F2E4250128C2F200050BDBFF28044606
:10A4E00028BFFF240B2805950ED202AE8DF813402D
:10A4F00019E000BF00240494CDE9024402F09CFD61
:10A500000590002019E000BF286844F00707836821
:10A51000791C2846012298470646029007F1004020
:10A520000130CDE9034006A930462246F6F79EFAEF
:10A53000002030559DF81300039C46B2002E48BF02
:10A54000204628B1A9686A697530511A814207D23C
:10A550000024B6F1FF3F46DD204646B0BDE8F0815D
:10A5600042F2FC28C2F20008D8E90101D8E905232B
:10A570000D1A1A44A1EB00074FF0FF3C18BF0CEB7B
:10A580004705954204D1404602F0F4FFD8E90101A5
:10A59000814215D0D8E9051211446FF0030202EA96
:10A5A0005102805801F0070100EB0110D8F81C108F
:10A5B000002EC1600AD402AB0ECB0EC00AE000BF71
:10A5C0000020D8F81C10002EC160F4D50299224654
:10A5D00002F018F8D8F8180001240130C8F8180063
:10A5E000B6F1FF3FB8DC0598049B02680299D76872
:10A5F00023F000420123B847204646B0BDE8F08171
:10A600002DE9F041C6B016460B46024606A84FF4A7
:10A6100080710096F5F74EFF42F2E4250128C2F260
:10A6200000050BDBFF28044628BFFF240B280595F7
:10A630000ED202AE8DF8134019E000BF002404943E
:10A64000CDE9024402F0F8FC0590002019E000BFBB
:10A65000286844F007078368791C28460122984738
:10A660000646029007F100400130CDE9034006A9FB
:10A6700030462246F6F7FAF9002030559DF81300CF
:10A68000039C46B2002E48BF204628B1A9686A69DB
:10A690007530511A814207D20024B6F1FF3F46DDE2
:10A6A000204646B0BDE8F08142F2FC28C2F2000824
:10A6B000D8E90101D8E905230D1A1A44A1EB0007D6
:10A6C0004FF0FF3C18BF0CEB4705954204D14046C4
:10A6D00002F050FFD8E90101814215D0D8E90512F6
:10A6E00011446FF0030202EA5102805801F00701A1
:10A6F00000EB0110D8F81C10002EC1600AD402AB88
:10A700000ECB0EC00AE000BF0020D8F81C10002EAF
:10A71000C160F4D50299224601F074FFD8F8180000
:10A7200001240130C8F81800B6F1FF3FB8DC0598E5
:10A73000049B02680299D76823F000420123B847BE
:10A74000204646B0BDE8F0812DE9F041C6B016467E
:10A750000B46024606A84FF480710096F5F7AAFE54
:10A7600042F2E4250128C2F200050BDBFF28044673
:10A7700028BFFF240B2805950ED202AE8DF813409A
:10A7800019E000BF00240494CDE9024402F054FC17
:10A790000590002019E000BF286844F0070783688F
:10A7A000791C2846012298470646029007F100408E
:10A7B0000130CDE9034006A930462246F6F756F9A6
:10A7C000002030559DF81300039C46B2002E48BF70
:10A7D000204628B1A9686A697530511A814207D2AA
:10A7E0000024B6F1FF3F46DD204646B0BDE8F081CB
:10A7F00042F2FC28C2F20008D8E90101D8E9052399
:10A800000D1A1A44A1EB00074FF0FF3C18BF0CEBE8
:10A810004705954204D1404602F0ACFED8E901015B
:10A82000814215D0D8E9051211446FF0030202EA03
:10A830005102805801F0070100EB0110D8F81C10FC
:10A84000002EC1600AD402AB0ECB0EC00AE000BFDE
:10A850000020D8F81C10002EC160F4D502992246C1
:10A8600001F0D0FED8F8180001240130C8F8180013
:10A87000B6F1FF3FB8DC0598049B02680299D768DF
:10A8800023F000420123B847204646B0BDE8F081DE
:10A890002DE9F041C4B00B46024604A84FF4807184
:10A8A000F5F708FE42F2E4250128C2F200050BDBB1
:10A8B000FF28044628BFFF240B2803950ED26E46BE
:10A8C0008DF80B4019E000BF00240294CDE900444C
:10A8D00002F0B2FB0390002019E000BF286844F0AA
:10A8E00007078368791C284601229847064600908E
:10A8F00007F100400130CDE9014004A9304622466D
:10A90000F6F7B4F8002030559DF80B00019C46B2D4
:10A91000002E48BF204628B1A9686A697530511ACF
:10A92000814207D20024B6F1FF3F46DD204644B005
:10A93000BDE8F08142F2FC28C2F20008D8E901012A
:10A94000D8E905230D1A1A44A1EB00074FF0FF3C8C
:10A9500018BF0CEB4705954204D1404602F00AFEB1
:10A96000D8E90101814215D0D8E9051211446FF0F0
:10A97000030202EA5102805801F0070100EB0110C6
:10A98000D8F81C10002EC1600AD49DE80E000EC03D
:10A990000AE000BF0020D8F81C10002EC160F4D5DA
:10A9A0000099224601F02EFED8F81800012401304B
:10A9B000C8F81800B6F1FF3FB8DC0398029B0268A4
:10A9C0000099D76823F000420123B847204644B0DD
:10A9D000BDE8F0812DE9F041C6B016460B460246AF
:10A9E00006A84FF480710096F5F764FD42F2E42565
:10A9F0000128C2F200050BDBFF28044628BFFF2414
:10AA00000B2805950ED202AE8DF8134019E000BF59
:10AA100000240494CDE9024402F00EFB05900020CE
:10AA200019E000BF286844F007078368791C2846AE
:10AA3000012298470646029007F100400130CDE917
:10AA4000034006A930462246F6F710F8002030559C
:10AA50009DF81300039C46B2002E48BF204628B143
:10AA6000A9686A697530511A814207D20024B6F18B
:10AA7000FF3F46DD204646B0BDE8F08142F2FC28AB
:10AA8000C2F20008D8E90101D8E905230D1A1A44D9
:10AA9000A1EB00074FF0FF3C18BF0CEB47059542B8
:10AAA00004D1404602F066FDD8E90101814215D08B
:10AAB000D8E9051211446FF0030202EA51028058EE
:10AAC00001F0070100EB0110D8F81C10002EC16046
:10AAD0000AD402AB0ECB0EC00AE000BF0020D8F8AB
:10AAE0001C10002EC160F4D50299224601F08AFDA7
:10AAF000D8F8180001240130C8F81800B6F1FF3F5B
:10AB0000B8DC0598049B02680299D76823F00042DC
:10AB10000123B847204646B0BDE8F0812DE9F04159
:10AB2000C6B016460B46024606A84FF48071009642
:10AB3000F5F7C0FC42F2E4250128C2F200050BDB68
:10AB4000FF28044628BFFF240B2805950ED202AE2D
:10AB50008DF8134019E000BF00240494CDE90244AD
:10AB600002F06AFA0590002019E000BF286844F05E
:10AB700007078368791C28460122984706460290F9
:10AB800007F100400130CDE9034006A930462246D6
:10AB9000F5F76CFF002030559DF81300039C46B27A
:10ABA000002E48BF204628B1A9686A697530511A3D
:10ABB000814207D20024B6F1FF3F46DD204646B071
:10ABC000BDE8F08142F2FC28C2F20008D8E9010198
:10ABD000D8E905230D1A1A44A1EB00074FF0FF3CFA
:10ABE00018BF0CEB4705954204D1404602F0C2FC69
:10ABF000D8E90101814215D0D8E9051211446FF05E
:10AC0000030202EA5102805801F0070100EB011033
:10AC1000D8F81C10002EC1600AD402AB0ECB0EC0B7
:10AC20000AE000BF0020D8F81C10002EC160F4D547
:10AC30000299224601F0E6FCD8F818000124013000
:10AC4000C8F81800B6F1FF3FB8DC0598049B02680D
:10AC50000299D76823F000420123B847204646B046
:10AC6000BDE8F0812DE9F041C6B01E4615460B4601
:10AC7000024606A84FF48071CDE90056F5F71AFC9C
:10AC800042F2E4250128C2F200050BDBFF2804464E
:10AC900028BFFF240B2805950ED202AE8DF8134075
:10ACA00019E000BF00240494CDE9024402F0C4F985
:10ACB0000590002019E000BF286844F0070783686A
:10ACC000791C2846012298470646029007F1004069
:10ACD0000130CDE9034006A930462246F5F7C6FE0D
:10ACE000002030559DF81300039C46B2002E48BF4B
:10ACF000204628B1A9686A697530511A814207D285
:10AD00000024B6F1FF3F46DD204646B0BDE8F081A5
:10AD100042F2FC28C2F20008D8E90101D8E9052373
:10AD20000D1A1A44A1EB00074FF0FF3C18BF0CEBC3
:10AD30004705954204D1404602F01CFCD8E90101C8
:10AD4000814215D0D8E9051211446FF0030202EADE
:10AD50005102805801F0070100EB0110D8F81C10D7
:10AD6000002EC1600AD402AB0ECB0EC00AE000BFB9
:10AD70000020D8F81C10002EC160F4D5029922469C
:10AD800001F040FCD8F8180001240130C8F8180080
:10AD9000B6F1FF3FB8DC0598049B02680299D768BA
:10ADA00023F000420123B847204646B0BDE8F081B9
:10ADB0002DE9F041C6B016460B46024606A84FF4F0
:10ADC00080710096F5F776FB42F2E4250128C2F285
:10ADD00000050BDBFF28044628BFFF240B28059540
:10ADE0000ED202AE8DF8134019E000BF0024049487
:10ADF000CDE9024402F020F90590002019E000BFDF
:10AE0000286844F007078368791C28460122984780
:10AE10000646029007F100400130CDE9034006A943
:10AE200030462246F5F722FE002030559DF81300EB
:10AE3000039C46B2002E48BF204628B1A9686A6923
:10AE40007530511A814207D20024B6F1FF3F46DD2A
:10AE5000204646B0BDE8F08142F2FC28C2F200086C
:10AE6000D8E90101D8E905230D1A1A44A1EB00071E
:10AE70004FF0FF3C18BF0CEB4705954204D140460C
:10AE800002F078FBD8E90101814215D0D8E905121A
:10AE900011446FF0030202EA5102805801F00701E9
:10AEA00000EB0110D8F81C10002EC1600AD402ABD0
:10AEB0000ECB0EC00AE000BF0020D8F81C10002EF8
:10AEC000C160F4D50299224601F09CFBD8F8180025
:10AED00001240130C8F81800B6F1FF3FB8DC05982E
:10AEE000049B02680299D76823F000420123B84707
:10AEF000204646B0BDE8F081B0B5044690F81C0489
:10AF000090B140F22405C2F200052868022827D03B
:10AF1000012805D14FF2C950C0F60000F5F740FDF9
:10AF200000F026FD28BB37E0012084F81C0400F067
:10AF30001FFD78B1014640F22400C2F20000006813
:10AF4000022833D0012805D14FF28630C0F6000028
:10AF5000F5F7A4FA152000F0F9FC0020B0BD00BF01
:10AF60004FF2C950C0F60000FEF744FE00F000FDAD
:10AF700090B101462868022808D001280CD14FF270
:10AF8000B530C0F60000F5F789FA05E04FF2B530AC
:10AF9000C0F60000FFF77CFC062000F0D7FC432041
:10AFA00000F0D4FC032020600120B0BD4FF28630B9
:10AFB000C0F60000FFF76CFC152000F0C7FC002075
:10AFC000B0BD0000B0B5051D0446284600F0AEFC3B
:10AFD00000284DD02978481E172800F29B804FF09A
:10AFE000840C8023DFE800F0100C96669696969607
:10AFF0009696969696969696969696969696968007
:10B0000040F2044C4FF48063601D6146A4F80A349A
:10B0100000F0A8FB002855D0B4F80A14E01D00F099
:10B0200095FBB4F80A142944B1F80320014610BA7C
:10B03000020C914240F080806179A27984F82C144E
:10B0400082EA0100FF2800F0BB8040F22400C2F237
:10B0500000000068022800F0D380012828D14FF2B8
:10B06000E430C0F60000F5F719FA0320B0BD00BFC8
:10B07000206888B140F22400C2F200000068022873
:10B0800010D0012814D14FF23B50C0F60000F5F764
:10B0900087FC0320B0BD00BF432000F057FC002018
:10B0A000B0BD00BF4FF23B50C0F60000FEF7A2FD5E
:10B0B0000320B0BD01212046A4F80A14BDE8B04029
:10B0C000FFF71ABF40F22400C2F200000068022815
:10B0D00048D00128ECD14FF25F50C0F60000F5F7E0
:10B0E0005FFC0320B0BD00BF94F81D140120A4F83C
:10B0F0000A0499B340F22405C2F200052868022828
:10B1000040D0012845D14FF28660C0F60000F5F727
:10B1100047FC3DE040F22400C2F200000068022833
:10B1200028D00128C4D14FF23E20C0F60000F5F728
:10B13000B5F90320B0BD00BF40F22400C2F2000008
:10B140000068022854D00128B2D14FF2C410C0F6D2
:10B150000000F5F7A3F90320B0BD00BF84F81D047B
:10B160000020B0BD4FF25F50C0F60000FEF742FD78
:10B170000320B0BD4FF23E20C0F60000FEF7B0FF46
:10B180000320B0BD4FF28660C0F60000FEF732FD2E
:10B190002868022808D001280CD14FF23360C0F68D
:10B1A0000000F5F7FDFB05E04FF23360C0F600004C
:10B1B000FEF720FD0420206000F030FD0020B0BD2F
:10B1C00094F82D34994204BF0220B0BD581CC0B27F
:10B1D00081421DD0206803281AD04FF2CE40C0F61D
:10B1E00000000A46194600F0C9FB0320B0BD00BFAD
:10B1F0004FF2C410C0F60000FFF7DAFD0320B0BD27
:10B200004FF2E430C0F60000FFF70CF80320B0BDA9
:10B21000012084F82D14B0BDB0B540F22405C2F26F
:10B22000000504462A68D0F82004022A00F1010132
:10B230000AD0012A12D14FF21650C0F600000522A2
:10B24000F5F72CF907E000BF4FF21650C0F60000EA
:10B250000522FFF779FAD4F82004411C0428C4F829
:10B260002014B8BFB0BD2868022809D001280DD12C
:10B270004FF28650C0F60000F5F792FB06E000BFE3
:10B280004FF28650C0F60000FEF7B4FC182000F024
:10B290005DFB182000F05AFB286804210228216079
:10B2A0000CD0012810D14FF25960C0F60000F5F71C
:10B2B00077FBBDE8B04000F031BD00BF4FF25960F0
:10B2C000C0F60000FEF796FCBDE8B04000F026BDD9
:10B2D000F0B581B0D0F81814D0F82824B0F80A34AA
:10B2E0008D1A00279D4238BF0127891A18BF0121F6
:10B2F00001EA0704012C2DD140F22406C2F2000617
:10B30000316802290CD0012914D14FF26541C0F6F1
:10B310000001074608462946F5F7C0F809E000BFD6
:10B320004FF26541C0F60001074608462946FFF77F
:10B33000AFFA38462844C2791A2A0BD0306802285E
:10B340000CD0012806D14FF2FE20C0F6000029469D
:10B35000F5F7A4F8204601B0F0BD00BF4FF2FE2083
:10B36000C0F600002946FFF735FB204601B0F0BDCE
:10B370002DE9F04F87B04FF6F7758146C7F6FF7598
:10B3800000F1070800F20944002040F2024109EBF5
:10B390000002D379002B57D0137A002B56D0537A62
:10B3A000002B55D0937A002B54D0D37A002B53D056
:10B3B000137B002B52D0537B002B51D0937B002B5F
:10B3C00050D0D37B002B4FD0137C002B4ED0537C1E
:10B3D000002B4DD0937C002B4CD0D37C002B4BD03A
:10B3E000137D002B4AD0537D002B49D0937D002B39
:10B3F00048D0D37D002B47D0137E002B46D0537E00
:10B40000002B45D0937E002B44D0D37E002B43D01D
:10B41000137F002B42D0537F002B41D0937F002B12
:10B4200040D0D37F002B3FD092F82030002B3DD06E
:10B4300092F82120002A3BD01B308842A7D1AB468E
:10B4400040F20246A24644E0073032E0083030E0E5
:10B4500009302EE00A302CE00B302AE00C3028E0D6
:10B460000D3026E00E3024E00F3022E0103020E0D6
:10B4700011301EE012301CE013301AE0143018E0D6
:10B48000153016E0163014E0173012E0183010E0D6
:10B4900019300EE01A300CE01B300AE01C3008E0D6
:10B4A0001D3006E01E3004E01F3002E0203000E0D6
:10B4B0002130C61FAE4200F2EB800B2E09EB000AD2
:10B4C00006D2072804AF8DF81B600FD1002612E0CA
:10B4D000AB4646F00700451C284603F079FB0746BB
:10B4E000049045F000405D46CDE905603846414690
:10B4F0003246F5F7BBFA0020B85599F9170409F25E
:10B500000C4BB0F1FF3F07DCD9F81414D9F80C0448
:10B5100021F0004102F07CFC04AA07CA0AF10108EC
:10B52000A045CBE90001CBF8082017D00AF10400B0
:10B5300010F8031CB1B1811EA14216D00A787AB16D
:10B54000411EA14211D00A7852B1A0420DD001781B
:10B5500051B1411C0430A142EAD106E0204605E089
:10B560000C4602E0C41E00E004464046261AAE42E5
:10B5700000F28E800B2E05D2844204AF8DF81B6042
:10B580000CD110E046F00700451C284603F020FBD4
:10B590000746049045F00040CDE905603846414635
:10B5A0003246F5F7A8FA0020B85504A800210A226F
:10B5B00002F0C4F99DF91B10C9F81804B1F1FF3F5E
:10B5C00005DC0699049821F0004102F021FC99F96C
:10B5D000170440F22404C2F20004002820685946EF
:10B5E000D9F80C2448BF1146022809D001280ED1F1
:10B5F0004FF23E30C0F60000F4F750FF06E000BF07
:10B600004FF23E30C0F60000FEF77EFB2068D9F80E
:10B610001814022814D0012805D14FF25F30C0F66B
:10B620000000F4F73BFF99F91704002812D4DBF867
:10B630000810DBE900020391CDE9010211E000BF2F
:10B640004FF25F30C0F60000FFF722F999F91704B6
:10B650000028ECD5D9F80C14D9F8102401A801F071
:10B6600064F9D9F8181401A800F0A0FC9DF90F00A6
:10B67000B0F1FF3F02DD07B0BDE8F08F03990198FC
:10B6800021F0004102F0C4FB07B0BDE8F08F00BF1D
:10B6900004A800F095FF000010B540F2C820C2F2E7
:10B6A0000000007842F22034C007C2F20004BFF369
:10B6B0005F8F21D040F22400C2F20000006802280F
:10B6C0000ED0012805D14FF23360C0F60000F5F727
:10B6D00067F904202060BDE8104000F09FBA00BF69
:10B6E0004FF23360C0F60000FEF784FA04202060B9
:10B6F000BDE8104000F092BA40F2C820C2F200004B
:10B7000002F081FE0028D5D0042020600020C4F87B
:10B710000C04C4F81004C4F81404A4F81C04C4F8FD
:10B720002004FF20A4F82D044CF2ED1040F200029A
:10B73000C0F60000C0F600022146F5F747F940F2D6
:10B74000C820C2F2000002F074FEB3E780B50A46DA
:10B75000014640F2E410C2F20000F6F7DDFF80B2CD
:10B7600080BD000080B50A46014642F60020C2F2C4
:10B77000000041F28833F9F7BFFFB0FA80F04009CA
:10B7800080BD0000B0B552A0F5F70AF96420F7F7C4
:10B7900013FB42F60020C2F20000D0F8800000281F
:10B7A00018BFF7F723F942F60024C2F2000420463E
:10B7B000F9F7AEFA05466420F7F7FEFA45BBD4F870
:10B7C0008C00202824D120684FF63E720168CEF606
:10B7D0007F7221F0010101601F210162016821F4E3
:10B7E000F87101608168114081606420F7F7E4FA24
:10B7F0002068016841F0010101606420F7F7DCFA7C
:10B800002068C169490244BFC0695FEA802005D44D
:10B810003CA0F5F7C5F80020B0BD00BFFEF718F951
:10B8200040F2B820C2F20000006808B10120B0BDAB
:10B8300040F2240440F23401C2F20004C2F20001DA
:10B840002068D1E90612022808D001280CD14FF651
:10B85000EE10C0F60000F4F721FE05E04FF6EE1002
:10B86000C0F60000FFF75AF940F23400C2F20000BF
:10B87000FBF7D6FB216858B1022917D00129D5D191
:10B880004FF67120C0F60000F5F78AF80120B0BD30
:10B89000022913D0012917D14FF63B20C0F6000032
:10B8A000F5F77EF8FFF7F8FE0120B0BD4FF67120E6
:10B8B000C0F60000FEF79EF90120B0BD4FF63B2018
:10B8C000C0F60000FEF796F9FFF7E6FE0120B0BDD6
:10B8D0005B424F4F545D5B494E464F5D20596D6F43
:10B8E00064656DE5BC80E5A78B2C20E4B88E5043E1
:10B8F000E79A84E6B29FE9809AE5B7B2E585B3E9B5
:10B9000097AD00005B424F4F545D5B4552524F5222
:10B910005D2055415254E4B8ADE6ADA2E68EA5E6F1
:10B9200094B6E5A4B1E8B4A50000000080B50146D6
:10B9300042F60020C2F2000001224FF4FA63F9F748
:10B94000DBFEB0FA80F0400980BD000080B582B017
:10B950008DF8070042F60020C2F200000DF1070149
:10B9600001224FF0FF33F9F747FF02B080BD00001E
:10B9700080B50A20F7F720FA0A2080BD40F22403A0
:10B98000C2F200031B68022B08D0012B04D180B542
:10B99000F4F784FDBDE8804001207047FEF742BC0B
:10B9A000B0B504460068042800D1B0BD2046FFF7BA
:10B9B00009FB032809D8DFE800F0030523B400BF22
:10B9C000F3E700BF0020C4F82004204600F048FB45
:10B9D000042820603ED0022818D0012818BFB0BD2E
:10B9E00040F22405C2F200052868022848D0012848
:10B9F0004CD14FF20D20C0F60000F4F7D1FF45E026
:10BA00000620BDE8B040FFF7A1BF00BF2046FFF70A
:10BA10005FFC024684F82E04D4F81804D4F82814E5
:10BA2000B4F80A34002A18BF431AE01D99B2A4F8EA
:10BA3000243400F07FF9002848D0B4F82404D4F866
:10BA4000281401440620C4F82814BDE8B040FFF7CC
:10BA50007DBF00BF40F22400C2F20000006802284F
:10BA600046D001284AD14FF2A960C0F60000F4F791
:10BA700097FF0620FFF76AFFBDE8B04000F0DAB894
:10BA80004FF20D20C0F60000FEF7B4F82046FFF795
:10BA90006FFC2868022809D001280DD14FF2FD5013
:10BAA000C0F60000F4F77CFF06E000BF4FF2FD5047
:10BAB000C0F60000FEF79EF8022020600620FFF787
:10BAC00045FF4320BDE8B040FFF740BF40F22400EF
:10BAD000C2F20000006894F82C14022816D0012845
:10BAE0001AD14FF29E40C0F60000F4F7D7FC13E0E5
:10BAF0004FF2A960C0F60000FEF77CF80620FFF7C1
:10BB000025FFBDE8B04000F095B800BF4FF29E4061
:10BB1000C0F60000FEF7E4FA94F82D04013884F82A
:10BB20002D041520FFF712FF2046BDE8B040FFF7B7
:10BB300073BB0000B0B5044694F917140020B1F1AE
:10BB4000FF3F04F20C45206007DCD4F81414D4F84D
:10BB50000C0421F0004102F05BF928462121F5F7A1
:10BB60006BF8FF20A4F82D04201D40F20541F5F7E5
:10BB700063F8FFF707FEA8B14320FFF7E7FE40F2A6
:10BB80002400C2F20000006802281BD0012818BF60
:10BB9000B0BD4FF21770C0F60000BDE8B040F4F73A
:10BBA000FFBE00BF40F22405C2F20005286802284B
:10BBB00010D0012815D14FF25A70C0F60000F4F7EA
:10BBC000EFFE0DE04FF21770C0F60000BDE8B04088
:10BBD000FEF710B84FF25A70C0F60000FEF70AF8F0
:10BBE000286802280ED0012805D14FF23360C0F634
:10BBF0000000F4F7D5FE04202060BDE8B04000F05E
:10BC00000DB800BF4FF23360C0F60000FDF7F2FF41
:10BC100004202060BDE8B040AFF3008042F6283039
:10BC2000C2F20000811C42F60020C2F200007F2216
:10BC3000F8F748BF40F2B820C2F2000000680128BF
:10BC400060D180B5FDF76AFDB0B1FDF7E9FD18B32D
:10BC5000FDF7F8FC40F22401C2F20001096888B344
:10BC6000022941D001294BD14FF67710C0F60000D0
:10BC7000F4F796FE44E000BF40F22400C2F2000058
:10BC80000068022818D001283AD14FF6D010C0F62B
:10BC90000000F4F785FE33E040F22400C2F2000019
:10BCA000006802281AD001282AD14FF69410C0F655
:10BCB0000000F4F775FE23E04FF6D010C0F6000048
:10BCC0001CE000BF022915D0012919D14FF6B2108E
:10BCD000C0F60000F4F764FE12E000BF4FF69410C7
:10BCE000C0F600000AE000BF4FF67710C0F6000073
:10BCF00004E000BF4FF6B210C0F60000FDF77AFF77
:10BD0000BDE8804042F62830C2F20000811C42F6B5
:10BD10000020C2F200007F22F8F7D4BE42F628309D
:10BD2000C2F20000811C42F60020C2F200007F2215
:10BD3000F8F7C8BE70B584B040F28426CDE9021091
:10BD40008DF80720C2F20006307EBFF35F8FC00778
:10BD500000F0F28096F82800BFF35F8FC00700F074
:10BD6000FF8040F2B820C2F20000006801281FD016
:10BD7000002840F0C18096F83000BFF35F8FC00705
:10BD800000F00281D6E90303F16A02681B6840F201
:10BD90003400C2F20000FBF7C5F9002840D030693A
:10BDA000F16A00680844F062012004B070BD00BF71
:10BDB000D6E9080109780568002949D0F06942F2FE
:10BDC00050740168C2F200042046B5F5007F67D9BF
:10BDD0004FF40072F4F74AFE30784FF40072411CC1
:10BDE00031702146FDF788FD002867D0D6E90701AC
:10BDF00042F250750A680068A2F50074C2F20005AC
:10BE000000F5007128462246F4F730FE30782246CD
:10BE1000411C31702946FDF76FFD00284ED04AE0E5
:10BE200040F224003169C2F200000068F26A0B6837
:10BE3000022865D001285FD14FF69E004FF6091108
:10BE4000C0F60000C0F60001F4F728FB54E000BF84
:10BE5000B5F5806F38D1F06942F250740168C2F2D2
:10BE6000000420464FF40072F4F700FE30784FF4DF
:10BE70000072411C31702146FDF73EFDF0B1F069C2
:10BE800042F250740068C2F2000400F500712046CE
:10BE90004FF40072F4F7EAFD30784FF4007204E0DA
:10BEA0002A46F4F7E3FD30782A46411C31702146DA
:10BEB000FDF722FD10B1012004B070BD30780138CB
:10BEC0003070002004B070BD40F22400C2F20000C7
:10BED0000068022822D001280ED14FF6DF004FF66D
:10BEE0000911C0F60000C0F600012A46F4F7D6FAA0
:10BEF000002004B070BD00BF002004B070BD00BFC2
:10BF00004FF69E004FF60911C0F60000C0F6000182
:10BF1000FEF740F8002004B070BD00BF4FF6DF0010
:10BF20004FF60911C0F60000C0F600012A46FDF7E1
:10BF30008DFF002004B070BD06F11804204602F009
:10BF400062FA00283FF406AF03A806F10C0302A929
:10BF50000DF1070207C3204602F06BFAFAE600BFB4
:10BF600006F12804204602F04EFA00283FF4F9AE0C
:10BF700003A806F11C0302A90DF1070207C320461E
:10BF800002F057FAEDE600BF06F13004204602F059
:10BF90003AFA00283FF4F6AE40F23400C2F2000054
:10BFA0008069F062204602F044FAEBE6B0B582B058
:10BFB00040F284250191C2F20005287ABFF35F8F19
:10BFC000C0073FD040F2B820C2F20000006801284C
:10BFD0002CD168680068FDF797FA40F22401C2F29C
:10BFE0000001096850B1022916D001291AD14FF673
:10BFF0004310C0F60000F4F7D3FC13E0022917D079
:10C00000012905D14FF61410C0F60000F4F7C8FC62
:10C01000FFF742FB02B0B0BD4FF64310C0F6000080
:10C02000FDF7E8FD4FF47A70F6F7C6FE02B0B0BD3A
:10C030004FF61410C0F60000FDF7DCFDFFF72CFBF7
:10C0400002B0B0BD05F10804204602F0DCF900287A
:10C05000B8D001A86860204602F0EBF9B2E7000012
:10C06000B0B5B0F80A240368012A60D0A3B1032B4D
:10C070002AD140F22404C2F200042168022925D00A
:10C0800001292CD14FF2C561C0F6000105460846D2
:10C09000F4F786FC22E000BF90F82C14802A02BF3F
:10C0A00000290120B0BD40F22400C2F20000006867
:10C0B00002282DD0012839D14FF22340C0F60000CC
:10C0C000F4F7ECF932E000BF0220B0BD4FF2C561D9
:10C0D000C0F6000105460846FDF78CFD2846B0F87D
:10C0E0000A2490F82C14802A08BF002902D0C379B2
:10C0F00002E000BFC379EBB12068022810D001280C
:10C1000014D14FF26720C0F60000F4F7C7F90DE034
:10C110004FF22340C0F60000FEF728F906E000BF0A
:10C120004FF26720C0F60000FEF7C4F9042318465A
:10C13000B0BD00BF00214318DA79002A41D11A7A34
:10C1400012BB5A7A12BB9A7A12BBDA7A12BB1A7BEA
:10C1500012BB5A7B12BB9A7B12BBDA7B12BB1A7CD6
:10C1600012BB5A7C12BB9A7C12BBDA7C12BB1A7DC2
:10C1700012BB5A7D12BB9A7D12BB103180294FF041
:10C180000403D8D1D3E700BF01311AE0023118E02F
:10C19000033116E0043114E0053112E0063110E0FD
:10C1A00007310EE008310CE009310AE00A3108E0FD
:10C1B0000B3106E00C3104E00D3102E00E3100E0FD
:10C1C0000F312068022809D001287FF4AFAF4FF269
:10C1D000BC20C0F60000F4F761F9A7E74FF2BC20DD
:10C1E000C0F60000FEF70CFAA0E7000090F9171463
:10C1F000B1F1FF3FC8BF704710B5D0F81414D0F8A4
:10C200000C2421F000410446104601F001FE2046B6
:10C21000BDE81040704770477047F0B581B01546D3
:10C22000DDE906720E4689681C467AB1884204D060
:10C2300040684968F4F728FD60B931462A4623462C
:10C24000069701B0BDE8F04000F088B84068496842
:10C250008842F2D001B0F0BD2DE9F0411646069AB1
:10C260000C468968984607468AB18F4230D07D686F
:10C2700049682846F4F708FD50B3206887420ED07D
:10C2800041682846F4F700FD48B1BDE8F0817868C0
:10C29000496888421CD0216849688842F5D12069E4
:10C2A000864220D0606986421DD0D4E90901C4F8D5
:10C2B0002080013101286661A16205D1A0690228B0
:10C2C00004BF012084F836000420E062BDE8F0815C
:10C2D00060688642D9D1E06901281CBFC4F81C807F
:10C2E000BDE8F081D1E7B8F1010F18BFBDE8F081DA
:10C2F00001202062BDE8F08180B5D1F824E0BEF1D4
:10C30000000F10D0D1F814C0886B844502D10869A1
:10C3100090420FD00EF10100486202208861012096
:10C3200081F8360080BD886B8B61C1E90420012053
:10C33000486280BD8869022804BF8B6180BDF1E737
:10C3400080B5D1F808C0D0F804E0DCF804008645D8
:10C3500018BF80BDBDE88040FFF7CEBF80B54868FC
:10C360004FF0010E834281F835E000D080BD0B69AB
:10C37000DDF808C081F834E02BB193420FD0486A51
:10C380000130486217E00120BCF1010F0A61C1F8D9
:10C3900018C04862EAD1086B01280CD0E6E78A6928
:10C3A000022A04BFC1F818C06246086B012818BFF2
:10C3B00080BD012ADAD1012081F8360080BD2DE947
:10C3C000F04190B0054640684B68984233D04EF635
:10C3D000F8531446C0F600034EF60462C0F600029D
:10C3E000084619460023002701F0D6FD20B3276830
:10C3F00037B30DF10408064608F104003821F4F7BC
:10C400001BFC4FF0FF300490012031688DF83B0099
:10C410000D900395CD69304641463A460123019679
:10C42000A84707980138B0FA80F04FEA501704BFC8
:10C430000598206000E00127384610B0BDE8F08183
:10C44000F4F745FE2DE9F04383B0DDE90A940E468A
:10C45000896898461546074684B18F4204D07868AB
:10C460004968F4F711FC68B931462A464346CDF8CD
:10C47000289003B0BDE8F043FFF770BF78684968C3
:10C480008842F1D0B8682A46016843464F69314670
:10C49000CDE90094B84703B0BDE8F0832DE9F0433F
:10C4A00083B0DDF828900C46896898461546B9F1A6
:10C4B000000F074630D08F4240D07E684968304632
:10C4C000F4F7E2FBD0B32068874204D041683046DD
:10C4D000F4F7DAFB40BB2069854238D060698542B9
:10C4E00035D0E06AC4F82080042838D00020A08627
:10C4F000B868012601682A464F6921462B46CDE9D6
:10C500000069B84794F83500012826D194F8340022
:10C510000321E16218B32FE07868496888420DD0A2
:10C52000216849688842D6D0B8682A4601684346DF
:10C530008F692146CDF80090B8471DE060688542BC
:10C540001AD1E069012818BFC4F81C8014E0B8F1C2
:10C55000010F04BF012020620EE00420E062D4E954
:10C560000901656101310128A16205D1A069022894
:10C5700004BF012084F8360003B0BDE8F08380B525
:10C58000D1F808C0D0F804E0DCF804C0E64507D0D4
:10C590008068D0F800C0DCF81CC0BDE8804060476F
:10C5A000BDE88040FFF7A8BE401AB0FA80F040090D
:10C5B000704700004FF27960C0F6000000F068FCA0
:10C5C0004FF27960C0F6000000F062FC401AB0FA49
:10C5D00080F040097047081AB0FA80F040097047AF
:10C5E000081AB0FA80F040097047000001A000F07E
:10C5F0004FFC00BF766563746F72000002680846E6
:10C60000104700002DE9F04114460A2A06D8C472EA
:10C61000621CF4F770FABDE8F08100BF88464FF65F
:10C62000F871C7F6FF718C4216D2C16844F0070357
:10C630000A685D1C96680746084629460122B047ED
:10C6400045F00041B9604146C7E90004621CF4F7B7
:10C6500052FABDE8F08100BFFFF7ACFF2DE9F04FC3
:10C6600081B01546D0E90162044690F90B0022F032
:10C6700000424FF00A0900284CBFA2F1010906460A
:10C68000A9EB0602AA4227D24FF6F672C7F6FF724E
:10C6900006EB050BABEB0903A2EB0907BB425DD828
:10C6A00000284FF6F270D4F80080C3F6FF7058BF30
:10C6B000A0468145009125D85846BBEB490F98BF4D
:10C6C0004FEA490040F0070101F1010A0B2838BF89
:10C6D0004FF00B0A18E000BFDDB32768002858BFF1
:10C6E0002746B8192A46F4F706FA94F90B00B0F178
:10C6F000FF3F06EB0500D2BF606000F07F01E172F2
:10C70000384424E002F1010AE068012201688B68E4
:10C7100051469847074626B1384641463246F4F717
:10C72000EAF90099B8192A46F4F7E5F909F1010286
:10C730000B2A05D0E06801230168CE684146B04766
:10C740004AF00040A06007EB0B00C4E9007B002129
:10C750000170204601B0BDE8F08F00BF2046FFF712
:10C7600029FF00002DE9F04F83B04FF6F872C7F6AD
:10C77000FF72914272D290F90B508368002D4FF0F6
:10C780000A0723F0004948BFA9F10107B9424FF059
:10C790000A0460D9002DAA46426848BF9246514516
:10C7A00098BF51460A2941F0070688BF3446BC426B
:10C7B00051D00A2906F1010706468B46019715D983
:10C7C000C068012201688B683946984796F90B309A
:10C7D000D6E900725946029030464FF00008002B0F
:10C7E0004CBF4FF00108374605E000BF07681B0E3D
:10C7F0004FF0010802905CB2002C58BFDAB201324F
:10C800000ED3B8F1000F14D10B2921D30199029A4C
:10C8100041F00041C0E9002A816003B0BDE8F08F1B
:10C8200002983946F4F767F959463046B8F1000FD7
:10C83000EAD0C068002D016858BF4FF00B09CD68E1
:10C8400039464A460123A847594630460B29DDD2CE
:10C850000AF07F01C17203B0BDE8F08FFFF7AAFEB6
:10C860002DE9F047044690F90B008946002805D4CD
:10C87000C6B20A2E44D10A20A04616E0D4E90160CF
:10C8800020F00047781E864240D14FF6F77AC7F66F
:10C89000FF7A0AF101018F4244D04FF6F271D4F8C9
:10C8A0000080C3F6FF7188420DD8471C3946B7EBAC
:10C8B000400F98BF410041F0070202F1010A0B2925
:10C8C00038BF4FF00B0A0646E068012201688B680A
:10C8D00051469847054626B1284641463246F4F768
:10C8E0000AF90B2F07D0E0683A4601680123D1F816
:10C8F0000CC04146E0474AF000402560A06006E0D9
:10C90000701C00F07F00E07204E000BF2568701C1E
:10C9100060602C46A019002104F806904170BDE823
:10C92000F08700BF2046FFF745FEF0B581B0154601
:10C930000C460A2A064601D8F57211E04FF6F87047
:10C94000C7F6FF70854212D245F00700471C3846F3
:10C9500002F03EF947F00041C6E90005B160064625
:10C960006A1C30462146F4F7C6F801B0F0BD3046E7
:10C97000FFF726FE70B50D464FF6F871C7F6FF714A
:10C980008D42044614D20A2D05D80020C4E90000C7
:10C99000A060E5720AE045F00700461C304602F050
:10C9A00017F946F00041C4E90005A160204670BDBA
:10C9B0002046FFF705FE2DE9F0410446084688466B
:10C9C000F4F735F805464FF6F870C7F6FF70854264
:10C9D0001BD20B2D03D22746E57265B910E045F056
:10C9E0000700461C304602F0F3F8074646F00040C8
:10C9F000C4E90075A060384641462A46F4F77BF842
:10CA0000002120467955BDE8F0812046FFF7D8FD8A
:10CA100010B5044690F90B00B0F1FF3F05DCA168AA
:10CA2000206821F0004101F0F3F9204610BD00001C
:10CA30002DE9F04F81B0D0E900A504465545884660
:10CA400002D0AB4658E000BFD4E90270874217D24B
:10CA5000C01B012101EBA00000EBD070461007EBDA
:10CA600086007A1BA0EB020B04D058462946F4F747
:10CA700084F8A76807EB8600C4E901B03CE000BF7A
:10CA8000B0EB05094FEA690608BF0126B6F1804FF1
:10CA90003CD2B00006F1030B02F09AF82BF0030130
:10CAA00000EB010B00EB8601AF425A4619D07A1B0E
:10CAB0005A445B462E4600BF376843F8047B9342D6
:10CAC0000FD0776843F8047B93420AD0B76843F8E5
:10CAD000047B934205D0F768103643F8047B9342F9
:10CAE000EAD1C4E9000BA260E1602DB1504649468D
:10CAF00001F08EF9D4F804B0D8F800004BF8040C1B
:10CB000060680438606001B0BDE8F08F01F05CF946
:10CB10002DE9F0470446D0E902708A46874257D192
:10CB2000D4E900964E451BD9A6EB0900012101EB83
:10CB3000A00000EBD0700021A1EB60094010B7EB22
:10CB40000608A6EB800705D0384631464246F4F782
:10CB500014F86668474406EB8900C4E9010737E02A
:10CB6000B7EB09084FEA680508BF0125B5F1804F0A
:10CB700036D2A80002F02CF825F00301421800EB91
:10CB8000850CB742134618D0B91B5318114600BF85
:10CB9000376841F8047B99420FD0776841F8047BED
:10CBA00099420AD0B76841F8047B994205D0F768EA
:10CBB000103641F8047B9942EAD1B9F1000F1F46C3
:10CBC00084E80D1004D04846414601F021F9A768D9
:10CBD000DAF800003860A0680430A060BDE8F08793
:10CBE00001F0F2F8F0B581B00446D0E900030D463B
:10CBF000834201D01F465BE0D4E90201884217D28C
:10CC0000091A012202EBA10101EBD1714E1000EBD8
:10CC10008601C21AA1EB020704D038461946F3F781
:10CC2000ACFFA06800EB8600C4E9017040E000BFE3
:10CC3000C81A4FEA600608BF0126B6F1804F3FD2FE
:10CC4000206904220168F71C8B68B100984727F01F
:10CC500003014718D4E9011200EB860C8A423B46D7
:10CC600017D0521ABB183E460A6846F8042B9E425B
:10CC70000FD04A6846F8042B9E420AD08A6846F8CC
:10CC8000042B9E4205D0CA68103146F8042B9E4200
:10CC9000EAD12168E668C4E90007A360C4F80CC0C3
:10CCA00031B1206904230268D768721AB8476768EF
:10CCB000286847F8040C60680438606001B0F0BD73
:10CCC00001F082F82DE9F0410446D0E902200D463A
:10CCD00082425DD1D4E90001814219D9081A0123A9
:10CCE00003EBA00000EBD0700023A3EB6008401022
:10CCF000561AA1EB800704D038463246F3F73DFFC1
:10CD00006168BA1901EB8800C4E9010240E000BF84
:10CD1000101A4FEA600708BF0127B7F1804F3FD2D2
:10CD20002069042201688B68B900984727F0030145
:10CD30004618D4E9011300EB870C8B42324618D019
:10CD40005A1A3244334600BF0F6843F8047B9342BB
:10CD50000FD04F6843F8047B93420AD08F6843F8A2
:10CD6000047B934205D0CF68103143F8047B934293
:10CD7000EAD12168E368C4E90006A260C4F80CC0E7
:10CD800031B120690268D7685A1A0423B847A268EB
:10CD900028681060A0680430A060BDE8F08100BF82
:10CDA00001F012F82DE9F0410446D0E900030D46E8
:10CDB000834201D01F4660E0D4E90201884217D2C5
:10CDC000091A012202EBA10101EBD1714E1000EB17
:10CDD0008601C21AA1EB020704D038461946F3F7C0
:10CDE000CCFEA06800EB8600C4E9017045E000BFFE
:10CDF000C81A4FEA600608BF0126B6F1804F45D237
:10CE0000D4F810800422D8F80000F71C01688B6861
:10CE1000B100984727F003014718D4E9011200EB4D
:10CE2000860C8A423B4618D0521ABB183E4600BFB9
:10CE30000A6846F8042B9E420FD04A6846F8042B35
:10CE40009E420AD08A6846F8042B9E4205D0CA68E2
:10CE5000103146F8042B9E42EAD12168E668C4E905
:10CE60000007A360C4F80CC039B1D8F8000004234F
:10CE70000268D768721AB8476768286847F8040CD0
:10CE8000606804386060BDE8F08100BF00F09CFF7E
:10CE900001464FF2DF00C0F6000000F007F801463F
:10CEA0004FF69420C0F6000000F000F884B08446ED
:10CEB00001A80EC040F2201001AAC2F20000614693
:10CEC0000092F3F7EAFFF4F702F901464FF6D62095
:10CED000C0F60000FFF7EAFF0A1AB2FA82F24FEA40
:10CEE00052120A7308BF7047B0B54FF0010E0DE043
:10CEF000BCEB0001B1FA81F14FEA511183F80CE06B
:10CF00008CF80C10614684F800E06BD08B681A7BBB
:10CF1000002A67D1D3F808C0DCF80020934207D07C
:10CF200052B312F80C4F012C1446E1D124E000BF9B
:10CF3000DCF804401CB114F80C5F012DD8D118683E
:10CF4000814253D05868194602685A6022B19360F2
:10CF5000D3F808C0DCF80010C0F808C08B4218BF36
:10CF60000CF1040CCCF800009860D0F808C0036005
:10CF7000DCF800203BE000BF1868814202D0184670
:10CF800014E000BF4168196000291CBF8B60D3F812
:10CF900008C0614651F8042BC0F808C0934208BF8E
:10CFA000614608609860D0F808C0436001210173B1
:10CFB000DCF80400002201688CF80C200029CCF871
:10CFC000041018BFC1F808C0DCF808100A4652F86F
:10CFD000043B81609C4508BF0A461060C0F800C051
:10CFE000CCF80800BDE8B040704700BF18460121EA
:10CFF0000173506800218CF80C100028CCF8000058
:10D0000018BFC0F808C0DCF80800014651F8043B1E
:10D0100090609C4508BF01460A60C2F804C0CCF885
:10D020000820BDE8B040704710B54168044600F0E4
:10D0300059FE204610BD704740F23000C2F2000099
:10D040000068BFF35F8F704740F22800C2F2000013
:10D0500004307047F0B581B08368054614460E462B
:10D0600063B16868191A8E4208D8981B6242104052
:10D07000591A814202D80028A8604ED1296949B1C5
:10D08000D1E901239F1ABE423AD9042C98BF042447
:10D09000881A0AE06868E968042CA1EB000000F136
:10D0A000030020F0030098BF042400F11001F01CDD
:10D0B00020F0030000F110076FF01C0000EB4102AC
:10D0C00068698F42016822F003028B6898BF02F101
:10D0D0001007394622469847C1192B690A4642F87B
:10D0E000103DA7F110039E4201E915002A6105D801
:10D0F000901B67423840D21A82420CD900200CE0C3
:10D10000A3EB060C604210EA0C00BED0DB1B83428E
:10D11000BBD8886001E041F8080C01B0F0BD704751
:10D1200070B50646406808B1F068B060326962B117
:10D130007069D2E900510468D368521AE468103269
:10D14000A047002D2A463561F2D170BD10B50446C6
:10D150004EF6D070C0F60000083020602046FFF781
:10D16000DFFF20461821BDE8104000F051BE10B589
:10D1700004464EF6D070C0F600000830206020460D
:10D18000FFF7CEFF204610BD80B500F001FE7047CE
:10D19000042100F03DBE092A084638BF01F018BD41
:10D1A000114601F01EBD092B0846114638BF00F09C
:10D1B0002FBE1A4600F02EBE042100F029BE00004A
:10D1C0002DE9F04F85B08346006908282ED3083832
:10D1D000DBE90154CBF81000DBF80C0055F8047BB8
:10D1E0008442CBF8045040F04381DBF800904D4579
:10D1F00040F2C080A5EB0900012101EBA00000EB8B
:10D20000D0700021A1EB60084010641BA5EB8006E4
:10D2100006D0304629462246F3F7AFFCDBF804502F
:10D22000344405EB8800CBE9010421E1DBE9000986
:10D23000DBE90251A5EB09070A1A97420CD24FF419
:10D240008260A94200F0C48001F0C2FC049004A9ED
:10D250005846FFF75DFC47E15410814208BF0124A6
:10D26000B4F1804F80F044814FEA840A504601F0C7
:10D27000AFFCC619804600EB84044FF4826001F0D5
:10D28000A7FC574508D1012FC0F2FC80022101EB19
:10D29000570121F00301761AC246B0464D4548F8C1
:10D2A000040B00F00E81CDF804B00CE03746C14607
:10D2B00055F8040DC84647F8040DDBF804003E4657
:10D2C000854200F000815645F0D1A04516D2A4EB6E
:10D2D0000800012101EBA00000EBD0706FF002010B
:10D2E00001EA400008EB0009B8EB0602A9EB0207CF
:10D2F000DED038463146F3F740FCD9E7B4EB060BF5
:10D300004FEA6B04CDF808A008BF0124B4F1804FA8
:10D3100080F0EE80A000E71C01F05AFC824627F066
:10D3200003000AEB0007B045B9461AD0A8EB060087
:10D3300007EB0009384600BF316840F8041B484538
:10D340000FD0716840F8041B48450AD0B16840F816
:10D35000041B484505D0F168103640F8041B4845C9
:10D36000EAD1029859460AEB840400F051FDDDF839
:10D3700004B09DE7B4EB09084FEA680608BF012630
:10D38000B6F1804F80F0B480B00001F021FC26F0AF
:10D390000301421800EB860CAC4213465AD0611BC5
:10D3A000531811462E6841F8046B994252D06E68AA
:10D3B00041F8046B99424DD0AE6841F8046B994234
:10D3C00048D0EE68103541F8046B9942EAD141E04B
:10D3D00001F0FEFB039003A95846FFF729FBDBE9A8
:10D3E0000154DBF80C0055F8047B8442CBF8045060
:10D3F0003ED1DBF800904D453FF6FCAEB4EB09089A
:10D400004FEA680608BF0126B6F1804F70D2B0001F
:10D4100001F0DEFB26F00301421800EB860CAC4263
:10D42000134617D0611B531811462E6841F8046B40
:10D4300099420FD06E6841F8046B99420AD0AE68E9
:10D4400041F8046B994205D0EE68103541F8046B41
:10D450009942EAD1CBF8000048464146CBF8042077
:10D46000CBF80830CBF80CC000F0D2FCDBF8084059
:10D470002760DBF808000430CBF8080005B0BDE8F1
:10D48000F08F00BF7C104D45029008BF0124B4F11D
:10D49000804F2DD2A00001F09BFB824624F00300B8
:10D4A0000AEB0006404639460AEB840400F0B0FC63
:10D4B000DBE901950298B0464D4548F8040B7FF42E
:10D4C000F2AE3746C146DBF80000DBF80C10CBE9C2
:10D4D00000A7CBF80890CBF80C4028B1091A05B08A
:10D4E000BDE8F04F00F094BC05B0BDE8F08F00BF80
:10D4F00000F06AFC70B50446D0E901050022291A43
:10D500008910032962610CD300684FF4826100F036
:10D510007FFCD4E901050430291A891002296060D2
:10D52000F2D8012904D0022904D1082101E000BF6A
:10D5300004212161A84214D0061F00BF56F8040F31
:10D540004FF4826100F064FC301DA842F6D1D4E9AA
:10D550000110814205D0091A033121F0030108446A
:10D56000A060206818B1E168091A00F051FC20465B
:10D5700070BD00002DE9F04F87B0044640690828CF
:10D5800026D30838D4E901126061E06851F8047BC1
:10D590008242616040F0F3802068814266D9081AB7
:10D5A000012303EBA00000EBD0700023A3EB600885
:10D5B0004010551AA1EB800604D030462A46F3F7F6
:10D5C000DCFA6168721901EB8800C4E90102D6E057
:10D5D000D4E9000AD4E90261A6EB0A070A1A9742C5
:10D5E00010D2B14274D0E069042201688B688021B6
:10D5F0009847029002A92046FFF764FB07B0BDE8F8
:10D60000F08F00BF5510814208BF012504F11000C2
:10D61000B5F1804F0190069080F0028120694FEAB9
:10D620008509016804228B68494698478046029024
:10D6300000EB070B00EB8505E069CDF80CB0059514
:10D64000016804228B68802198474F4540F0B580DF
:10D65000564500F09B80022101EB570121F00301A8
:10D660005D46ABEB010BCDF80CB0A6E0101A4FEA0B
:10D67000600608BF0126B6F1804F80F0D180206996
:10D68000042201688B68B100984726F00301451811
:10D69000D4E9011300EB860C8B422A4660D05A1A5B
:10D6A0002A442B460E6843F8046B934258D04E68C8
:10D6B00043F8046B934253D08E6843F8046B934253
:10D6C0004ED0CE68103143F8046B9342EAD147E064
:10D6D000E069042201688B6880219847029002A9C2
:10D6E0002046FFF77FFAD4E90112E06851F8047B85
:10D6F0008242616043D1206881423FF650AF101AE8
:10D700004FEA600608BF0126B6F1804F80F088809E
:10D710002069042201688B68B100984726F0030154
:10D720004518D4E9011300EB860C8B422A4617D02A
:10D730005A1A2A442B460E6843F8046B93420FD0C2
:10D740004E6843F8046B93420AD08E6843F8046B2A
:10D75000934205D0CE68103143F8046B9342EAD16E
:10D760002168E36820606560A260C4F80CC031B134
:10D7700020690268D6685A1A0423B047A268176065
:10D78000A0680430A06007B0BDE8F08F019E81461C
:10D7900031680A6808469368042104229847834642
:10D7A000051DCDE902003068059501683A46CE684E
:10D7B00041460423B0474846D8465A4642F8040B2F
:10D7C000D4E90107049287420DD002AD043F2846F8
:10D7D0003946FFF7E7FA60688742F7D1DDE9028B47
:10D7E000DDE90425A7682168E368B842CDE90210A5
:10D7F0000497C4E9008BC4E90225059305D0C01B3A
:10D80000033020F003003844049031B106980068DA
:10D810000268D7685A1A0423B84707B0BDE8F08FEA
:10D8200000F0D2FA2DE9F04381B0D0E901150446A9
:10D830008D4237D0A04658F8183F6FF0030C58F8C7
:10D84000047C3B440CEA570207F007060CEA530736
:10D850008858CF5903F0070300EB061607EB0319AE
:10D860004E451DD08D1808E01036311A802904BFAE
:10D8700055F8040F06464E4510D096F90B10B1F13D
:10D88000FF3FF1DCD6E902203168036822F0004254
:10D89000DF680123B8472868E6E700BFD4E901152F
:10D8A000284602E004F118080846401A80100022B9
:10D8B0000328C8F800200ED3E06909680268042331
:10D8C000D7688022B847D4E90105011D681A801085
:10D8D00002286160F0D8012804D0022804D1082071
:10D8E00001E000BF04206061A94216D00E1F00BFF6
:10D8F000E06956F8041F02680423D7688022B847FD
:10D90000301DA842F4D1D4E90110814205D0091A92
:10D91000033121F003010844A060216831B1D4E94A
:10D9200003200368521ADF680423B847204601B079
:10D93000BDE8F083FFF7DEBDFFF774BF2DE9F041CE
:10D9400088B088464FF62B310746C0F6000168467E
:10D950001646FFF730F897F90B0000243D68049451
:10D96000002858BF3D46F3F7E7F90746006804A9C9
:10D970000390284632463C60F3F74CFB396805912A
:10D9800003993960059903910399022910D006463D
:10D990000498A8421DD0B8F1000F1CBF401BC8F866
:10D9A00000006846FFF734F8304608B0BDE8F08163
:10D9B0004FF61C3205ACC0F600026946204600F066
:10D9C000A9F99DF91F100598002958BF2046FFF7B7
:10D9D00066FA4FF6313205ACC0F6000269462046C1
:10D9E00000F098F99DF91F100598002958BF2046AE
:10D9F000FFF76BFA2DE9F04F83B01E460C9B00F148
:10DA0000040A8B4604468A45029211D0D3E90008E5
:10DA1000DBE904594746C14538BF4F4629463A46D7
:10DA20000190F2F7D8FFF8B10C9BB0F1FF3F1EDC7C
:10DA30002068DBF80040584514D0002C3ED020462A
:10DA40004168054600295AD048680D46002856D03E
:10DA500041680546002952D048680D460028EFD19C
:10DA60004DE000BF5D4659E00C9BC845E0D30199ED
:10DA700028463A46F2F7AFFFA0B3B0F1FF3F33DCE0
:10DA80005E4656F8044F002C00F08E80DDF80490BE
:10DA9000204600BF01680546002900F09C80086808
:10DAA0000D46002800F0978001680546002900F027
:10DAB000928008680D460028ECD18CE05D4600BFDE
:10DAC000A86801688D4219D185682968884216D1F5
:10DAD000A86801688D4211D1856829688842EFD015
:10DAE0000DE000BFC145CBD30298C0F800B0C6F826
:10DAF00000B0304603B0BDE8F08F00BF0546D5E961
:10DB00000406D3E9008932464146B14538BF4A464A
:10DB1000F2F761FF90B1B0F1FF3F11DC34B1029830
:10DB20002E1D0560304603B0BDE8F08F02985E46BA
:10DB3000C0F800B0304603B0BDE8F08F4E45EDD3DD
:10DB4000DAF8000028B9564627E000BF3068B24630
:10DB500018B3D0E904474D4606464F4538BF3D4609
:10DB6000404621462A46F2F736FF18B1B0F1FF3F92
:10DB7000ECDD01E0B945E9D3204641462A46F2F7FB
:10DB80002AFF18B1B0F1FF3F02DD06E04F4504D295
:10DB9000B2465AF8040F0028DBD1029806605646B8
:10DBA000304603B0BDE8F08FDDF804905D4600BF5D
:10DBB000A86801688D420DD08568296888420AD01E
:10DBC000A86801688D4205D0856829688842EFD130
:10DBD00001E000BF054655450CD0D5E90417424683
:10DBE0004846474538BF3A46F2F7F5FE70B1B0F106
:10DBF000FF3F0DDC002C02980EBFC0F800B005609E
:10DC00002E46304603B0BDE8F08F00BFB845F1D3D3
:10DC1000DAF8000020B996E73068B2460028BCD098
:10DC2000D0E9044745460646474538BF3D46484685
:10DC300021462A46F2F7CFFE20B1B0F1FF3FEBDDDF
:10DC400002E000BFB845E7D3204649462A46F2F72E
:10DC5000C2FE18B1B0F1FF3F02DD9EE747459CD2FE
:10DC6000B2465AF8040F0028DAD196E7F0B583B02F
:10DC7000174602AA01AB04460097FFF7BBFE0568F2
:10DC800015B1284603B0F0BD0646282000F0A0FFDD
:10DC9000D7E9001207F1080C05469CE809107F69D6
:10DCA000C5E9041205F1180181E8091039686F62AD
:10DCB00009B18847A86102980021C5E90011A86050
:10DCC000356020682946006800281CBF2060316844
:10DCD0006068FFF701F9A0680130A060284603B032
:10DCE000F0BD0000002908BF7047B0B50C460968B8
:10DCF0000546FFF7F7FF61682846FFF7F3FF606A04
:10DD0000416809B1A069884720462821BDE8B04094
:10DD100000F07EB82DE9F04381B0054691F90B0083
:10DD20004E68002858BFC6B2104690460F46F2F71C
:10DD30007EFE814631180DF103022846FEF71AFED9
:10DD400095F90B002C68002858BF2C464EB197F966
:10DD50000B00396800282046324658BF3946F2F792
:10DD6000CAFEB9F1000F344404D0204641464A4669
:10DD7000F2F7C1FE002004F8090001B0BDE8F0830D
:10DD8000704742F65010C2F2000000687047000071
:10DD900001A0FFF78BF800BF6261645F616C6C6F7C
:10DDA0006320776173207468726F776E20696E20CC
:10DDB0002D666E6F2D657863657074696F6E732064
:10DDC0006D6F64650000000001A0FFF76FF800BFF1
:10DDD0006261645F61727261795F6E65775F6C65C5
:10DDE0006E67746820776173207468726F776E2035
:10DDF000696E202D666E6F2D657863657074696F2E
:10DE00006E73206D6F646500F2F7C9BFF2F7C7BF8C
:10DE1000FFF7FABF1146FFF7F9BF000080B540F2E7
:10DE2000BC20C2F200000078BFF35F8FC00718BFAC
:10DE300080BD40F2BC20C2F2000000F0E4FA58B30A
:10DE4000FFF702F94EF6D071C0F6000101F10802A9
:10DE500040F2CC2140F2E42CC2F20001C2F2000CEC
:10DE60004FF0000EC1E9002CC1E904E04DF26F1043
:10DE700040F200020CF50053C0F60000C0F60002AC
:10DE8000C1E90233F2F7A2FD40F2BC20C2F2000069
:10DE9000BDE8804000F0CDBA80BD000080B540F202
:10DEA000C020C2F200000078BFF35F8FC00718BF28
:10DEB00080BD40F2C020C2F2000000F0A4FA38B3E6
:10DEC0004EF66470C0F6000042F2E42140F2CC222B
:10DED0000830C2F20001C2F20002002381E80D0006
:10DEE0004DF2370040F200024FF4005CC0F6000033
:10DEF000C0F60002C1E90333C1F814C0F2F766FDB1
:10DF000040F2C020C2F20000BDE8804000F091BAAB
:10DF100080BD000010B588B040F2C420C2F20000FD
:10DF20000078BFF35F8FC00733D140F2C420C2F244
:10DF3000000000F068FA60B342F2E42142F2FC24EF
:10DF40000020C2F20001C2F20004CDE90200CDE9D6
:10DF50000000CDE90601C4E90000C4E90200C4E9FB
:10DF60000410C4E90601059068460491FFF75AFCC5
:10DF70004DF6391040F20002C0F60000C0F6000273
:10DF80002146F2F723FD40F2C420C2F2000000F067
:10DF900050FA08B010BD00002DE9F04385B00746E7
:10DFA000884602A8394699461546F9F777FA039E3E
:10DFB000294630460022F9F71EF8029C58B1049E0B
:10DFC0003846214642462B46CDE90069F9F7FCF96F
:10DFD00005B0BDE8F083384621462A463346CDF8E1
:10DFE0000090F9F727FA10B105B0BDE8F083384684
:10DFF000214642462B46CDE90069F9F79FF905B065
:10E00000BDE8F08348F20401411A002011F1030F2A
:10E0100038BF4FF0FF3070470020704748F20101D1
:10E02000411A0020032938BF0120704710B301783E
:10E030003A291FD110B54FF23C01C0F60001044649
:10E04000F2F722FED0B14FF24301C0F600012046A4
:10E05000F2F71AFEB0B14FF23401C0F600012046CB
:10E06000F2F712FE01464FF0FF30002908BF48F2D8
:10E07000030010BD4FF0FF30704700BF48F20100B1
:10E0800010BD00BF48F2020010BD00004FF0FF308D
:10E0900070470000B0B5144648F2030290420BD01E
:10E0A00048F20202904209D134B14D1E15F8010F19
:10E0B00000F094F9013CF9D10020B0BD4FF0FF30E1
:10E0C000B0BD000094B0F5F79BFA00240020CDE924
:10E0D0000B44CDE90944CDE90744F5F733FB0A20A9
:10E0E00006904FF48070099040200A90012004218E
:10E0F0000B9002200F915521CDE90D00CDE91010B4
:10E10000CDE9120006A8F5F70BFF28B1EFF3108058
:10E1100072B600BFFEE700BF0F2001900320CDE9DB
:10E12000020401A80421CDE90444F5F709FD28B152
:10E13000EFF3108072B600BFFEE700BF002441F28B
:10E140004C060A94CDE90844CDE90644C4F202061F
:10E15000306843F2000840F0010030603068082168
:10E1600000F00100019001983068012240F00400A5
:10E1700030603068C4F2000800F00400019001989B
:10E180003068082740F0080030603068012500F052
:10E190000800019001984FF09040F5F7DFF906A9CB
:10E1A0004FF09040CDE90675CDE90844F5F7F4F855
:10E1B00056F8040C002140F0040046F8040C56F810
:10E1C000040C002200F004000690069856F8040C97
:10E1D00040F0010046F8040C56F8040C00F0010071
:10E1E000069006980B20F5F771FA0B20F5F75CFA0C
:10E1F00042F6002008F5E051C2F200000C234FF473
:10E20000612280E81600C0E90344C0E90534C0E992
:10E210000744C0E90944F7F77FF928B1EFF310800C
:10E2200072B600BFFEE700BF42F60020C2F2000057
:10E230000021F6F723FD28B1EFF3108072B600BF7E
:10E24000FEE700BF42F60020C2F200000021F6F710
:10E25000CFFC28B1EFF3108072B600BFFEE700BF1D
:10E2600042F60020C2F20000F6F710FC20B1EFF3F6
:10E27000108072B6FEE700BF42F6942008F5005108
:10E28000C2F2000000230C274FF4612280E80E0048
:10E29000C0E90333C0E90573C0E90733C0E90933B6
:10E2A000F7F73AF920B1EFF3108072B6FEE700BF3E
:10E2B00042F69420C2F200000021F6F7DFFC28B1FC
:10E2C000EFF3108072B600BFFEE700BF42F6942065
:10E2D000C2F200000021F6F78BFC28B1EFF31080AA
:10E2E00072B600BFFEE700BF42F69420C2F2000003
:10E2F000F6F7CCFB20B1EFF3108072B6FEE700BF5B
:10E3000040F2D414C2F20004032040F6FF71C4E9C5
:10E3100000802046C4E90211F5F72CF920B1EFF393
:10E32000108072B6FEE700BF43F20000C4F20200A4
:10E3300044F8100F40F20110A08041F2210004F1D6
:10E3400008020821002643C2012020622046C4E9B9
:10E350000566F4F7F5FA18B1EFF3108072B6FEE730
:10E3600042F6B41008F59031C2F2000042F20F7389
:10E370000996CDE9076640F2A36280E84600C0E94D
:10E380000336C0E90566F6F7C7F818B1EFF3108059
:10E3900072B6FEE74FF48050069042F6B410C2F217
:10E3A000000006A9F6F76AF920B1EFF3108072B603
:10E3B000FEE700BF0020CDE90100039042F6B41053
:10E3C000C2F2000001A9F6F735F818B1EFF310809A
:10E3D00072B6FEE7F8F768FDFCE7000042F60021A0
:10E3E000C2F200010968CA69520609D4CA69520614
:10E3F0005CBFCA695FEA426202D4CA695206F2D5BA
:10E40000C2B28A627047017809B100207047417832
:10E41000012903D08A0705D402224270481E18BF82
:10E420000120704780B54FF64130C0F6000000F083
:10E4300004F80121017041707047F2F748FE5FEA6D
:10E44000400C08BF91F0000F4FEA8C234FEAC12225
:10E4500043EA51514FEA1C5018BF00F5F0404FEA13
:10E46000300018BF41F000415FEA6C5C00F0298089
:10E47000BCF1FF3F08BF40F080407047130C06BF5F
:10E4800012044FF0100C4FF0000C130E04BF1202D8
:10E490000CF1080C130F04BF12010CF1040C930FC4
:10E4A00004BF92000CF1020CD30F04BF52000CF118
:10E4B000010C11464FF00002A0F11F00A0EB0C0070
:10E4C000704711F0004F08BF704731F000413FF432
:10E4D000D5AF0B0C06BF09044FF0100C4FF0000C29
:10E4E0000B0E04BF09020CF1080C0B0F04BF09014D
:10E4F0000CF1040C8B0F04BF89000CF1020CCB0F44
:10E5000004BF49000CF1010CCCF1200322FA03F303
:10E5100041EA030102FA0CF2A0EB0C0000F1010049
:10E520007047000023F07F4720F07F4C80EA030013
:10E5300000F00040ACEB070303F57C5303F1FF034D
:10E540002DE9804909B44FEA144324EA03484FEA0D
:10E55000154B25EA0B4E0FF2042606EB13273E78E7
:10E5600003FB0667C7F5000707FB06F64FEAD6462A
:10E5700006F102064FEA543707FB066CCCF1005C4B
:10E580004FEA1C472CEA074C0CFB06F507FB06F488
:10E5900004EB15464FEA961649085FEA320234BF8B
:10E5A00000204FF000404FEAD13706FB07FC4FEA4E
:10E5B0001C4C0CFB0BF7D21B03FB0CF761EB0701A8
:10E5C0000CFB0EF7B0EB074072EB17420CFB08F7A1
:10E5D00034BFA2EB0742B2EB074261EB17414FEAAF
:10E5E0000C444FEA910706FB07FC4FEA1C4C0CFB5E
:10E5F0000BF7B0EBC74072EB573203FB0CF734BF9D
:10E60000A2EBC742B2EBC74261EB57310CFB0EF7EE
:10E61000B0EBC70072EB57720CFB08F734BFA2EBEC
:10E62000C702B2EBC70261EB57714FEA816141EA61
:10E6300092114FEA826242EA90124FEA806004EB44
:10E64000CC04039F4FEAD13706FB07FC4FEA1C4C72
:10E650000CFB0BF7D21B03FB0CF761EB07010CFB68
:10E660000EF7B0EB074072EB17420CFB08F734BF14
:10E67000A2EB0742B2EB074261EB17414FEA8C5520
:10E6800004EB9C244FEA910706FB07FC4FEA1C4C65
:10E690000CFB0BF7B0EBC74072EB573203FB0CF7E8
:10E6A00034BFA2EBC742B2EBC74261EB57310CFB60
:10E6B0000EF7B0EBC70072EB57720CFB08F734BFD4
:10E6C000A2EBC702B2EBC70261EB57714FEA81615F
:10E6D00041EA92114FEA826242EA90124FEA806068
:10E6E00015EB4C2544F100044FEAD13706FB07FC3B
:10E6F0004FEA1C4C0CFB0BF7D21B03FB0CF761EB36
:10E7000007010CFB0EF7B0EB074072EB17420CFB56
:10E7100008F734BFA2EB0742B2EB074261EB1741A7
:10E720004FEA813141EA92414FEA823242EA904215
:10E730004FEA80304FEA0C7615EB1C1544F10004CB
:10E7400048EA03434EEA0B484FF0000EB2EB080CC8
:10E7500071EB030724BF624639464EEB0E0E4FF0B5
:10E76000000B0018524149414BEB0B0BB2EB080C6C
:10E7700071EB03077BF1000B24BF624639464EEB79
:10E780000E0E4FF0000B0018524149414BEB0B0BA2
:10E79000B2EB080C71EB03077BF1000B24BF624660
:10E7A00039464EEB0E0E51EA020718BF46F001063D
:10E7B00016EB0E7655F1000254F1000103D5BDE8C9
:10E7C0008901BDE80088BDE88901BDE80048B619A7
:10E7D000524141EB0101A3F10103704780807F7E2C
:10E7E0007D7C7B7A797877767675747372717170C7
:10E7F0006F6E6E6D6C6C6B6A6A6968686766666579
:10E800006464636362616160605F5F5E5E5D5D5C06
:10E810005C5B5B5A5A595958585757565655555577
:10E820005454535352525251515050504F4F4F4ED7
:10E830004E4D4D4D4C4C4C4B4B4B4A4A4A49494925
:10E840004848484747474746464645454544444467
:10E850004443434343424242424141419C46002B90
:10E8600030D477002BD04FEA37071CB503B44FF0F4
:10E8700010004FF01001BAF1000F06D0BCF1000FEC
:10E88000DCBF40F0080040F008014FF000000FBC72
:10E89000BDE810400BF1010BBBF1010F08BF5FEAAF
:10E8A000170722BF12F1010211F101014FF00041DF
:10E8B00043F1000300F0004043EA00007047F9D341
:10E8C0005708D0E746EA06464FEA164613F1400FCE
:10E8D0001FDD13F1200FDFBF16430A46002120334E
:10E8E0005B42BED0C3F1200746EA06464FEA164611
:10E8F00002FA07F746EA070622FA03F2C3F12007F5
:10E9000001FA07F742EA070221FA03F14FF0000388
:10E91000A7E746EA020646EA06464FEA164646EAF0
:10E920000106BCBF46EA0646360C4FF000034FF026
:10E9300000024FF0000194E72DE9804C70B49A4634
:10E94000934691E8380007C831EA400C48BF34EAE2
:10E95000430C03D5FFF7E6FDFFF780FFF0BCBDE8F1
:10E96000008C2DE9804C70B49A46934691E83800AB
:10E9700007C810F0804F08BF13F0804F03D100F09C
:10E9800005F8FFF76BFFF0BCBDE8008C20F07F4777
:10E9900023F07F4C80EA030000F0004007EB0C03FB
:10E9A000A3F57C53A3F1FE0392F0000F00F0B380B7
:10E9B00095F0000F00F077802DE901494FEA1140F2
:10E9C00021EA00484FEA144624EA064700FB06FC09
:10E9D00008FB06F607FB08F818EB06484CEB164C4C
:10E9E00000FB07F718EB07484CEB17404FEA124BB8
:10E9F00022EA0B4E4FEA154625EA06470BFB06FCBA
:10EA00000EFB06F607FB0EFE1EEB064E4CEB164CFD
:10EA10000BFB07F71EEB074E4CEB174B18EB0B08E5
:10EA200040F1000018EB0E0B58EB000840F100001D
:10EA30008F1A4FF000014FF000063CBFC943661B20
:10EA400014BFB5EB040C00213CBFC943F61B4FEAD1
:10EA5000174427EA04454FEA1C472CEA074C04FBFD
:10EA6000076205FB07F70CFB05F616EB074642EBC2
:10EA7000174204FB0CFC16EB0C4642EB1C421BEB52
:10EA8000060658EB020241414EEA8E0E46EA9E0609
:10EA900001D5BDE80189B619524141EB0101A3F14D
:10EAA0000103BDE801894FEA144524EA05464FEA0F
:10EAB000114721EA074C05FB07F406FB07F70CFB9F
:10EAC00006F111EB074144EB174405FB0CFC11EB7D
:10EAD0000C4144EB1C444FEA124722EA074C05FB69
:10EAE00007F206FB07F70CFB06F616EB074642EBB0
:10EAF000174205FB0CFC16EB0C4642EB1C456A1852
:10EB000054F1000148BF7047B619524141EB010171
:10EB1000A3F10103704795F0000F37D04FEA11427F
:10EB200021EA02464FEA144724EA074C02FB07F1A8
:10EB300006FB07F70CFB06F414EB074441EB174107
:10EB400002FB0CFC14EB0C4441EB1C414FEA154753
:10EB500025EA074C02FB07F506FB07F70CFB06F658
:10EB600016EB074645EB174502FB0CFC16EB0C4673
:10EB700045EB1C42121951F1000148BF7047B6190C
:10EB8000524141EB0101A3F1010370474FEA1445E3
:10EB900024EA05464FEA114721EA074C05FB07F135
:10EBA00006FB07F70CFB06F212EB074241EB17419D
:10EBB00005FB0CFC12EB0C4251EB1C414FF0000624
:10EBC00048BF7047921841EB0101A3F10103704760
:10EBD00080B5F8F7CDF900B180BDFFF7D9F8FFF7A0
:10EBE000F7BF80B5F8F7D8F900B180BDFFF7D0F8CE
:10EBF000FFF7F7BF03B401984100009850EAC12025
:10EC000018BF04204A0D18BF40F0010040F2FF7207
:10EC1000B2EB515F08BF40F00200012808BF052099
:10EC200002B0704730380A2801D201207047002016
:10EC300070478A68002A02DC0022F2F7B2BD521E39
:10EC40008A604A68C0B2531C4B6010707047000065
:10EC500010B500290AD00878002807D00548784464
:10EC6000F2F712F8002801D0002010BD02487844C5
:10EC700010BD0000960F00008E0F000010B5002997
:10EC80000AD00878002807D005487844F1F7FCFF3F
:10EC9000002801D0002010BD0248784410BD0000BB
:10ECA0007A10000072100000F1EE100A4FF6FF71AA
:10ECB000C0F2C03120EA010040F04070E1EE100ADD
:10ECC0007047F2F7A6BBF2F7C3BF000000000000D8
:10ECD00000000000303132333435363738394142A4
:10ECE00043444546403058003031323334353637AE
:10ECF000383961626364656640307800040000085A
:10ED0000000000000000000200010000103031325D
:10ED1000333435363738396162636465667870003C
:10ED20003031323334353637383941424344454641
:10ED30005850000002400000000000A00000000049
:10ED400005400000000000C8000000000C4000006A
:10ED50000000409C00000000194000000020BCBEE4
:10ED60000000000034400000BFC91B8E00000004FA
:10ED7000B5400000504BCFD06607E2CF0100000045
:10ED80006C4100003E8251AADFEEA7340100000072
:10ED9000D9420000DCB5A0E23A301F97FFFFFFFF29
:10EDA000B4450000FD25A0C8E9A3C14FFFFFFFFF48
:10EDB000FF3F00000000008000000000FF3F000057
:10EDC00000000080000000000000000000000000C3
:10EDD0000102030406070809000000000102030401
:10EDE000010002000400060008000A000C001000E8
:10EDF0002000400080000001B0EF000850EE000845
:10EE000048EE0008B0EF000871EE0008F8ED0008C9
:10EE1000B0EF000893EE000804EE000888EF000849
:10EE2000B8EE0008B0EF0008D6EE00081CEE0008AF
:10EE3000B0EF0008FEEE00081CEE0008B0EF00087E
:10EE400027EF00081CEE000888EF000856EF0008C6
:10EE50004E31305F5F637878616269763131365F59
:10EE60005F7368696D5F747970655F696E666F4521
:10EE7000004E31305F5F6378786162697631313797
:10EE80005F5F636C6173735F747970655F696E66F1
:10EE90006F45004E31305F5F63787861626976312B
:10EEA00032305F5F73695F636C6173735F74797035
:10EEB000655F696E666F45004E5374335F5F323332
:10EEC000706D7231356D656D6F72795F7265736FDC
:10EED0007572636545004E5374335F5F3233706DF6
:10EEE0007232356D6F6E6F746F6E69635F627566D7
:10EEF0006665725F7265736F7572636545004E5328
:10EF000074335F5F3233706D7232365F5F6E756C73
:10EF10006C5F6D656D6F72795F7265736F7572632B
:10EF2000655F696D7045004E5374335F5F323370B7
:10EF30006D7233325F5F6E65775F64656C657465B3
:10EF40005F6D656D6F72795F7265736F7572636502
:10EF50005F696D704500537439747970655F696ECF
:10EF6000666F0000000000000000000037D00008BD
:10EF7000F17A0008BD7A0008E57A0008A9C5000802
:10EF80000000000004EE0008B1740008B574000829
:10EF900017C2000819C20008BFC300081BC200083E
:10EFA00059C2000841C300080000000010EE00082C
:10EFB000B1740008C574000817C2000819C200081F
:10EFC000BFC3000845C400089DC400087FC50008F1
:10EFD0000000000024EE00086FD100084DD10008A9
:10EFE00055D000081FD10008CDC500080000000062
:10EFF00030EE000837D0000891D1000889D1000810
:10F000008FD10008D7C50008000000003CEE0008C2
:10F0100037D00008B9D1000897D10008A7D100085F
:10F02000E1C5000800000000000000000000000032
:10F03000000000003A535444455252003A5354449D
:10F04000494E003A5354444F55540000000000000C
:10F05000040000000200000008000000010101039C
:10F060000701000008040204080101015B4F54413C
:10F070005D5B4552524F525D20E69CAAE79FA5E694
:10F08000B688E681AF3A2025730A000A5B4F5441E7
:10F090005D5B50524F434553535D204F5441E5BC97
:10F0A00080E5A78B3A20E69687E4BBB6E5A4A7E502
:10F0B000B08F3D2575E5AD97E88A822C20E6B3A296
:10F0C000E789B9E78E873D25752C20E69687E4BB56
:10F0D000B6E5908D3D25730A002530325820006C2E
:10F0E000656E6774685F6572726F722077617320F6
:10F0F0007468726F776E20696E202D666E6F2D6555
:10F100007863657074696F6E73206D6F64652077C6
:10F11000697468206D6573736167652022257322A9
:10F12000005B4F54415D5B494E464F5D20E5B7B2F1
:10F13000E7949FE68890E5B9B6E58F91E98081E58F
:10F14000BC80E5A78BE69BB4E696B0E6B688E68180
:10F15000AF2C20E7AD89E5BE85E8AEBEE5A487E526
:10F16000938DE5BA942E2E2E005B4F54415D5B4586
:10F1700052524F525D20E5BC80E5A78BE4B88BE886
:10F18000BDBD3A20E8AEBEE5A487E5938DE5BA940F
:10F19000E5BC82E5B8B8005B4F54415D5B494E4623
:10F1A0004F5D20E5BC80E5A78BE4B88BE8BDBD3A98
:10F1B00020E8AEBEE5A487E5938DE5BA94E6ADA35D
:10F1C000E5B8B8005B594D4F44454D5D5B45525223
:10F1D0004F525D20435243E6A0A1E9AA8CE5A4B1B9
:10F1E000E8B4A52E20E8AEA1E7AE97E580BC3A20B2
:10F1F0003078253034582C20E68EA5E694B6E5808C
:10F20000BC3A203078253034582E200A005B594D06
:10F210004F44454D5D5B494E464F5D20E694B6E553
:10F2200088B0E8B5B7E5A78BE5B8A72C20E6ADA375
:10F23000E59CA8E8A7A3E69E902E2E2E0A005B5917
:10F240004D4F44454D5D5B4552524F525D20E69C0B
:10F25000AAE5AE9AE4B989E5B8A7E5A4B43A2030A6
:10F2600058253032580A005B594D4F44454D5D5B7F
:10F270004552524F525D20E7BB93E69D9FE5B8A7EC
:10F28000E697A0E695882C20E58C85E58FB73A2097
:10F2900025752C20E995BFE5BAA63A2025752C20C6
:10F2A000E695B0E68DAEE58CBAE9A696E5AD97E8B1
:10F2B0008A823A203078253032580A005B594D4F07
:10F2C00044454D5D5B5741524E5D20E7BB93E69D43
:10F2D0009FE5B8A7E695B0E68DAEE58CBAE99D9EB0
:10F2E000E7A9BA2C20E4BD8DE7BDAE3A2025642CF9
:10F2F00020E580BC3A203078253032580A005B592E
:10F300004D4F44454D5D5B5741524E5D20E5A1ABED
:10F31000E58585E5AD97E88A82E4B88DE698AF305B
:10F320007831412C20E4BD8DE7BDAE3A2025752C07
:10F3300020E580BC3A203078253032580A005B59ED
:10F340004D4F44454D5D5B494E464F5D20E69687E7
:10F35000E4BBB6E5908DE7A7B03A2025730A005BC1
:10F36000594D4F44454D5D5B494E464F5D20E696F5
:10F3700087E4BBB6E5A4A7E5B08F3A2025752062E7
:10F38000797465730A005B594D4F44454D5D5B4987
:10F390004E464F5D20E7ACACE4B880E4B8AA454FD8
:10F3A00054E59B9EE5A48DE5BBB6E697B620257592
:10F3B000206D730A005B594D4F44454D5D5B494ECE
:10F3C000464F5D20E7ACACE4BA8CE4B8AA454F5494
:10F3D000E59B9EE5A48DE5BBB6E697B62025752096
:10F3E0006D730A005B594D4F44454D5D5B4552526C
:10F3F0004F525D20E58C85E58FB7E4B88DE58CB97B
:10F40000E9858D2E20E58C85E58FB73A2025752C72
:10F4100020E58C85E58FB7E58F8DE7A0813A202523
:10F42000750A005B594D4F44454D5D5B4552524F47
:10F43000525D20E697A0E8B5B7E5A78BE5B8A7E74A
:10F440009A84E695B0E68DAEE5B8A72C20E58C85CC
:10F45000E58FB73A2025752C20E995BFE5BAA63A85
:10F460002025750A005B594D4F44454D5D5B494E63
:10F47000464F5D20E69C80E5908EE4B880E4B8AA13
:10F48000E695B0E68DAEE58C85EFBC8CE5AE9EE9E9
:10F490009985E995BFE5BAA63A2025750A005B591A
:10F4A0004D4F44454D5D5B4552524F525D20E695B0
:10F4B000B0E68DAEE5A484E79086E5A4B1E8B4A5F6
:10F4C0002C20E58C85E58FB73A2025750A005B591D
:10F4D0004D4F44454D5D5B4552524F525D20E58C8A
:10F4E00085E58FB7E4B88DE8BF9EE7BBAD2E20E47D
:10F4F000B88AE4B880E4B8AAE58C85E58FB73A20ED
:10F5000025752C20E5BD93E5898DE58C85E58FB7C4
:10F510003A2025750A005B594D4F44454D5D5B45CA
:10F5200052524F525D20E7B4AFE8AEA1E5A4B1E876
:10F53000B4A53A2025752F25750A005B594D4F4417
:10F54000454D5D5B4552524F525D20E58F91E980FC
:10F5500081E7ABAFE697A0E5938DE5BA940A005B2F
:10F56000594D4F44454D5D5B4552524F525D20E62B
:10F5700095B0E68DAEE58C85E68EA5E694B6E5A45D
:10F58000B1E8B4A50A000A5B594D4F44454D5D5B97
:10F590004552524F525D20E99499E8AFAFE6ACA1D5
:10F5A000E695B0E5A4AAE5A49A2C20E4BCA0E8BEA8
:10F5B00093E5A4B1E8B4A52C20E6ADA3E59CA8E5AD
:10F5C0008F96E6B6882E2E2E000A5B594D4F444585
:10F5D0004D5D5B494E464F5D20E694B6E588B045EB
:10F5E0004F542C20E6ADA3E59CA8E8AFB7E6B18266
:10F5F000E7BB93E69D9FE5B8A72E2E2E005B594DE5
:10F600004F44454D5D5B494E464F5D20E8A7A3E65C
:10F610009E90E5AE8CE6AF952C20E6ADA3E59CA8C8
:10F62000E8AFB7E6B182E695B0E68DAEE5B8A72EB5
:10F630002E2E005B594D4F44454D5D5B494E464F64
:10F640005D20E68EA5E694B6E599A8E5BCBAE58806
:10F65000B6E5819CE6ADA22E005B594D4F44454D69
:10F660005D5B494E464F5D20596D6F64656DE5B732
:10F67000B2E585B3E997AD2E0062617369635F738C
:10F680007472696E67000A5B594D4F44454D5D5B6E
:10F690005741524E5D20E794A8E688B7E58F96E67D
:10F6A000B688E4BCA0E8BE93005B594D4F44454D7D
:10F6B0005D5B494E464F5D20E4BCA0E8BE93E7BBCE
:10F6C00093E69D9F005B594D4F44454D5D5B494E10
:10F6D000464F5D20E694B6E588B0E7BB93E69D9F74
:10F6E000E5B8A7005B424F4F545D5B4552524F5205
:10F6F0005D2022257322206E6F206D617463686522
:10F70000642073756220636F6D6D616E642E0A00F4
:10F71000202D2025730A005B594D4F44454D5D5BFC
:10F72000494E464F5D20E68EA5E694B6E599A8E5DC
:10F7300090AFE58AA82E20E8AFB7E58F91E98081E8
:10F74000E69687E4BBB62E2E2E00594D4F44454D0C
:10F750000048454C5000474554005B594D4F4445C7
:10F760004D5D5B494E464F5D20E7A1ACE4BBB6E57D
:10F77000889DE5A78BE58C96E5A4B1E8B4A52C207F
:10F78000E68EA5E694B6E599A8E697A0E6B395E5DA
:10F7900090AFE58AA8005B424F4F545D5B457272A3
:10F7A0006F725D20E689BEE588B0E4B88DE58FAF65
:10F7B000E794A8E79A84E4BBA3E7A081E6AEB52C62
:10F7C00020E6A088E9A1B628E6ADA3E5B8B8293AB5
:10F7D000203078253038582C20E5A48DE4BD8DE408
:10F7E000B8ADE696AD28E5BC82E5B8B8293A203038
:10F7F00078253038580A005B424F4F545D5B494EC4
:10F80000464F5D20E6A380E6B58BE588B0466C6187
:10F810007368E4B8BA4455414C42414E4BE6A8A146
:10F82000E5BC8F2C20E78EB0E59CA8E4BFAEE69443
:10F83000B9E98089E9A1B9E5AD97E88A822C20422F
:10F840004F4F544C4F41444552E5B086E697A0E6F1
:10F85000B395E5868DE6ACA1E8BF90E8A18C2C209D
:10F86000E8AFB7E7AD89E5BE853273E5908EE987ED
:10F870008DE696B0E783A7E5BD952E2E2E005B4260
:10F880004F4F545D5B494E464F5D20E6B2A1E69C6A
:10F8900089E6A380E6B58BE588B0415050005B4215
:10F8A0004F4F545D5B4552524F525D2025733A20B5
:10F8B000466C617368E7BC96E7A88BE5A4B1E8B431
:10F8C000A52C20E59CB0E59D803A20307825303885
:10F8D000582C20E995BFE5BAA63A2025750A005BA9
:10F8E000424F4F545D5B4552524F525D2025733A53
:10F8F00020E5BC82E5B8B8E695B0E68DAEE995BFE7
:10F90000E5BAA63A2025750A006F70657261746FBA
:10F91000722829005B424F4F545D5B4552524F5253
:10F920005D204F5441E590AFE58AA8E5A4B1E8B465
:10F93000A52C20E7BB88E6ADA2796D6F64656D2EBE
:10F940002E2E005B424F4F545D5B494E464F5D206B
:10F950004F5441E590AFE58AA8E68890E58A9F2C50
:10F9600020E7AD89E5BE85E695B0E68DAEE4BCA0A6
:10F97000E8BE932E2E2E005B424F4F545D5B494EE6
:10F98000464F5D204F5441E6B581E7A88BE7BB9316
:10F99000E69D9F005B424F4F545D5B4552524F5274
:10F9A0005D204F5441E9AA8CE8AF81E5A4B1E8B4E9
:10F9B000A5005B424F4F545D5B4552524F525D2054
:10F9C0004F5441E8A7A3E58E8BE5A4B1E8B4A500A8
:10F9D0005B424F4F545D5B4552524F525D204F5436
:10F9E00041E69BB4E696B0E5A4B1E8B4A5005B425D
:10F9F0004F4F545D5B494E464F5D20E5BC80E5A707
:10FA00008BE693A6E999A4415050E58CBAE59F9FF7
:10FA10003A20E8B5B7E5A78BE59CB0E59D803A2094
:10FA200030782530385820E5A4A7E5B08F3A20304B
:10FA3000782558E5AD97E88A820A005B424F4F541B
:10FA40005D5B4552524F525D20E693A6E999A44171
:10FA50005050E58CBAE59F9FE5A4B1E8B4A52C20F1
:10FA6000596D6F64656DE5B7B2E5819CE6ADA22E78
:10FA7000005B424F4F545D5B494E464F5D20E6931D
:10FA8000A6E999A4415050E58CBAE59F9FE688907D
:10FA9000E58A9F006F75745F6F665F72616E676560
:10FAA00020776173207468726F776E20696E202DE5
:10FAB000666E6F2D657863657074696F6E73206D07
:10FAC0006F64652077697468206D6573736167651D
:10FAD000202225732200696E76616C69645F617211
:10FAE00067756D656E7420776173207468726F77C7
:10FAF0006E20696E202D666E6F2D6578636570745B
:10FB0000696F6E73206D6F64652077697468206D0E
:10FB10006573736167652022257322003A206F7533
:10FB200074206F662072616E67650073746F756C08
:10FB3000003A206E6F20636F6E76657273696F6E28
:10FB4000005F5F6378615F67756172645F616371B5
:10FB50007569726520646574656374656420726597
:10FB60006375727369766520696E697469616C6921
:10FB70007A6174696F6E3A20646F20796F752068BE
:10FB800061766520612066756E6374696F6E2D6C99
:10FB90006F63616C2073746174696320766172694C
:10FBA00061626C652077686F736520696E6974693E
:10FBB000616C697A6174696F6E20646570656E64EA
:10FBC00073206F6E20746861742066756E6374694B
:10FBD0006F6E3F0038FD0008000000207800000034
:10FBE0003C020008B0FD000878000020382B01001E
:10FBF0005C0200081001000043000000F8FFFFFF56
:10FC0000004040404040404040404141414141402F
:10FC100040404040404040404040404040404040E4
:10FC20004005020202020202020202020202020273
:10FC30000220202020202020202020020202020278
:10FC400002029090909090901010101010101010D0
:10FC500010101010101010101010101002020202DC
:10FC60000202888888888888080808080808080820
:10FC7000080808080808080808080808020202021C
:10FC80004000000000000000000000000000000034
:10FC90000000000000000000000000000000000064
:10FCA0000000000000000000000000000000000054
:10FCB0000000000000000000000000000000000044
:10FCC0000000000000000000000000000000000034
:10FCD0000000000000000000000000000000000024
:10FCE0000000000000000000000000000000000014
:10FCF0000000000000000000000000000000000004
:10FD0000000000001C00000043000000F8FFFFFF9F
:10FD10000C0000000E0000000F0000002E0000008C
:10FD2000FDE0FFFF79E1FFFFEDE1FFFFD96DFFFF90
:10FD3000096BFFFF00000000000000000000000051
:10FD400000000000000000000000000010000000A3
:10FD5000010000000024F40000100E00020000006A
:10FD600010F00008F4EF0008280000200000000850
:10FD70000000080000000808000000200000020049
:10FD80000000022000000108000004000000050837
:10FD90000000000000000000000000000000000063
:10FDA0000100000000000000000000000000000052
:04000005080001D915
:00000001FF
