:020000040800F2
:10000000502C01206D0300088170000879700008F1
:100010007D700008C12500085D8300080000000015
:1000200000000000000000000000000091710008C6
:100030003528000800000000F1700008E971000890
:100040008703000887030008870300088703000868
:100050008703000887030008870300088703000858
:1000600087030008870300088703000805270008A6
:100070008703000887030008870300088703000838
:100080008703000887030008870300088703000828
:100090008703000887030008870300088703000818
:1000A0008703000887030008870300088703000808
:1000B00087030008870300088703000887030008F8
:1000C00087030008870300088703000887030008E8
:1000D00087030008870300084D8300088703000892
:1000E00087030008870300088703000887030008C8
:1000F00087030008870300088703000887030008B8
:1001000087030008870300088703000887030008A7
:100110008703000887030008870300088703000897
:100120008703000887030008870300088703000887
:100130008703000887030008870300088703000877
:100140008703000887030008870300088703000867
:100150008703000887030008870300088703000857
:100160008703000887030008870300088703000847
:10017000870300088703000805720008870300084A
:100180008703000887030008870300088703000827
:1001900087030008000000008703000887030008A9
:1001A0008703000887030008870300088703000807
:1001B00087030008870300088703000887030008F7
:1001C00087030008870300088703000887030008E7
:1001D000870300088703000800F002F800F0B7F872
:1001E00014A696E8000CB244B344DA4501D100F0FD
:1001F000AEF8BAE80F000FA696E83000A5EB0405AC
:1002000004EB0607AAEB0704A7F101074FEA15154F
:100210004FEA3414A4F10104AC4201D300F097F882
:1002200013F0010F18BFFB1A43F0010300F001F8AF
:10023000DBE71847646F0100846F0100103A24BFA8
:1002400078C878C1FAD8520724BF30C830C144BF3B
:1002500004680C6070470000704700000023002411
:1002600000250026103A28BF78C1FBD8520728BFC6
:1002700030C148BF0B6070476E2900F05D84702963
:1002800000F0B385662915F0E884652915F0E5844A
:10029000672915F0E284612915F0E18403681B0ADF
:1002A00028BF41F08001692900F00A84642900F028
:1002B0000784752900F004846F2900F041857829AE
:1002C00000F07F85E92900F0DB84E42900F0D88480
:1002D000F52900F0D584EF2900F03E85F82900F0DB
:1002E0007E850368DB0928BF41F08001632901F0A6
:1002F0008383732901F08883E32901F09383F32931
:1003000001F09883002070471FB515F099FC9DE817
:10031000030000F007FF01F0FBFD040000200021B6
:1003200015F062FC401C60600020002115F072FC9A
:10033000E06001F0B9FD01F0C5FC00F093FA1FBDCB
:1003400010B5002001F07EFD01F025FD10BD01F08B
:10035000B9FD1146FFF7D8FF14F0ECFF01F0FCFFE8
:1003600003B4FFF7EDFF03BC00F0A8FE0948804787
:1003700009480047FEE7FEE7FEE7FEE7FEE7FEE787
:10038000FEE7FEE7FEE7FEE704480549054A064B9F
:1003900070470000F1710008D9010008502C0020BE
:1003A000502C012050AC002050AC002053EA020C2D
:1003B00000F069802DE9F04B4FF00006002B1FBFC5
:1003C000B3FA83F503FA05F424FA05F65E4012BF8A
:1003D0001643B2FA82F502FA05F4C5F120051EBFF4
:1003E00022FA05FC44EA0C04203556EA044C4FEA94
:1003F000144418BF641C4FF000084FF000099042ED
:1004000071EB030C39D3002919BFB1FA81F701FA56
:1004100007F6B0FA80F700FA07F6C7F120071EBF0B
:1004200020FA07FC46EA0C062037B6FBF4FCA7EBE3
:100430000507103F07F01F0BCBF120062CFA06F63C
:100440000CFA0BFB44BFB3460026202FA4BF5E4628
:100450004FF0000B5BEA060C08BF4FF0010B19EBE5
:100460000B0948EB0608ABFB027C06FB02CC0BFB3E
:1004700003CCC01B71EB0C01C1E70B4602464146A1
:100480004846BDE8F08B13B5084318BF4FF0FF3066
:100490000146AFF30080BDE81C4070470FB404492B
:1004A00010B503AA029800F07BFB10BC5DF814FBAA
:1004B000CC0000200FB41CB50C0007AA009007D098
:1004C0004142A14202D32044401E01E04FF0FF30E0
:1004D000074B7B4469460190069800F046FB0021DB
:1004E000002C01D0009A11701CBC5DF814FB0000B8
:1004F000BB06000010B5044603E015F066FB401C87
:1005000009D014F8010B05490028F6D1BDE81040C8
:100510000A2015F05ABB4FF0FF3010BDCC00002070
:100520000B460146184600F073BD40EA010310B5C2
:100530009B070FD1042A0DD310C808C9121F9C4273
:10054000F8D020BA19BA884201D9012010BD4FF065
:10055000FF3010BD1AB1D30703D0521C07E00020B2
:1005600010BD10F8013B11F8014B1B1B07D110F80F
:10057000013B11F8014B1B1B01D1921EF1D1184612
:1005800010BD10B5431C02E010F8011B71B18107CA
:10059000FAD14FF0013202C88C1A8C4314EAC2110E
:1005A000F9D0C01A0A0603D0C01E10BDC01A10BD73
:1005B0000A0401D0801E10BD0902FCD0401E10BDEF
:1005C000032A40F2308010F0030C00F0158011F87F
:1005D000013BBCF1020F624498BF11F801CB00F857
:1005E000013B38BF11F8013BA2F1040298BF00F8AB
:1005F00001CB38BF00F8013B11F0030300F02C855C
:10060000083AC0F0088051F8043B083A51F804CB8E
:10061000A0E80810F5E7121D5CBF51F8043B40F854
:10062000043BAFF30080D20724BF11F8013B11F85F
:1006300001CB48BF11F8012B24BF00F8013B00F8A3
:1006400001CB48BF00F8012B7047431A28BF9A42DC
:100650007FF6B6AF10441144032A40F2268010F012
:10066000030F1EBF11F8013D521E00F8013D10F0AE
:10067000030F7FF4F6AF11F0030300F03B80083A5C
:10068000C0F00B8051F8043D083A51F804CD40F811
:10069000043D40F804CDFFF7F3BF121D5CBF51F8D5
:1006A000043D40F8043DAFF30080D20724BF11F8A9
:1006B000013D11F801CD48BF11F8012C24BF00F80D
:1006C000013D00F801CD48BF00F8012C7047431AE6
:1006D00028BF9A4240F2C0841044114410F0030F26
:1006E0001EBF11F8013D521E00F8013D10F0030F2E
:1006F0007FF4F6AF103AC0F00A8010B531E9185017
:1007000020E91850103ABFF4F9AFBDE81040530784
:1007100024BF31E9081020E9081044BF51F8043D16
:1007200040F8043D12F0030F08BF7047D20728BFFE
:1007300031F8023D48BF11F8012C28BF20F8023DD6
:1007400048BF00F8012C70474FF000020429C0F0A8
:10075000128010F0030C00F01B80CCF1040CBCF1F3
:10076000020F18BF00F8012BA8BF20F8022BA1EB45
:100770000C0100F00DB85FEAC17C24BF00F8012B2A
:1007800000F8012B48BF00F8012B70474FF0000222
:1007900000B5134694469646203922BFA0E80C5077
:1007A000A0E80C50B1F12001BFF4F7AF090728BF52
:1007B000A0E80C5048BF0CC05DF804EB890028BFCE
:1007C00040F8042B08BF704748BF20F8022B11F0F7
:1007D000804F18BF00F8012B704700000000000098
:1007E00030B44FF0013C50F8042B51F8043BCCFAE4
:1007F00052F4D51A20D1FCB950F8042B51F8043B1F
:10080000CCFA52F4D51A17D1B4B950F8042B51F8D8
:10081000043BCCFA52F4D51A0ED16CB950F8042B23
:1008200051F8043BCCFA52F4D51A05D1002CDAD099
:1008300030BC4FF00000704729BAB1FA81F111F0D5
:100840001801D1F120008440F2D1CA40CB4012F00F
:10085000FF0213F0FF0330BCD01A70477047704797
:100860007047000008487CB57844009007487844F9
:10087000009C0546019004E020460168084480473A
:10088000241DAC42F8D17CBD786A0100866A010063
:10089000004870477401002070B5064600F022FC45
:1008A000056806F10B0020F00704B4429CBF00204D
:1008B00070BD2B466A68BAB11068A04210D304F12B
:1008C000080188423CBF5068586007D3516810192E
:1008D00041601168091B016058601460101D70BDF3
:1008E00013465268002AE7D12146284600F006FC4C
:1008F0000028DED170BD70B50446051F00F0F2FB84
:100900000068002C14BF446870BD002C18BFAC42B6
:100910003CBF20466468F8D301680A18AA4218BF91
:10092000456003D12A6805461144016028684119D1
:10093000A1421CBF6C6070BD616869602168084499
:10094000286070BD2DE9F04791460C46804600F0C6
:10095000C9FB0768604234EA000001D1042C02D2CE
:100960000520BDE8F087601E40F0070609F10B0086
:1009700020F007054D4539D93B467A6882B31468A3
:10098000101D404206EA000C644525D9A4EB0C007A
:10099000854221D8BCF1000F0BD01046016862449B
:1009A000A1EB0C01116041685160C0F800C05860B3
:1009B0000346116805F10800814205D35019491B0F
:1009C000016015605860034652F8040F586000201B
:1009D000C8F80020BDE8F08713465268002ACED13F
:1009E0002946384600F08AFB0028C5D10620BDE81C
:1009F000F0870B460146184600F0D2B870B50446A1
:100A000085690068C10601D5302600E02026C007B0
:100A100007D070BDD4E9012130469047206A401CC0
:100A200020626D1EF6D570BD70B5044685690078EC
:100A3000C00707D170BDD4E9012120209047206A6A
:100A4000401C20626D1EF6D570BD09684A0501D5AF
:100A500040B27047C905FCD500B2704709684A0525
:100A600001D5C0B27047C905FCD580B2704770B5DA
:100A70000C460546012A05D02878800600D5EA698B
:100A8000002302E0012305E05B1C934202D2E05CFC
:100A90000028F9D1A869E618C01AA861286A184484
:100AA00028622846FFF7AAFF04E0D5E9012114F8DF
:100AB000010B9047B442F8D32846FFF7B5FF70BD4D
:100AC0002DE9F0410646002410687529314616A527
:100AD00010D0FFF7BAFF002802DA404213A507E062
:100AE00031688A0701D512A502E0490704D511A58E
:100AF000012401E0FFF7B2FF00210A2206F12407DA
:100B000009E0B0FBF2FCB0FBF2F302FB1C0030305A
:100B100078541846491C0028F3D123462A4630460B
:100B2000BDE8F04100F078BB000000002D0000009F
:100B30002B0000002000000011680268006A5305C5
:100B400001D508700AE0D30501D5088006E0130638
:100B500003D5C217C1E9000200E008600120704718
:100B600001694A1C02610878704700B58FB0CDE971
:100B700001310021059105497944CDE90310114661
:100B8000684600F03DF90FB000BD0000E5FFFFFF33
:100B9000D1E900239A4202D2531C0B6010707047B7
:100BA000074B70B50D467B44FFF7DFFF0446284630
:100BB00000F093FF10B14FF0FF3070BD204670BDC4
:100BC000215001002DE9FF5F15468A460446DFF8F3
:100BD000AC80F8440027D8E900103E46CDE900106B
:100BE00010E03AF816106A4602A801F007F9411C15
:100BF00007D02178890603D5E269391891420DD8CA
:100C00000744761C2078800602D5E069B84205DDED
:100C1000AE42E6DB3AF816000028E2D1A069C01B1C
:100C2000A0612046FFF7EAFED8E90010CDE90010E8
:100C3000002017E03AF818106A4602A801F0DEF822
:100C4000B0F1FF3F81460BD000250DF1080B05E008
:100C5000D4E901211BF8050090476D1C4D45F7D3E1
:100C600008F10100B0428046E4DB206A384420628B
:100C70002046FFF7D9FEBDE8FF9F00008E5001001F
:100C80002DE9F0418046D21D22F007020025D2E96D
:100C90000002F52915A614D0011E72F1000106DA32
:100CA0000023D0EB030063EB020211A608E0D8F8A2
:100CB00000108B0701D50FA602E0490701D50EA64B
:100CC00001251146002408F1240704E000F05FFA32
:100CD00030323A55641C50EA0102F7D12B463246B5
:100CE00021464046BDE8F04100F096BA0000000001
:100CF0002D0000002B0000002000000030B4002177
:100D000000F1240408E002F00705D208303542EA79
:100D10004372DB086554491C52EA0305F3D10468A9
:100D2000002310A2250708D504F020040C4304D0AA
:100D3000C46901230CA2641EC46130BC00F06CBA0B
:100D400010B5044621461068FFF788FE024620468B
:100D5000BDE810400023D1E7D21D22F00701D1E900
:100D60000023CBE70000000030000000F0B40D4687
:100D70000188090502D5214C7C4402E01F4C7C44CB
:100D80000E34002100F1240608E002F00F071209DA
:100D9000E75D42EA03721B097754491C52EA0307D4
:100DA000F3D102780023120704D5702D06D009B1C3
:100DB000022311342246F0BC00F02EBA0123103475
:100DC000F8E770B504460D4621461068FFF746FE69
:100DD000024629462046BDE870400023C6E7D21DE2
:100DE00022F00703D3E90023C0E70368126843F049
:100DF000200303600823C3610023B7E7F04E01001E
:100E00002DE9F05F894604464FF0000ADFF874B11F
:100E1000FB44C0F820A02046E1688847002874D031
:100E2000252806D0D4E901219047206A401C206281
:100E3000F1E700265F462046E168884720280546FE
:100E400007DB312D05D2781910F8200C08B10643C4
:100E5000F1E7B00701D526F00406C4F81CA000276E
:100E6000C4F818A02A2D09D0284614F0A7FE38B3DC
:100E700004EB8708303DC8F8185019E059F8041BF6
:100E8000204604EB87029161E1688847012F0546FF
:100E900018D1E069002820DA26F020061DE0D8F8F5
:100EA000180000EB800005EB40003038C8F818004F
:100EB0002046E1688847054614F080FE0028EED100
:100EC000012F0AD02E2D08D12046E16888477F1CCB
:100ED0000546022F46F02006C4DBA069002803DA8D
:100EE000404246F00106A061F00701D026F010064E
:100EF0006C2D0BD0682D09D04C2D39D06A2D35D0F2
:100F0000742D35D07A2D33D016E038E0E1682F46C5
:100F100020468847B842054609D16C2F26D04FF4A9
:100F20008060E168064320468847054604E06C2F50
:100F30001AD04FF4807006430DB3A5F14100192873
:100F400002D8203546F400664A46294620462660E7
:100F50004E46FFF791F980B101280BD0F61D26F01F
:100F6000070000F1080956E74020E4E78020D8E7B1
:100F70000020D6E706F104094DE7284652E7206A2B
:100F8000BDE8F09F804E01002DE9F05F93460F46CB
:100F9000804604460026FFF77BFCD0F8009082468E
:100FA00014F8015B2DB100F095F80068405DC007B2
:100FB000F6D12B2D02D02D2D1AD0641E0021CAF897
:100FC00000105A463946204600F038FD014627B148
:100FD0003868A04201D1C7F80080DAF80000022882
:100FE00009D0CAF80090700505D54842BDE8F09FC9
:100FF00046F48066E2E70846F8E710B5002000F006
:1010000059FFFFF79DF9BDE81040012000F056B8E8
:101010002DE9F041074615460E461020FFF73CFC2F
:10102000040013D06760C4E902650948AFF300808B
:1010300000F05CF801682160064904600020086047
:101040000348AFF300800020BDE8F0810120FBE7FA
:10105000100000200C00002010B5203AC0F00B80DA
:10106000B1E81850A0E81850B1E81850A0E818509E
:10107000203ABFF4F5AF5FEA027C24BFB1E8185014
:10108000A0E8185044BF18C918C0BDE810405FEA76
:10109000827C24BF51F8043B40F8043B08BF7047F2
:1010A000D20728BF31F8023B48BF11F8012B28BFF7
:1010B00020F8023B48BF00F8012B70470149182077
:1010C000ABBEFEE726000200004870477401002016
:1010D0000020704710B500F01BFF001D10BD00BFC1
:1010E000094B0100004870477C0100200048704710
:1010F000AC010020704770477047704738B5044610
:101100000A4600206946AFF30080002808BF38BDBA
:1011100002460099204600F0FFFE012038BD012064
:1011200001F047B9F8B5AFF30080054600200C4642
:101130000C2000BF0646A819A0420DD932466946C8
:101140000020AFF30080070008BF01F032F90098DB
:10115000A04218BF0546C419FFF7C4FF0560074643
:10116000F01D20F007004619284600F00AF8B442A6
:1011700008BFF8BDA21B31463868BDE8F84000F052
:10118000CBBE00210160416070470C20704730B534
:10119000B0F10A0271F100034FEA900E4EEA817E2F
:1011A000B0EB0E0061EB91014FEA101E4EEA017E9A
:1011B00010EB0E0041EB11114FEA102E4EEA016EBA
:1011C00010EB0E0041EB11214FEA104E4EEA014E9A
:1011D00010EB0E0041EB1141401841F100014FEAC4
:1011E000D00040EA41704FEAD1014FEA810444EA5D
:1011F000907410EB800544EB01046D1944EB04047A
:10120000521BA3414FF0000348BF0A3200D530BD46
:10121000401C41F1000130BD2DE9F0470D469946D3
:101220009246044600F124080168880604D5E06966
:1012300021F01001216000E00120A84201DD471BE0
:1012400000E00027A1697A1902EB0900081AA061E1
:101250002078C00602D42046FFF7D0FB002608E025
:10126000D4E901211AF806009047206A401C761C38
:1012700020624E45F4DB2078C0060AD52046FFF7F1
:10128000BDFB06E0D4E9012130209047206A401CD4
:101290002062381EA7F10107F4DC07E0D4E9012140
:1012A00018F805009047206A401C2062281EA5F10E
:1012B0000105F3DC2046FFF7B7FB2078000602D5D6
:1012C0000220BDE8F0870120FBE72DE9FF4F0C4627
:1012D0001E464FF0FF378BB0D2E90001DDF8608089
:1012E0000A908A46C1F30A5505B93D4600210846D1
:1012F0004FF00000BAF1000F00F4400005DA00EBF7
:1013000080004FF4400101EA50004FEA9059B9F1D2
:10131000010F00DDB9460A9850EA4A000ED044F6A3
:101320001050A5F2FF3545432F14B8F1000F1ED021
:101330007542291E1EDDC9F100021CE0B8F1010F43
:101340004FF0000001D0302103E0F24305E02154CA
:10135000401CB042FBDB30460022002121540B9997
:10136000C1F80880C1E900200FB0BDE8F08FBD1BB7
:101370006D1CDEE74A4600DA694206A800F034FE3A
:1013800006AB93E8070003AB83E8070050460A99D1
:1013900014F022F88DE80700A0F500501F380090E7
:1013A0000398002D0ADD42F21F014A46084400233B
:1013B00003A90390684614F08BFA09E0A0F50050E9
:1013C0004A461F38002303A90390684614F095FA93
:1013D0008DE807000004000C03D04FF0FF304108F7
:1013E00000E01046B8F1000F03D00022009215462D
:1013F0001EE0751E05D4FFF7CAFE303262556D1E21
:10140000F9D5B3460122084302D000227F1C04E034
:101410002078302801D100227F1E002A099784D02D
:101420001DE0112D07DAFFF7B2FE303262556D1C58
:1014300050EA0102F5D1084302D00098C8B10EE08D
:101440000021681E05E0235C625C63542254401E48
:10145000491C8142F7DBAB46A81B401E09900020C7
:1014600004F80B000B98099AC0F80880C0E9002B1B
:101470007AE711264FF0000857E72DE9F04F88462C
:101480000446D21D22F0070191B0D1E90001CDE957
:101490000A0114F07BFB02460B98C00F01D02D20EF
:1014A00007E02068810701D52B2002E0202101EA16
:1014B000C000032A099001D0072A05DB03464146F4
:1014C000204600F043FD0BE12078800601D5E0695D
:1014D00000E00620B8F1650F814606D0B8F1660F2E
:1014E00018D0B8F1670F70D131E00020B9F1110FB9
:1014F000009001DB112301E009F101030AAA01A90F
:101500000CA8FFF7E2FEDDE90C70002609F10105E9
:10151000834647E001204B4600904FF000470AAA5F
:1015200001A90CA8FFF7D1FEDDE90DB00C995D46CD
:10153000002610B909F101000D18B9EB050003D41C
:10154000C0F1FF3609F10105A5EB09002BE0B9F167
:10155000010F01DA4FF001090020B9F1110F0090DD
:10156000484601DD112300E003460AAA01A90CA8A0
:10157000FFF7ABFEDDE90C704D4600268346207870
:1015800000070AD4AB4500DA5D4601A8012D04DD51
:10159000411911F8011C302907D04F4502DA17F123
:1015A000040F04DA012082460FE06D1EEEE7002FE3
:1015B00002DCED1B3E4403E0781CA84200DD7D1CEC
:1015C000B81B00F1010A4FF000472078000703D450
:1015D000AA4501DB4FF0FF3A0021B7F1004F0DF1B2
:1015E00043088DF8431024D002202B23002F01DA6A
:1015F0007F422D230A21021EA0F1010000DC5FB111
:1016000097FBF1FC97FBF1F201FB1C7C17460CF1F8
:10161000300C08F801CDEEE7A8F101000370218835
:10162000090501D5452100E06521A0F1010800F878
:10163000011C09980FA9A1EB0807FF1D00B10120AB
:10164000411901EBEA70A1693844081A401EA061F3
:101650002078C00602D42046FFF7D0F9099828B1B7
:10166000D4E901219047206A401C20622078C006FE
:1016700022D52046FFF7C2F91EE0002E04DBB34559
:1016800002DD01A8805D00E03020D4E9012190470F
:10169000206A401C2062761CAAF101005FEA000A61
:1016A0000AD100F035FCC0680168405CD4E9012132
:1016B0009047206A401C2062281EA5F10105DCDC51
:1016C00007E0D4E9012118F8010B9047206A401C7B
:1016D0002062381EA7F10107F3DC2046FFF7A4F9CA
:1016E000032011B041E600002DE9F04F04460D46FD
:1016F000D21D22F0070089B0D0E90097484639464C
:1017000014F044FA0246F80F01D02D2307E02068B8
:10171000810701D52B2302E0202101EAC0038DF8C7
:1017200020300BB1012000E00020032A824601D0C6
:10173000072A04DB2946204600F008FC3FE1207818
:10174000800601D40D2500E0E569C7F30A560D2D8A
:1017500049DA00214FEA175B08464FF00000002FDE
:1017600000F4400007DA00EB80004FF4400100EB8A
:10177000D07001EA60008115012901DD4FF0FF31D1
:1017800000224FEA850CBCF1180F06D31346ACF1CA
:1017900018004FF08052C24003E04FF4801323FA48
:1017A0000CF30CF10C0CBCF1200F04D3ACF1200CA9
:1017B00009FA0CF001E007FA0CF000294FF000489C
:1017C00001DD18B90FE00ED140450CD319EB020929
:1017D0005F4121B9404502D19F4329EA0209BBEB91
:1017E000175F00D0761C2088000502D57B4878441E
:1017F00002E07A487844193808AA302302F80A30FF
:10180000037C0AF10101002E0AF1020A53546A46D0
:1018100002DC4FF0300101E04FF031014FF00108E0
:101820008DF8001002D0A6F2FF3603E059EA470116
:1018300000D06B4E002D02DC2178090704D54FF053
:1018400002082E218DF80110C44600210BE0C7F3D9
:1018500003433F01C35C491C6D1E02F80830052993
:1018600008F1010801DA002DF1DC00210CE000EBA9
:101870001973491C1B786D1E082902F808304FEABD
:10188000091908F1010801DA002DF0DC21688B0646
:1018900002D516E0A8F10108E04505DD02EB0803DA
:1018A00013F8013C302BF5D0B8F1000F09DD02EB45
:1018B000080313F8013C2E2B03D1090701D4A8F12A
:1018C0000108002D05DD3E2102F808106D1E08F10B
:1018D0000108407C002E02F8080008F1010804DA33
:1018E0002D20764202F8080002E02B2002F80800C2
:1018F0000A214FF47A70864208F101080BDB96FB4F
:10190000F0F3303302F8083096FBF0F308F10108E9
:1019100000FB136601E0642E0CDB642096FBF0F301
:10192000303302F8083096FBF0F308F1010800FBB1
:10193000136601E00A2E06DB96FBF1F0303002F868
:10194000080008F1010896FBF1F001FB106030304F
:1019500002F80800A16908F1010808EB050202EB92
:101960000A00081AA0612078C00602D42046FFF7BA
:1019700045F8216A08AE01EB0A00206204E0D4E9D0
:10198000012116F8010B9047BAF1010AF7D220782D
:10199000C00602D52046FFF731F86E4609E016F87A
:1019A000010B3E280FD0D4E901219047206A401C4A
:1019B0002062B8F10108F2D22046FFF735F809B0ED
:1019C0000320BDE8F08F206A2844206203E0D4E9B8
:1019D0000121302090476D1EEBD3F8E7C64401008B
:1019E00002FCFFFF10B5436913B1AFF3008001E0C3
:1019F000FFF73DF8012010BD127800F124010A70B4
:101A000000224A700122EDE711684FF0FF32E9E74A
:101A100010B5436913B1AFF3008001E0FFF7D2F8CE
:101A2000012010BD128800F1240182840022C284AA
:101A30000122EDE711684FF0FF32E9E72DE9F05F91
:101A4000824615468B4600270AF10104B946007804
:101A5000302801D09DB113E014F8010B012778283C
:101A600003D0582801D045B10AE00DB1102D07D19F
:101A7000002714F8010B102502E0082500E00A25D4
:101A80000026B0460EE005FB080005FB06F1012725
:101A90001FFA80F801EB1046B6F5803F00D3B94637
:101AA00014F8010B294600F091FA0028EBDABBF19B
:101AB000000F05D00FB1641E00E05446CBF8004083
:101AC000B9F1000F06D0FEF7E3FE02210160C81E47
:101AD000BDE8F09F48EA0640FAE7007B00F080008E
:101AE00070472DE9F05F054617460C46C86820F49C
:101AF000201040F48000C860800602D5084600F03F
:101B00006CFBE06841F282014FF0FF3A014002298C
:101B100003D0204600F0FEFAB9E000F42041B1F510
:101B2000004F0FD1C00306D56168E06A884200D833
:101B30000846606006E02069E0626060606913F05A
:101B400009FBA061A0680022EEB200280DDAE1686E
:101B50008B050AD4C043A06041F490302260E0605D
:101B60006068411C61600670AAE0E06891462260EE
:101B700040F40050E060206978BB606913F00EFB10
:101B800004F124054FF00108A8B1A08910F4407FAA
:101B900008D0E069FEF780FE206118B1E06840F4EB
:101BA000006017E0C4F81C802561E06820F44070F4
:101BB00040F480600EE0E069FEF76EFE00282061D0
:101BC000F0D0E06840F4006010F4407FE06002D1A3
:101BD00040F48070E06020696060E06825696FF023
:101BE000010BC1051ED56168E06A884200D808462D
:101BF000411B04D02246284600F096FAE8BB1FB1EC
:101C0000E562C4E9015959E0681CE0626060E0697E
:101C1000401EA060E06840F48030E06030462E70E6
:101C2000BDE8F09F17B100F480320AE06068411C03
:101C300061600670E0680A2E40F48030E06006D0F3
:101C40000022E16A6068814203D90B4602E001226A
:101C5000F7E70346B4F80CC05B1B5FEA4C5C04D4A6
:101C6000D4F81CC09C4500DD02B3814200D8014677
:101C7000002BA1EB0008E56200E008E0C4E901598F
:101C800007DD22461946284600F04EFA08B15046B4
:101C9000C6E7B8F1000F09D0A169E5626560A1EB64
:101CA0000800A061E06840F01000E06047B16168A2
:101CB000A069E562491B08446560A0615846AFE72A
:101CC0003046ADE710B542485421FEF75FFD41486C
:101CD0005421FEF75BFD40485421FEF757FD3F4974
:101CE0003B483C4A3F4B08603D490A603A4919600D
:101CF000531C0365481C1065012008653B48344AA5
:101D000039A1784400F08AFA20B9384878440A3872
:101D100000F048FB37482F4A35A1784400F07EFA9E
:101D200020B9344878440A3800F03CFB32482A4A4B
:101D30002FA1784400F072FA20B92F4878440A386D
:101D400000F030FB40232248DC000021224600F056
:101D5000BDF920B125487844543800F023FB1D48D4
:101D600022464023002100F0B1F920B121487844F7
:101D7000543800F017FB184822461023002100F0C9
:101D8000A5F9002806D01C487844BDE81040563814
:101D900000F008BB10BD104870B5006D20F00104C4
:101DA0000B4800F0B3FA0B4800F0B0FA0A4800F014
:101DB000ADFA09E0206D20F00105204600F0A6FAFA
:101DC0002046FEF798FD2C46002CF3D170BD000094
:101DD00078000020CC00002020010020000000201E
:101DE00004000020080000207200000022430100CF
:101DF0007700000011430100EA4201002DE9F041A3
:101E000016460C460546FFF765F9036893F801018D
:101E1000012807D0FF2C12D8185D80B101202C704A
:101E2000BDE8F081D3F807013246214603F20713DB
:101E3000C7182846BC46BDE8F041002360474FF074
:101E4000FF30EDE72DE9F84306461548AFF3008073
:101E5000FFF74CF9134F8146E8464D4616E026B190
:101E6000E068B04201D0254610E0206828600C48A8
:101E7000C7F80080AFF30080D4E901018847084823
:101E8000AFF300803968414500D04D462C68002CE6
:101E9000E5D1002038600248AFF30080BDE8F88348
:101EA000100000200C0000200148FFF711B90000CD
:101EB0001000002010B500F05DFABDE8104000F001
:101EC00054BA70477546FFF7FFF8AE4605006946FD
:101ED000534620F00700854618B020B5FEF754FAA7
:101EE000BDE820404FF000064FF000074FF000081B
:101EF0004FF0000BAC46ACE8C009ACE8C009ACE858
:101F0000C009ACE8C00921F007018D467047000008
:101F10000048704794010020034640688C46002822
:101F200018BF88423CBF03464068F8D3186818447D
:101F3000884207D00CF1030020F00700001D411A71
:101F4000521A0146081D0A60FEF7D5BC2DE9F04182
:101F50001F46044603260168072A01F4006004DBDB
:101F600008B116A505E016A503E008B115A500E027
:101F700015A521F010002060A069C01EA0610FB15E
:101F8000401EA0612046FEF739FD4FB1D4E9012182
:101F900038469047206A401C2062C01C206206E040
:101FA000206AFAE7D4E9012115F8010B9047761E63
:101FB000F8D22046FEF738FDBDE8F0814E414E00D4
:101FC0006E616E00494E4600696E66003A2800D286
:101FD000303820F02002412A01D3A2F13700884294
:101FE00001D34FF0FF3070472DE9F0478146164688
:101FF0008AB0354878440DC88DE80D0032487844E1
:10200000801C03AC0DC884E80D0041F69B300844E9
:10201000372190FBF1F290FBF1F5A5F1800501FB72
:1020200012041B3C02D56442012000E00020DFF8CE
:1020300098A080460027FA44AAF1BE0A0EE0E00705
:102040000AD03246684607EB470101230AEB8101BB
:1020500013F053FC8DE8070064107F1C002CEED1B8
:10206000194F7F44AE3F19E0E80715D007EB041085
:102070000DF1180A90E80E008AE80E00C068F042E0
:1020800001D1981908903246012306A903A813F03C
:1020900034FC03AB83E807006D10641C002DE3D112
:1020A0004FF0010332466946B8F1000F03A802D091
:1020B00013F00EFC01E013F020FCC9E90001C9F89F
:1020C00008200AB0BDE8F087503D010070B5C46833
:1020D000A50713D0650211D4B2F5807F09D0B2F5FF
:1020E000007F06D0B2F5806F08D1012300F12401F2
:1020F00006E05D1E6FF07F46B54201D3012070BD42
:102100000161C361416024F470611143C16000202A
:1021100070BD0000C16821F4001141F08001C16070
:1021200000218160016070472DE9F74F15460C468C
:102130004FF0FF3B3848D768D2F814A0074209D0C7
:102140005046A96913F090F8002819DB3248C043C3
:102150000740EF604FF000496FF000484C4501D355
:10216000464600E0264600993B465046324613F06C
:10217000A5F8A96920F00042B21A1144A96128B15A
:102180002846FFF7C7FF5846BDE8FE8FA41BE5D1E0
:102190000020F9E770B504460569C06A61688842A5
:1021A00000D80846E16821F42011E160C90312D586
:1021B000A84208D02246411B2846FFF7B5FF10B1C0
:1021C0004FF0FF3070BD0020E562C4E90150E068C7
:1021D00020F48030E060002070BD10B50446C06877
:1021E00020F02000E060A16AA06988420DD020465E
:1021F000FFF7D0FFE06820F4405040F01000E060AE
:10220000A06AA0612069E062606044F24001E06879
:102210008843E06010BD0000100002002DE9F0418D
:102220000C461646070047D0104600F06FF820789D
:10223000611C61280AD0722802D077283CD102E0C4
:102240000125002405E00225042402E0082448F2C8
:10225000020511F8010B2B2806D0622809D011F8CD
:10226000010C74280AD00BE045F0030544F0020489
:10227000EFE745F0040544F00104EAE744F01004F8
:102280003846214612F0AEFF411C15D000213161C5
:1022900071604FF40071F560F1617061200704D541
:1022A00030460222002100F08BF8306D40F0010032
:1022B00030653046BDE8F0810020FBE72DE9F041B4
:1022C0000D460646104C206DC10704D0410804D0CD
:1022D00020F00104F7E722460EE05420FEF7DCFA76
:1022E00007000ED0206D47F00101084354212065FE
:1022F0003846FEF74BFA3A4629463046BDE8F041EB
:102300008CE70020D6E70000780000202DE9F04798
:1023100004464FF0FF380026C568D4E90497A807A3
:1023200018D02046FFF736FF384612F0EDFE0028A1
:1023300000DA4646280502D54846FEF7DCFA4C216D
:102340002046FEF723FA206D20F00100206530467C
:10235000BDE8F0874046FBE710B50446AFF30080C8
:102360002046BDE81040FDF7FBBF002801D0FEF776
:10237000A5BE704710B5002102A000F09DF8012015
:1023800010BD0000534947414252543A2041626E09
:102390006F726D616C207465726D696E6174696FC6
:1023A0006E00000010B500F0A1F8BDE81040FFF786
:1023B000DCBF10B500F0B4F8BDE81040FFF7D5BFA2
:1023C0002DE9F041044616460D464769007B80071B
:1023D0002ED0384612F0E2FE50BB3EB3012E02D0A2
:1023E000022E25D104E0204600F0C9F805441DE086
:1023F000384612F0AFFEE168002841F01001E160BC
:1024000005DA2046FFF786FE0120BDE8F081C9030A
:102410000BD56268E16A914200D81146A269114465
:102420002269891A814200DD08460544002D01DA3F
:102430000220EAE7E16A6068E268814206D291031D
:10244000E06203D522F4003141F01002A6690027B2
:10245000AE4213DCE16A814201D90B4600E003463B
:1024600003EB060C2369ACEB030CAC4506DD8142A3
:1024700001D98C4600E084469C4505D1A7602760C1
:1024800042F02000A5620DE0AD1BE669AE1B814263
:10249000A66000D90846C01A281A20605819606042
:1024A00022F0200003490840E060002084F84870D2
:1024B000ABE70000BFCFD7FF70B505460C460A203A
:1024C00000E06D1C00F054F835B128780028F8D1F0
:1024D00002E0641C00F04CF814B120780028F8D118
:1024E000BDE870400A2000F043B8000010B5014676
:1024F00002A0FFF7E1FF012010BD00005349475241
:10250000545245443A2052656469726563743A20B6
:1025100063616E2774206F70656E3A2000000000C2
:1025200010B5012805D0002103A0FFF7C5FF012049
:1025300010BD09A1F8E7000053494752544D454DDD
:102540003A204F7574206F662068656170206D6554
:102550006D6F7279000000003A2048656170206D4F
:10256000656D6F727920636F727275707465640047
:1025700008B569468DF800000320ABBE08BD10B554
:102580000146C268900703D0900607D5886A0AE022
:10259000FEF77EF901210160881E10BD8B69486835
:1025A00018440B69C01A91F848301BB191F84910D2
:1025B000401A10BD1103FCD50028FADD401E10BDE5
:1025C000FFE7FEE785B0049003910292002001909E
:1025D000FFE701980299B0EB510F11D2FFE7039981
:1025E000019A01EB820031F82210408840EA014054
:1025F000049909680860FFE7019801300190E8E755
:102600009DF80800C00750B1FFE7049800680090EB
:102610000398019930F8210000990880FFE7049899
:102620000068006805B0704786B005900491039279
:1026300000200290FFE702980399B0EB910F0DD2B2
:10264000FFE70498029950F8210000BA059909683B
:102650000860FFE7029801300290ECE79DF80C005B
:102660008007002849D0FFE7039800F00300012805
:1026700008D1FFE70498029910F82100059909682C
:102680000870FFE7039800F00300022813D1FFE76A
:102690000499029A01EB820011F82210407840EA76
:1026A0000120ADF80600059800680090BDF806000E
:1026B00000990880FFE7039800F0030003281BD16E
:1026C000FFE70499029A01EB820011F8221040788A
:1026D00040EA0120ADF80600059800680090BDF8BA
:1026E0000600009908800498029900EB8100807828
:1026F000059909680870FFE7FFE70598006800681A
:1027000006B0704780B542F60C10C2F2000000F02F
:10271000D7FC80BD84B003900398006840F2074165
:10272000C4F20201884206D8FFE740F60000C4F276
:102730000200009005E040F62000C4F20200009084
:10274000FFE7009802900398007808384CF6CD41D6
:10275000CCF6CC41A0FB011000090190029803992E
:102760004A6C22F0030210448864039940F680000A
:10277000C4F20200C864019800F01F0101208840E3
:102780000399086504B0704782B001900198007900
:102790000090009940F6FC00C4F2020000EB8100BA
:1027A00001994865019940F64010C4F2020088651D
:1027B0000098013800F01F01012088400199C86588
:1027C00002B0704784B00390029101920093039885
:1027D000C16C006D48600398406D28B1FFE7039815
:1027E000816DC06D4860FFE70398016C406C00F09C
:1027F0001F020120904048600098039909684860D2
:1028000003988068102809D1FFE7019803990968A7
:102810008860029803990968C86008E002980399E3
:1028200009688860019803990968C860FFE704B0E7
:10283000704700007047000081B0EFF3108072B65F
:102840000090FFE7FEE7000081B040F25000C2F2C6
:102850000000007F8DF803009DF80300012805D0DB
:10286000FFE79DF8030003281FD1FFE742F20001B4
:10287000C4F20201086820F400700860FFE742F229
:102880000001C4F20201086840F4006008600868B2
:1028900020F400600860FFE742F20001C4F2020188
:1028A000086840F400700860FFE79DF80300022804
:1028B00005D0FFE79DF80300032817D1FFE7FFE7E6
:1028C00042F20001C4F20201086840F4805008603E
:1028D000086820F480500860FFE742F20001C4F26B
:1028E0000201086840F480600860FFE740F2500190
:1028F000C2F200010020087701B0704781B000905B
:1029000042F22000C4F202000068400200281ED5F6
:10291000FFE79DF80000C00748B1FFE742F214014D
:10292000C4F20201086840F004000860FFE79DF867
:1029300000008007002809D5FFE742F21401C4F225
:102940000201086840F400400860FFE709E042F235
:102950001401C4F20201086848F20402104308603E
:10296000FFE742F21401C4F20201086840F480302B
:10297000086001B07047000082B00190009142F2FF
:102980002000C4F2020000684002002809D4FFE7DA
:1029900042F21401C4F20201086820F400600860E9
:1029A00017E09DF80000C00748B1FFE742F21401AC
:1029B000C4F20201086820F40060086008E042F2F6
:1029C0001401C4F20201086840F400600860FFE7E7
:1029D000FFE742F21401C4F20201086820F47E709D
:1029E0009DF8042040EAC2000860086840F0020038
:1029F0000860086840F48030086002B0704700004A
:102A000084B003900193009242F21401C4F20201D7
:102A1000086840F001000860009803990860BFF35F
:102A20006F8F01980399486004B0704789B0059092
:102A3000049140208DF80F000598029004980190B1
:102A400042F21401C4F20201086840F480200860D8
:102A5000EFF31080069006980090EFF3108072B6A6
:102A60000790FFE701980068029908600298043017
:102A700002900198043001909DF80F0001388DF804
:102A80000F00FFE79DF80F000028EBD1FFE700984B
:102A90000890089880F3108809B0704780B584B01A
:102AA000029001F01DFB0190FFE742F21000C4F21A
:102AB00002000068C00300280DD5FFE701F010FBFD
:102AC0000199401A0299884204D9FFE703208DF842
:102AD0000F005AE0E9E742F21000C4F20200006879
:102AE0004CF2FA3108400090009860B3FFE7009A7A
:102AF00040F25001C2F20001486810434860FFE70D
:102B00009DF8030010F0F00F0BD0FFE7009800F0E5
:102B1000704242F21801C4F20201086810430860D2
:102B2000FFE70098000148B1FFE7009820F07040EF
:102B300042F21001C4F202010860FFE7FFE7012042
:102B40008DF80F0021E0012050B9FFE742F2180094
:102B5000C4F20200006800F00100012808D010E073
:102B600042F21000C4F202000068C00748B1FFE75B
:102B7000FFE742F21001C4F2020101200860FFE702
:102B8000FFE700208DF80F00FFE79DF80F0004B06D
:102B900080BD000087B006900591049200208DF85A
:102BA0000F001F2002909DF81400C00720B9FFE716
:102BB00001208DF80F004BE0FFE70299481E0290BC
:102BC0000020019051B1FFE70598029901F01F0123
:102BD00020FA01F1012088430190FFE70198C00726
:102BE00008B1FFE7E9E70498009018282BD800996E
:102BF000DFE801F028292929292929291F2929293C
:102C00002929292916292929292929290D00029844
:102C1000072804D3FFE701208DF80F00FFE716E037
:102C20000298082804D3FFE701208DF80F00FFE782
:102C30000DE00298102804D3FFE701208DF80F0063
:102C4000FFE704E003E001208DF80F00FFE7FFE756
:102C50009DF80F0078B9FFE7059806990968486163
:102C600006980068806820F01800049908430699C7
:102C700009688860FFE79DF80F0007B07047000003
:102C800080B586B0059004910392002001900599CB
:102C90000220487705980168886840F00100886044
:102CA0000598006A0090012821D0FFE700980228CB
:102CB00024D0FFE70098032827D1FFE700200290E7
:102CC000FFE70298039988420CD2FFE70498029923
:102CD00050F82100059909680860FFE70298013063
:102CE0000290EEE705980068006801900EE00598F4
:102CF0000499039AFFF798FC019007E0059804995E
:102D0000039AFFF75FFC019000E0FFE705990120BF
:102D10004877019806B080BD80B582B000900098D9
:102D200020B9FFE701208DF8070057E00098407FA9
:102D300038B9FFE7009900200877009800F052F8B2
:102D4000FFE70099022048770098007980B9FFE7F3
:102D50000098016841F6B750C0F2C1404861009840
:102D60000068806820F018000099096888600BE00E
:102D700000988168C268FFF70DFF20B1FFE70120CE
:102D80008DF807002AE0FFE70098407930B9FFE7A7
:102D9000009801684FF0FF30086104E00098016876
:102DA00000690861FFE700980068806820F0600013
:102DB000009A116852691043886000980068806822
:102DC00020F08000009A1168926910438860009991
:102DD0000120487700208DF80700FFE79DF80700E5
:102DE00002B080BD82B001900198006843F20001FA
:102DF000C4F20201884210D1FFE7FFE741F2480028
:102E0000C4F20200016841F480510160006800F4DE
:102E1000805000900098FFE7FFE702B07047000085
:102E200082B0019000208DF80300019890F82500F1
:102E3000022807D0FFE701990420C86301208DF81C
:102E400003002DE001980168086820F00E0008607A
:102E50000198816C086820F480700860019801680E
:102E6000086820F0010008600198016C406C00F0D7
:102E70001F020120904048600198C16C006D4860BD
:102E80000198406D58B1FFE70198416D086820F442
:102E9000807008600198816DC06D4860FFE7FFE7B2
:102EA0000199012081F82500FFE70199002081F8B0
:102EB0002400FFE79DF8030002B0704780B582B0A0
:102EC000019000208DF80300019890F82500022859
:102ED00011D0FFE701990420C8630199012081F80E
:102EE0002500FFE70199002081F82400FFE7012079
:102EF0008DF803003FE001980168086820F00E009B
:102F0000086001980168086820F0010008600198D5
:102F1000816C086820F4807008600198016C406C36
:102F200000F01F020120904048600198C16C006DC4
:102F300048600198406D58B1FFE70198416D0868FD
:102F400020F4807008600198816DC06D4860FFE7D3
:102F50000199012081F82500FFE70199002081F8FF
:102F60002400FFE70198806B20B1FFE70198816B97
:102F70008847FFE7FFE79DF8030002B080BD00002F
:102F800080B584B00290029820B9FFE701208DF847
:102F90000F008BE002980168086820F001000860CB
:102FA0000298006840F20741C4F20201884218D832
:102FB000FFE7029908684FF6F872CBF6FD721044ED
:102FC0004CF6CD42CCF6CC42A0FB02026FF00300DF
:102FD00000EA9200486402990020C4F202000864EA
:102FE00018E0029908684FF6F832CBF6FD721044EB
:102FF0004CF6CD42CCF6CC42A0FB02026FF00300AF
:1030000000EA92004864029940F20040C4F20200D3
:103010000864FFE7029801680020019008600298A8
:10302000016C406C00F01F02012090404860029843
:10303000FFF770FB01980299896C08600298C16CD7
:10304000006D48600298406888B1FFE702984068C8
:1030500004280CD8FFE70298FFF796FB0298416D11
:10306000002008600298816DC06D4860FFE70299FA
:10307000002000904865029988650299C865029908
:10308000C8620299086302994863029988630299A9
:10309000C863029981F82500FFE70299002081F8B2
:1030A0002400FFE700208DF80F00FFE79DF80F00D8
:1030B00004B080BD81B000900098C06B01B0704733
:1030C00080B584B003900398006C00680290039868
:1030D00000680068019002980399496C01F01F0193
:1030E000C8404007002825D5FFE79DF804004007A9
:1030F00000281FD5FFE703980068006880060028B5
:1031000007D4FFE703980168086820F0040008600E
:10311000FFE70398016C406C00F01F020420904010
:1031200048600398006B20B1FFE70398016B884764
:10313000FFE76EE002980399496C01F01F01C84057
:10314000800700282FD5FFE79DF80400800700289E
:1031500029D5FFE7039800680068800600280BD493
:10316000FFE703980168086820F00A0008600399E7
:10317000012081F82500FFE70398016C406C00F006
:103180001F02022090404860FFE70399002081F869
:103190002400FFE70398C06A20B1FFE70398C16AE3
:1031A0008847FFE734E002980399496C01F01F015A
:1031B000C8400007002829D5FFE79DF80400000754
:1031C000002823D5FFE703980168086820F00E0067
:1031D00008600398026C406C00F01F01012000FAA7
:1031E00001F151600399C863039981F82500FFE755
:1031F0000399002081F82400FFE70398406B20B179
:10320000FFE70398416B8847FFE700E0FFE7FFE730
:10321000FFE704B080BD000080B584B00290029842
:1032200020B9FFE701208DF80F009CE002980068AC
:1032300040F20741C4F20201884218D8FFE7029920
:1032400008684FF6F872CBF6FD7210444CF6CD428A
:10325000CCF6CC42A0FB02026FF0030000EA920021
:10326000486402990020C4F20200086418E0029940
:1032700008684FF6F832CBF6FD7210444CF6CD429A
:10328000CCF6CC42A0FB02026FF0030000EA9200F1
:103290004864029940F20040C4F202000864FFE76B
:1032A0000299022081F825000298006800680190C8
:1032B000019847F6F0718843019002998868D1F827
:1032C0000CC00B694A6940EA0C00184310438A6934
:1032D0001043CA691043096A0143019808430190E9
:1032E00001980299096808600298FFF713FA02989A
:1032F0008068B0F5804F04D1FFE702990020486054
:10330000FFE702990879896C08600298C16C006D2A
:1033100048600298406888B1FFE702984068042836
:103320000CD8FFE70298FFF72FFA0298416D0020B2
:1033300008600298816DC06D486007E00299002026
:103340004865029988650299C865FFE702990020DF
:10335000C863029A012182F82510029981F824009D
:103360008DF80F00FFE79DF80F0004B080BD00004E
:1033700080B586B0049003910292019300208DF8ED
:103380000300FFE7049890F82400012804D1FFE728
:1033900002208DF8170065E00499012081F82400CF
:1033A000FFE7FFE7049890F8250001284BD1FFE7DD
:1033B0000499022081F8250004990020C86304982C
:1033C0000168086820F00100086004980399029AD7
:1033D000019BFFF7F7F90498006B38B1FFE70498F9
:1033E0000168086840F00E0008600CE0049801686D
:1033F000086820F00400086004980168086840F03C
:103400000A000860FFE70498806C0068C003002889
:1034100007D5FFE70498816C086840F48070086065
:10342000FFE70498406D38B1FFE70498416D0868E4
:1034300040F480700860FFE704980168086840F075
:103440000100086009E0FFE70499002081F82400EA
:10345000FFE702208DF80300FFE79DF803008DF8D9
:103460001700FFE79DF8170006B080BD80B582B059
:1034700041F23801C4F202014FF0FF320A6000202D
:103480000190086041F24001C4F202010A60086044
:1034900041F22801C4F202010A60086041F22C01E5
:1034A000C4F202010A60086041F23001C4F2020174
:1034B0000A60086000F0E2FE019802B080BD0000E2
:1034C00080B584B0039000F00BFE02900398019049
:1034D0000198013048B1FFE740F27000C2F20000ED
:1034E0000168019808440190FFE7FFE700F0F8FD4C
:1034F0000299401A0199884201D2FFE7F6E704B029
:1035000080BD000080B586B004900391FFE740F2D3
:103510005000C2F200000078012804D1FFE7022029
:103520008DF81700BDE040F25001C2F20001012009
:103530000870FFE7FFE74FF47A70FFF7AFFA8DF8F6
:103540000B009DF80B00002840F09E80FFE740F242
:103550005001C2F200010020486042F20000C4F2B3
:10356000020000688005002820D5FFE742F2000035
:10357000C4F202000068400500280FD5FFE742F2C0
:103580000001C4F20201086820F48060086040F283
:103590005001C2F200010320087706E040F250011A
:1035A000C2F2000101200877FFE71FE042F20000AD
:1035B000C4F202000068400500280FD5FFE742F280
:1035C0000001C4F20201086820F48060086040F243
:1035D0005001C2F200010220087706E040F25001DB
:1035E000C2F2000100200877FFE7FFE704980068B7
:1035F000012814D1FFE704984068FFF77FF94FF4E2
:103600007A70FFF74BFA8DF80B0042F21401C4F206
:103610000201086848F204029043086031E003990F
:103620004FF0FF300860049880680190FFE7019830
:10363000049A9168D2681144884221D2FFE7019828
:1036400004994968FFF798F94FF47A70FFF726FA62
:103650008DF80B0042F21401C4F20201086840F236
:10366000FA32904308609DF80B0020B1FFE7019803
:103670000399086004E0FFE7019801300190D6E764
:10368000FFE7FFF7E1F8FFE7FFE740F25001C2F282
:10369000000100200870FFE79DF80B008DF817006F
:1036A000FFE79DF8170006B080BD000085B00390CD
:1036B00001208DF80300FFE740F25000C2F2000045
:1036C0000078012804D1FFE702208DF8130022E1E1
:1036D00040F25001C2F2000101200870FFE7FFE74D
:1036E00042F22400C4F2020000680190019842F204
:1036F0002801C4F202010968884240F2FF80FFE716
:1037000042F24400C4F2020000680190019842F2C3
:103710004801C4F202010968884240F2EE80FFE7E6
:1037200042F20000C4F20200016821F480710160DD
:1037300000688005002817D5FFE742F20001C4F2B7
:103740000201086820F400700860FFE742F20001FF
:10375000C4F20201086840F400600860086820F4C0
:1037600000600860FFE7FFE742F20000C4F20200D9
:1037700000684005002817D5FFE742F20001C4F2B7
:103780000201086820F480600860FFE742F200014F
:10379000C4F20201086840F480500860086820F410
:1037A00080500860FFE7FFE742F22C00C4F20200FD
:1037B00000680190019901F07F0001F4FE01B0EB77
:1037C000114F0AD8FFE742F22C01C4F20201086847
:1037D00020F07F107F300860FFE742F23000C4F233
:1037E000020000680190019901F07F0001F4FE01E0
:1037F000B0EB114F0AD8FFE742F23001C4F20201E8
:10380000086820F07F107F300860FFE742F24C002C
:10381000C4F2020000680190019901F07F0001F4F8
:10382000FE01B0EB114F0AD8FFE742F24C01C4F29F
:103830000201086820F07F107F300860FFE742F245
:103840005000C4F2020000680190019901F07F006D
:1038500001F4FE01B0EB114F0AD8FFE742F250012C
:10386000C4F20201086820F07F107F300860FFE793
:1038700042F22001C4F20201086820F48000039A99
:103880001043086042F21401C4F20201086840F4D7
:103890000030086040F21400C2F200000068C00866
:1038A00044F6D351C1F26201A0FB011080094FF42C
:1038B0007A7148430290FFE7029808B9FFE70FE0EA
:1038C000029801380290FFE742F21000C4F20200B1
:1038D000006800F480310020B0EB114FECD1FFE71D
:1038E00042F21401C4F20201086820F400300860BA
:1038F000086840F000600860FFE7FFE7FFE740F27C
:103900005001C2F2000100200870FFE79DF803009B
:103910008DF81300FFE79DF8130005B07047000015
:1039200081B001208DF8030042F21400C4F20200BD
:10393000016841F0004101600068C00F20B1FFE75D
:1039400000208DF80300FFE79DF8030001B07047E9
:1039500080B542F21401C4F20201086840F0006030
:1039600008604FF47A70FFF799F880BD81B00020AD
:103970008DF8030042F21400C4F202000068400017
:1039800000281CD5FFE742F20C01C4F2020142F606
:103990003B20C0F61900086046F67F60C4F65D4023
:1039A000086042F21400C4F20200006840000028DF
:1039B00004D5FFE701208DF80300FFE7FFE79DF83E
:1039C000030001B07047000080B588B006900591F3
:1039D0000393029200200090FFE740F25000C2F2F1
:1039E00000000078012804D1FFE702208DF81F00B5
:1039F0007BE040F25001C2F2000101200870FFE7B5
:103A0000FFE74FF47A70FFF749F88DF807009DF84B
:103A1000070000285CD1FFE740F25001C2F200012C
:103A20000020486042F20000C4F202000068400535
:103A300000280FD5FFE742F20001C4F20201086836
:103A400020F48060086040F25001C2F200010220C0
:103A5000087706E040F25001C2F20001002008772A
:103A6000FFE7069840B9FFE70598029A039BFEF727
:103A7000C7FF0120009016E00698012804D0FFE758
:103A8000069802280DD1FFE705980299FEF7CEFFB0
:103A90000698022804D1FFE74FF480200090FFE74A
:103AA00000E0FFE7FFE74FF47A70FEF7F7FF8DF8CD
:103AB0000700009848B1FFE7009A42F21401C4F2EF
:103AC0000201086890430860FFE7FEF7BDFEFFE7CC
:103AD000FFE740F25001C2F2000100200870FFE74A
:103AE0009DF807008DF81F00FFE79DF81F0008B044
:103AF00080BD000081B000208DF8030042F2140068
:103B0000C4F202000068C00FD8B1FFE742F208011A
:103B1000C4F2020140F22310C4F26750086048F674
:103B2000AB10CCF6EF50086042F21400C4F2020071
:103B30000068C00F20B1FFE701208DF80300FFE708
:103B4000FFE79DF8030001B0704700008BB00A90BA
:103B5000099100200890FFE709980899C8400028BB
:103B600000F0DE80FFE70998089A012191400840A3
:103B700007900798002800F0CF80FFE7089820F012
:103B800003000821C4F2010140580690089800F093
:103B9000030081000F2000FA01F10698084006900A
:103BA000069805900A98B0F1904F03D1FFE70020E6
:103BB000049042E00A9840F20041C4F600018842B5
:103BC00003D1FFE70120039034E00A9840F600019A
:103BD000C4F60001884203D1FFE70220029026E0EC
:103BE0000A9840F60041C4F60001884203D1FFE77D
:103BF0000320019018E00A9841F20001C4F6000188
:103C0000884203D1FFE7042000900AE00A9941F2BC
:103C10000042C4F600020620914208BF0520009031
:103C2000FFE700980190FFE701980290FFE70298F4
:103C30000390FFE703980490FFE705980499089A1A
:103C400002F0030292009140884232D1FFE7079AC6
:103C500040F20041C4F20101086890430860079AED
:103C600040F20441C4F20101086890430860079AD9
:103C700040F20C41C4F20101086890430860079AC1
:103C800040F20841C4F201010868904308600898B6
:103C900000F0030081000F2088400690069B0898E2
:103CA00020F003010822C4F201028858984388508A
:103CB000FFE708984100032000FA01F30A9A11680F
:103CC00019431160DDF820C00CF007018A000F21B4
:103CD00001FA02F30A996FF0030202EA5C020A4455
:103CE000116A994311620899490000FA01F30A9A8E
:103CF000D1689943D160089A012101FA02F30A9A26
:103D00005168994351600899490000FA01F20A99F3
:103D1000886890438860FFE70898013008901BE7A7
:103D20000BB070478BB00A90099100200890FFE714
:103D3000099800680899C840002800F0A581FFE7AD
:103D400009980068089A0121914008400790079857
:103D5000002800F09581FFE70998406800F0030013
:103D6000012807D0FFE70998406800F00300022807
:103D70002FD1FFE70A988068069008984100032039
:103D800000FA01F10698884306900998C0680899DE
:103D9000490000FA01F106980843069006980A992E
:103DA00088600A98406806900899012000FA01F19D
:103DB00006988843069009984068C0F30010089957
:103DC00000FA01F106980843069006980A9948609F
:103DD000FFE70998406800F00300032818D0FFE7C8
:103DE0000A98C068069008984100032000FA01F183
:103DF000069888430690099880680899490000FA57
:103E000001F106980843069006980A99C860FFE7F2
:103E10000998406800F00300022826D1FFE70A98BD
:103E200008996FF0030202EA51010844006A069003
:103E3000089800F0070081000F2000FA01F10698B1
:103E40008843069009980069089901F007018900E4
:103E500000FA01F106980843069006980A99089B13
:103E600002EA530211440862FFE70A9800680690CC
:103E700008984100032000FA01F106988843069053
:103E80000998406800F003000899490000FA01F120
:103E900006980843069006980A9908600998807960
:103EA0008007002800F0EB80FFE7FFE741F26000A9
:103EB000C4F20200016841F001010160006800F0F5
:103EC000010005900598FFE7089820F003000821FD
:103ED000C4F2010140580690089800F003008100E8
:103EE0000F2000FA01F10698884306900A98B0F175
:103EF000904F03D1FFE70020049042E00A9840F27F
:103F00000041C4F60001884203D1FFE7012003907D
:103F100034E00A9840F60001C4F60001884203D15B
:103F2000FFE70220029026E00A9840F60041C4F61E
:103F30000001884203D1FFE70320019018E00A98AE
:103F400041F20001C4F60001884203D1FFE70420DA
:103F500000900AE00A9941F20042C4F600020620ED
:103F6000914208BF05200090FFE700980190FFE70D
:103F700001980290FFE702980390FFE703980490EE
:103F8000FFE70498089901F00301890000FA01F1A4
:103F90000698084306900698089921F00301082224
:103FA000C4F20102885040F20840C4F201000068E7
:103FB0000690079906988843069009988079C0066C
:103FC000002805D5FFE70799069808430690FFE704
:103FD000069840F20841C4F20101086040F20C402A
:103FE000C4F201000068069007990698884306907D
:103FF000099880798006002805D5FFE7079906987B
:1040000008430690FFE7069840F20C41C4F2010114
:10401000086040F20440C4F201000068069007996D
:10402000069888430690099880798007002805D56E
:10403000FFE70799069808430690FFE7069840F2C5
:104040000441C4F20101086040F20040C4F20100E2
:104050000068069007990698884306900998807929
:10406000C00728B1FFE70799069808430690FFE7C5
:10407000069840F20041C4F201010860FFE7FFE743
:1040800008980130089053E60BB0704783B0029057
:10409000ADF80610029840690090009ABDF806003D
:1040A00002EA0001904340EA01400299886103B0AE
:1040B0007047000082B00190ADF802108DF8012029
:1040C0009DF8010028B1FFE7BDF802000199886161
:1040D00004E0BDF8020001998862FFE702B0704772
:1040E00042F64840C2F200000068704780B584B0D4
:1040F0000290029820B9FFE701208DF80F0045E0FB
:10410000029801684CF6CC4008600298016845F2BC
:10411000555008600298016840684860029801683C
:1041200080688860FFF7DCFF0190FFE70298006875
:10413000C068400798B1FFE7FFF7D2FF0199401A26
:1041400032280BD3FFE702980068C068400720B10F
:10415000FFE703208DF80F0018E0FFE7E6E702987D
:10416000006800690299C968884205D0FFE7029893
:104170000168C068086105E0029801684AF6AA2053
:104180000860FFE700208DF80F00FFE79DF80F00A3
:1041900004B080BD81B00090009801684AF6AA2062
:1041A0000860002001B0704740F27000C2F20000C9
:1041B000026842F64841C2F20001086810440860F3
:1041C0007047000080B582B000208DF80700032002
:1041D00000F0A6F80F2000F00DF820B1FFE7012055
:1041E0008DF8070002E000F04BF8FFE79DF80700AC
:1041F00002B080BD80B582B0019000208DF8030030
:1042000040F27000C2F20000006878B3FFE740F2AD
:104210001400C2F20000006840F27001C2F2000116
:104220000A684FF47A71B1FBF2F1B0FBF1F001F0E2
:1042300011FAB0B9FFE701980F280DD8FFE70199EF
:104240004FF0FF30002200F053F8019840F2740163
:10425000C2F20001086003E001208DF80300FFE7CF
:1042600003E001208DF80300FFE703E001208DF853
:104270000300FFE79DF8030002B080BD7047000017
:1042800080B582B0FFE741F26000C4F2020001682D
:1042900041F001010160006800F001000190019807
:1042A000FFE7FFE741F25800C4F20200016841F065
:1042B00080510160006800F0805000900098FFE796
:1042C00000F010F902B080BD80B582B08DF8070013
:1042D0009DF9070010F06CFC02B080BD80B582B083
:1042E0008DF807009DF9070010F07EFC02B080BD3C
:1042F00080B586B08DF817000491039210F08CFC05
:1043000002909DF91700019002980499039A02F017
:10431000B9FE0146019810F087FC06B080BD000090
:1043200080B582B00190019810F0A0FC02B080BD71
:1043300085B00390039800285ED1FFE747F20000A4
:10434000C4F20000006800F4C060B0F5806F49D18D
:10435000FFE747F28001C4F20001086820F4807092
:10436000086047F20002C4F200021168012060F305
:104370004A21116040F21401C2F2000109683222A0
:1043800051434DF68362C4F21B32A1FB022100EBC4
:1043900091400290FFE747F21400C4F20000016868
:1043A000002049050029019006D5FFE70298002862
:1043B00018BF01200190FFE70198C00720B1FFE777
:1043C000029801380290E6E747F21400C4F20000B8
:1043D00000684005002804D5FFE703208DF813008E
:1043E0007CE008E047F28001C4F20001086820F494
:1043F00080700860FFE76DE00398B0F5007F5ED144
:10440000FFE747F20000C4F20000006800F4C0605B
:10441000B0F5806F49D1FFE747F28001C4F2000197
:10442000086840F48070086047F20002C4F200029D
:104430001168012060F34A21116040F21401C2F2B8
:1044400000010968322251434DF68362C4F21B32E7
:10445000A1FB022100EB91400290FFE747F214001C
:10446000C4F200000168002049050029009006D52B
:10447000FFE70298002818BF01200090FFE700988E
:10448000C00720B1FFE7029801380290E6E747F243
:104490001400C4F2000000684005002804D5FFE7BE
:1044A00003208DF8130019E008E047F28001C4F200
:1044B0000001086840F480700860FFE709E047F2F7
:1044C0000001C4F200010868022262F34A20086079
:1044D000FFE7FFE700208DF81300FFE79DF81300CA
:1044E00005B0704747F20801C4F20001086840F4C3
:1044F000804008607047000080B586B005900020BD
:104500008DF80B008DF80A000598807800070028C8
:1045100040F1B580FFE700208DF8090041F2580016
:10452000C4F202000068C000002813D4FFE7FFE7D0
:1045300041F25800C4F20200016841F0805101606C
:10454000006800F0805001900198FFE701208DF88D
:104550000900FFE747F20001C4F20001086840F4D7
:1045600080700860FFF7BCFD0390FFE747F2000092
:10457000C4F200000068C00500280CD4FFE7FFF774
:10458000AFFD0399401A032804D3FFE703208DF8F9
:104590000B0000E0EAE79DF80B0000285BD1FFE785
:1045A00041F29000C4F20200006800F440700490F0
:1045B0000498C8B1FFE704980599096D884213D0A3
:1045C000FFE741F29001C4F20201086820F4407054
:1045D0000490086840F480300860086820F4803057
:1045E000086004980860FFE79DF81000C007E0B17C
:1045F000FFE7FFF775FD0390FFE741F29000C4F27B
:1046000002000068800700280ED4FFE7FFF768FD6E
:104610000399401A41F28931884204D3FFE703200D
:104620008DF80B0000E0E8E7FFE79DF80B0060B9AC
:10463000FFE741F29001C4F20201086820F44070E3
:10464000059A126D1043086004E09DF80B008DF888
:104650000A00FFE704E09DF80B008DF80A00FFE771
:104660009DF80900012809D1FFE741F25801C4F281
:104670000201086820F080500860FFE7FFE7059816
:104680000078C00760B1FFE741F28801C4F202017F
:10469000086820F00300059A526810430860FFE79D
:1046A00005980078800700280CD5FFE741F28801C3
:1046B000C4F20201086820F00C00059A92681043C9
:1046C0000860FFE705980078400700280CD5FFE751
:1046D00041F28801C4F20201086820F03000059A16
:1046E000D26810430860FFE70598007800070028AB
:1046F0000CD5FFE741F28801C4F20201086820F0FE
:10470000C000059A126910430860FFE70598007819
:10471000C00600280CD5FFE741F28801C4F202016F
:10472000086820F44070059A526910430860FFE75A
:1047300005980078800600280CD5FFE741F2880133
:10474000C4F20201086820F44060059A926910439F
:104750000860FFE705980078400600280CD5FFE7C1
:1047600041F28801C4F20201086820F44050059A21
:10477000D26910430860FFE705980078000600281A
:104780000CD5FFE741F28801C4F20201086820F469
:104790004040059A126A10430860FFE70598407888
:1047A000C00760B1FFE741F28801C4F20201086866
:1047B00020F44030059A526A10430860FFE70598DC
:1047C0008078800700280CD5FFE741F29C01C4F2F5
:1047D0000201086820F00300059A926A10430860FD
:1047E000FFE705984078800700280CD5FFE741F2E5
:1047F0008801C4F20201086820F44020059AD26AB8
:1048000010430860FFE705984078400700281BD553
:10481000FFE741F28801C4F20201086820F4401069
:10482000059A126B104308600598006BB0F5801F65
:1048300009D1FFE741F20C01C4F20201086840F41B
:1048400080100860FFE7FFE7059840780007002820
:104850001BD5FFE741F28801C4F20201086820F489
:104860004000059A526B104308600598406BB0F504
:10487000800F09D1FFE741F20C01C4F20201086880
:1048800040F480100860FFE7FFE705984078C00615
:1048900000281BD5FFE741F28801C4F20201086835
:1048A00020F04070059A926B104308600598806B69
:1048B000B0F1807F09D1FFE741F20C01C4F202019F
:1048C000086840F480100860FFE7FFE7059840782B
:1048D000800600281BD5FFE741F28801C4F20201DF
:1048E000086820F04060059AD26B10430860059874
:1048F000C06BB0F1006F09D1FFE741F20C01C4F2C7
:104900000201086840F480100860FFE7FFE705989F
:104910004078400600281BD5FFE741F28801C4F229
:104920000201086820F04060059A126C104308608C
:104930000598006CB0F1006F09D1FFE741F20C015E
:10494000C4F20201086840F480100860FFE7FFE746
:1049500005984078000600281BD5FFE741F2880142
:10496000C4F20201086820F04050059A526C1043CE
:1049700008600598406CB0F1805F09D1FFE741F213
:104980000C01C4F20201086840F480300860FFE7BF
:10499000FFE705988078C007D8B1FFE741F28801AA
:1049A000C4F20201086820F04040059A926C10435E
:1049B00008600598806CB0F1804F09D1FFE741F2A3
:1049C0000C01C4F20201086840F480300860FFE77F
:1049D000FFE705988078400700281BD5FFE741F2E4
:1049E0009C01C4F20201086820F44010059AD26CC0
:1049F000104308600598C06CB0F5001F09D1FFE7AF
:104A000041F20C01C4F20201086840F48010086011
:104A1000FFE7FFE79DF80A0006B080BD80B586B0CD
:104A20000490039100200090049820B9FFE7012032
:104A30008DF8170081E1039842F20001C4F20201EF
:104A4000096801F00F01884216D9FFE742F2000021
:104A5000C4F20200016821F00F01039A11430160C2
:104A6000006800F00F000399884204D0FFE701209E
:104A70008DF8170061E1FFE704980078C00700286F
:104A800000F0A380FFE704984068032839D1FFE7CE
:104A900041F20000C4F2020000688001002804D442
:104AA000FFE701208DF8170047E102F023FB01909A
:104AB00001984BF20141C0F2C441884220D3FFE784
:104AC00041F20800C4F20200006810F0F00F0AD0B2
:104AD000FFE7049800788007002810D5FFE70498C6
:104AE000806860B9FFE741F20801C4F2020108687A
:104AF000082262F30710086080200090FFE7FFE7BC
:104B000038E00498406802280ED1FFE741F2000027
:104B1000C4F2020000688003002804D4FFE70120EB
:104B20008DF8170009E10DE041F20000C4F2020027
:104B300000684005002804D4FFE701208DF8170025
:104B4000FBE0FFE700F02CF9019001984BF20141E6
:104B5000C0F2C44188420CD3FFE741F20801C4F21D
:104B600002010868082262F30710086080200090A4
:104B7000FFE7FFE741F20801C4F20201086820F0F4
:104B80000300049A526810430860FFF7A9FA0290E4
:104B9000FFE741F20800C4F20200006800F00C00D8
:104BA00004994968B0EB810F0ED0FFE7FFF798FA40
:104BB0000299401A41F28931884204D3FFE7032069
:104BC0008DF81700B9E0E4E7FFE704980078800764
:104BD00000282CD5FFE7049800784007002809D565
:104BE000FFE741F20801C4F20201086840F4E06006
:104BF0000860FFE704980078000700280BD5FFE75E
:104C000041F20801C4F20201086840F4E06020F4B7
:104C100060500860FFE741F20801C4F20201086831
:104C200020F0F000049A9268104308600DE00098AC
:104C3000802809D1FFE741F20801C4F202010868A7
:104C400020F0F0000860FFE7FFE7039842F2000160
:104C5000C4F20201096801F00F01884228D2FFE77F
:104C600042F20001C4F20201086820F00F00039A2A
:104C700010430860FFF734FA0290FFE742F20000A9
:104C8000C4F20200006800F00F00039988420ED0C1
:104C9000FFE7FFF725FA0299401A41F2893188426D
:104CA00004D3FFE703208DF8170046E0E6E7FFE7AF
:104CB00004980078400700280CD5FFE741F208016E
:104CC000C4F20201086820F4E060049AD26810433C
:104CD0000860FFE704980078000700280DD5FFE77B
:104CE00041F20801C4F20201086820F46050049AFD
:104CF000126940EAC2000860FFE700F051F841F293
:104D00000801C4F202010968C9B20A0945F66051F6
:104D1000C0F60101895C01F01F01C84040F2140196
:104D2000C2F20001086040F27400C2F200000068A4
:104D3000FFF760FA8DF81700FFE79DF8170006B03F
:104D400080BD000040F21400C2F20000006870470D
:104D500080B5FFF7F7FF41F20801C4F202010968CC
:104D6000C1F3022245F67051C0F60101895C01F0E1
:104D70001F01C84080BD000080B5FFF7E3FF41F28E
:104D80000801C4F202010968C1F3C22245F670515C
:104D9000C0F60101895C01F01F01C84080BD000020
:104DA00086B041F20800C4F20200006800F00C0076
:104DB000042806D1FFE742F20040C0F2F40001905F
:104DC00069E041F20800C4F20200006800F00C0043
:104DD000082806D1FFE741F20020C0F27A000190D6
:104DE00058E041F20800C4F20200006800F00C0034
:104DF0000C284BD1FFE741F20C00C4F2020001681D
:104E000001F0030104910068C1B2012000EB111010
:104E1000029004980090022815D0FFE7009803281C
:104E200012D1FFE7029941F20020C0F27A00B0FBF4
:104E3000F1F041F20C01C4F202010968C1F306214C
:104E40004843059011E0FFE7029942F20040C0F2AA
:104E5000F400B0FBF1F041F20C01C4F20201096868
:104E6000C1F3062148430590FFE741F20C00C4F26C
:104E70000200006800F0C061022000EB11600390A6
:104E800005980399B0FBF1F0019002E00020019039
:104E9000FFE7FFE7FFE7019806B07047B0B588B0BD
:104EA0000690069820B9FFE701208DF81F00CCE39B
:104EB00006980078C007002800F09B80FFE741F2C9
:104EC0000800C4F20200006800F00C00049041F2F7
:104ED0000C00C4F20200006800F003000390049884
:104EE0000C2804D1FFE70398032804D0FFE70498B7
:104EF000082812D1FFE741F20000C4F20200006866
:104F00008003002808D5FFE70698406820B9FFE72E
:104F100001208DF81F0098E36AE0FFE706984068DB
:104F2000B0F5803F09D1FFE741F20001C4F2020170
:104F3000086840F48030086020E006984068B0F5CA
:104F4000A02F0DD1FFE741F20001C4F20201086871
:104F500040F480200860086840F4803008600CE06D
:104F600041F20001C4F20201086820F480300860B8
:104F7000086820F480200860FFE7FFE7FFE7069855
:104F80004068D0B1FFE7FFF7ABF80590FFE741F2CB
:104F90000000C4F202000068800300280CD4FFE780
:104FA000FFF79EF80599401A652804D3FFE7032010
:104FB0008DF81F0049E3EAE719E0FFF791F8059043
:104FC000FFE741F20000C4F20200006880030028FD
:104FD0000CD5FFE7FFF784F80599401A652804D33C
:104FE000FFE703208DF81F002FE3EAE7FFE7FFE765
:104FF000FFE7069800788007002840F19F80FFE7D0
:1050000041F20800C4F20200006800F00C000490B5
:1050100041F20C00C4F20200006800F003000390AB
:1050200004980C2804D1FFE70398022804D0FFE776
:10503000049804282CD1FFE741F20000C4F20200DA
:1050400000684005002808D5FFE70698C06820B929
:10505000FFE701208DF81F00F7E241F20401C4F2DE
:105060000201086820F0FE40069A126940EA0260D8
:10507000086040F27400C2F200000068FFF7BAF85E
:1050800020B1FFE701208DF81F00DEE2FFE754E0CA
:105090000698C06870B3FFE741F20001C4F2020154
:1050A000086840F480700860FFF71AF80590FFE781
:1050B00041F20000C4F202000068400500280CD450
:1050C000FFE7FFF70DF80599401A032804D3FFE71F
:1050D00003208DF81F00B8E2EAE741F20401C4F2B0
:1050E0000201086820F0FE40069A126940EA026058
:1050F000086021E041F20001C4F20201086820F4D6
:1051000080700860FEF7ECFF0590FFE741F20000B9
:10511000C4F202000068400500280CD5FFE7FEF746
:10512000DFFF0599401A032804D3FFE703208DF819
:105130001F008AE2EAE7FFE7FFE7FFE7069800784B
:105140000007002849D5FFE70698406910B3FFE73C
:1051500041F29401C4F20201086840F001000860C5
:10516000FEF7BEFF0590FFE741F29400C4F2020093
:105170000068800700280CD4FFE7FEF7B1FF05990F
:10518000401A032804D3FFE703208DF81F005CE2D8
:10519000EAE721E041F29401C4F20201086820F03C
:1051A00001000860FEF79CFF0590FFE741F29400C4
:1051B000C4F202000068800700280CD5FFE7FEF764
:1051C0008FFF0599401A032804D3FFE703208DF8C9
:1051D0001F003AE2EAE7FFE7FFE70698007840079A
:1051E000002840F1C680FFE700208DF80B0041F257
:1051F0005800C4F202000068C000002813D4FFE782
:10520000FFE741F25800C4F20200016841F080510A
:105210000160006800F0805001900198FFE70120D4
:105220008DF80B00FFE747F20000C4F200000068B1
:10523000C005002822D4FFE747F20001C4F20001B4
:10524000086840F480700860FEF74AFF0590FFE7A9
:1052500047F20000C4F200000068C00500280CD42A
:10526000FFE7FEF73DFF0599401A032804D3FFE747
:1052700003208DF81F00E8E1EAE7FFE7FFE7069863
:105280008068012809D1FFE741F29001C4F20201D0
:10529000086840F0010008601FE006988068052853
:1052A0000DD1FFE741F29001C4F20201086840F01D
:1052B00004000860086840F0010008600CE041F25A
:1052C0009001C4F20201086820F00100086008683B
:1052D00020F004000860FFE7FFE7FFE7069880681A
:1052E000E0B1FFE7FEF7FCFE0590FFE741F290001A
:1052F000C4F202000068800700280ED4FFE7FEF722
:10530000EFFE0599401A41F28931884204D3FFE744
:1053100003208DF81F0098E1E8E71BE0FEF7E0FEB0
:105320000590FFE741F29000C4F202000068800798
:1053300000280ED5FFE7FEF7D3FE0599401A41F28B
:105340008931884204D3FFE703208DF81F007CE1F8
:10535000E8E7FFE79DF80B00012809D1FFE741F2DC
:105360005801C4F20201086820F080500860FFE78D
:10537000FFE7069800788006002849D5FFE70698E1
:10538000806910B3FFE741F29801C4F20201086896
:1053900040F001000860FEF7A3FE0590FFE741F230
:1053A0009800C4F202000068800700280CD4FFE7D0
:1053B000FEF796FE0599401A032804D3FFE7032061
:1053C0008DF81F0041E1EAE721E041F29801C4F2C3
:1053D0000201086820F001000860FEF781FE0590D8
:1053E000FFE741F29800C4F202000068800700283D
:1053F0000CD5FFE7FEF774FE0599401A032804D385
:10540000FFE703208DF81F001FE1EAE7FFE7FFE752
:105410000698C069002800F01481FFE741F20800F7
:10542000C4F20200006800F00C000C2800F0B0800C
:10543000FFE70698C06902287CD1FFE741F200012E
:10544000C4F20201086820F080700860FEF748FE90
:105450000590FFE741F20000C4F2020000688001FD
:1054600000280CD5FFE7FEF73BFE0599401A0328FC
:1054700004D3FFE703208DF81F00E6E0EAE741F2DE
:105480000C01C4F20201086848F20C02C0F29F123B
:105490001040DDF818C0DCF82020DCF82450DCF8DF
:1054A00028E0DCF82C306FF00F0404EB05142243E5
:1054B00042EA0E22DCF8304040F2000ECFF6E07EE9
:1054C0000EEA045EAEF5001E42EA0E02DCF834E09D
:1054D0004FF07E4C0CEA0E6C0CF17E4C42EA0C0252
:1054E00042EAC3621043086041F20002C4F20202C1
:1054F000106840F080701060086840F080700860AC
:10550000FEF7EEFD0590FFE741F20000C4F2020055
:105510000068800100280CD4FFE7FEF7E1FD059943
:10552000401A032804D3FFE703208DF81F008CE006
:10553000EAE72CE041F20001C4F20201086820F021
:1055400080700860FEF7CCFD0590FFE741F2000097
:10555000C4F202000068800100280CD5FFE7FEF7C6
:10556000BFFD0599401A032804D3FFE703208DF8F7
:105570001F006AE0EAE741F20C01C4F20201086888
:105580004FF6FC72CFF6EE6210400860FFE757E07E
:105590000698C069012804D1FFE701208DF81F009B
:1055A00053E041F20C00C4F202000068039003983B
:1055B00000F003000699096A88423BD1FFE703988F
:1055C00000F0F00006994A6A6FF00F0101EB02113A
:1055D00088422FD1FFE7039800F4FE400699896ABC
:1055E000B0EB012F26D1FFE7039800F07840069931
:1055F000C96AB0EBC16F1DD1FFE7039800F4C0008A
:1056000006990A6B0021CFF6E07101EA0251A1F57B
:10561000001188420ED1FFE7039800F0C0600699A0
:105620004A6B4FF07E4101EA026101F17E418842FE
:1056300004D0FFE701208DF81F0006E0FFE7FFE739
:10564000FFE700208DF81F00FFE79DF81F0008B05E
:10565000B0BD000080B582B00190019801F09AFDC4
:1056600002B080BD81B0009001B0704781B0009061
:1056700001B0704781B0009001B0704781B00090D8
:1056800001B0704781B0009001B0704781B00090C8
:1056900001B0704785B003900291FFE7039890F83E
:1056A0003C00012804D1FFE702208DF81300A7E099
:1056B0000399012081F83C00FFE7FFE703990220EE
:1056C00081F83D00039800684068019003980068E5
:1056D000806800900398006842F60041C4F201011E
:1056E000884212D0FFE70398006843F20041C4F2F9
:1056F0000101884209D0FFE70398006845F20001E4
:10570000C4F2010188420AD1FFE7019820F4700039
:10571000019002984168019808430190FFE70198C1
:105720004FF68F71CFF6FF51084001900298016843
:10573000019808430190019803990968486003980B
:10574000006842F60041C4F2010188423CD0FFE704
:1057500003980068B0F1804F36D0FFE703980068E7
:1057600040F20041C4F2000188422DD0FFE70398C7
:10577000006840F60001C4F20001884224D0FFE72F
:105780000398006840F60041C4F2000188421BD033
:10579000FFE70398006843F20041C4F20101884228
:1057A00012D0FFE70398006844F20001C4F201013F
:1057B000884209D0FFE70398006845F20001C4F26F
:1057C000010188420ED1FFE7009820F08000009090
:1057D000029881680098084300900098039909682E
:1057E0008860FFE70399012081F83D00FFE70399F6
:1057F000002081F83C00FFE700208DF81300FFE750
:105800009DF8130005B0704781B0009001B070475B
:1058100080B582B00090009820B9FFE701208DF894
:10582000070045E0009890F83D0040B9FFE7009977
:10583000002081F83C00009800F03EF8FFE7009956
:10584000022081F83D00009951F8040B01F0E2FCC0
:105850000099012081F84800FFE70099012081F8B4
:105860003E00009981F83F00009981F840000099BE
:1058700081F84100009981F84200009981F84300C5
:10588000FFE7FFE70099012081F84400009981F8C3
:105890004500009981F84600009981F84700FFE72C
:1058A0000099012081F83D0000208DF80700FFE7F6
:1058B0009DF8070002B080BD80B584B003900398C6
:1058C000006845F20001C4F20101884219D1FFE7E6
:1058D000FFE741F26000C4F20200016841F4801168
:1058E0000160006800F4801002900298FFE74E20EB
:1058F000019000221146FEF7FBFC0198FEF7EEFC3A
:10590000FFE704B080BD000083B00190019890F8DB
:105910003D00012804D0FFE701208DF80B0072E064
:105920000199022081F83D0001980168C86840F0A3
:105930000100C8600198006842F60041C4F201010C
:1059400088423CD0FFE701980068B0F1804F36D024
:10595000FFE70198006840F20041C4F2000188426C
:105960002DD0FFE70198006840F60001C4F2000165
:10597000884224D0FFE70198006840F60041C4F255
:10598000000188421BD0FFE70198006843F2004104
:10599000C4F20101884212D0FFE70198006844F286
:1059A0000001C4F20101884209D0FFE701980068B4
:1059B00045F20001C4F20101884219D1FFE70198C4
:1059C000006880680721C0F201010840009000983B
:1059D00006280CD0FFE70098B0F5803F07D0FFE71E
:1059E00001980168086840F001000860FFE706E0E0
:1059F00001980168086840F001000860FFE7002096
:105A00008DF80B00FFE79DF80B0003B07047000016
:105A100080B586B00490039100208DF80B00FFE75D
:105A2000049890F83C00012804D1FFE702208DF88B
:105A30001700E7E00499012081F83C00FFE7FFE749
:105A40000499022081F83D00049800688068019064
:105A500001984FF68871CFF6CE71084001900198F9
:105A600020F47F40019001980499096888600398A8
:105A700000680090002800F0AB80FFE70098102835
:105A800000F0A680FFE70098202800F0A180FFE743
:105A90000098302800F09C80FFE70098402800F034
:105AA0008A80FFE7009850286BD0FFE700986028B5
:105AB00074D0FFE7009870283FD0FFE70098B0F55A
:105AC000805F39D0FFE70098B0F5005F4AD0FFE76C
:105AD0000098B0F5801F7BD0FFE70098B0F1101F51
:105AE00076D0FFE700982021C0F2100188426FD0E5
:105AF000FFE700983021C0F21001884268D0FFE72C
:105B000000984021C0F21001884261D0FFE7009860
:105B10005021C0F2100188425AD0FFE7009860215E
:105B2000C0F21001884253D0FFE700987021C0F204
:105B3000100188424CD052E055E004980068039B65
:105B40005A689968DB6801F059FC0498006880681D
:105B50000190019840F0770001900198049909683C
:105B6000886040E004980068039B5A689968DB6885
:105B700001F044FC04980168886840F48040886023
:105B800031E004980068039A5168D26801F068FC1B
:105B900004980068502101F04BFC24E00498006850
:105BA000039A5168D26801F083FC04980068602170
:105BB00001F03EFC17E004980068039A5168D2682F
:105BC00001F04EFC04980068402101F031FC0AE02D
:105BD000049800680399096801F02AFC03E0012099
:105BE0008DF80B00FFE70499012081F83D00FFE7E5
:105BF0000499002081F83C00FFE79DF80B008DF828
:105C00001700FFE79DF8170006B080BD81B0009037
:105C100001B0704780B584B0039003980068C068F5
:105C2000029003980068006901909DF804008007C5
:105C3000002824D5FFE79DF80800800700281DD51F
:105C4000FFE7039801686FF00200086103990120E3
:105C50000877039800688069800720B1FFE7039800
:105C6000FFF7D4FF06E0039800F054F9039800F022
:105C700055F9FFE7039900200877FFE7FFE79DF854
:105C800004004007002825D5FFE79DF808004007DD
:105C900000281ED5FFE7039801686FF00400086133
:105CA00003990220087703980068806910F4407F08
:105CB00004D0FFE70398FFF7A9FF06E0039800F080
:105CC00029F9039800F02AF9FFE7039900200877E3
:105CD000FFE7FFE79DF804000007002824D5FFE751
:105CE0009DF80800000700281DD5FFE7039801680C
:105CF0006FF0080008610399042008770398006892
:105D0000C069800720B1FFE70398FFF77FFF06E037
:105D1000039800F0FFF8039800F000F9FFE70399FB
:105D200000200877FFE7FFE79DF80400C006002881
:105D300025D5FFE79DF80800C00600281ED5FFE71F
:105D4000039801686FF01000086103990820087734
:105D500003980068C06910F4407F04D0FFE70398FF
:105D6000FFF754FF06E0039800F0D4F8039800F022
:105D7000D5F8FFE7039900200877FFE7FFE79DF8D4
:105D80000400C00778B1FFE79DF80800C00748B1DC
:105D9000FFE7039801686FF001000861039800F0C5
:105DA000C1F8FFE7FFE7019800F08000802806D0E7
:105DB000FFE79DF805008006002810D5FFE79DF855
:105DC00008000006002809D5FFE7039801686FF472
:105DD000025008610398FFF749FCFFE7FFE79DF8D1
:105DE0000500C00780B1FFE79DF808000006002805
:105DF00009D5FFE7039801686FF480700861039884
:105E0000FFF730FCFFE7FFE79DF80400400600289D
:105E100010D5FFE79DF808004006002809D5FFE7E8
:105E2000039801686FF040000861039800F08AF859
:105E3000FFE7FFE79DF804008006002810D5FFE784
:105E40009DF808008006002809D5FFE7039801683F
:105E50006FF0200008610398FFF70CFCFFE7FFE7F5
:105E60009DF80600C006002810D5FFE79DF80A003F
:105E7000C006002809D5FFE7039801686FF4801079
:105E800008610398FFF7FEFBFFE7FFE79DF80600B8
:105E90008006002810D5FFE79DF80A00800600283C
:105EA00009D5FFE7039801686FF4001008610398B3
:105EB000FFF7E4FBFFE7FFE79DF806004006002838
:105EC00010D5FFE79DF80A004006002809D5FFE736
:105ED000039801686FF4800008610398FFF7D6FB10
:105EE000FFE7FFE79DF806000006002810D5FFE752
:105EF0009DF80A000006002809D5FFE7039801680D
:105F00006FF4000008610398FFF77EFCFFE7FFE7EE
:105F100004B080BD81B0009001B0704781B00090A6
:105F200001B0704780B582B00190019842F67C11B3
:105F3000C2F20001884203D1FFE704F089FBFFE7CA
:105F400002B080BD81B0009001B0704783B0019075
:105F5000FFE7019890F88400012804D1FFE70220B0
:105F60008DF80B002CE00199012081F88400FFE7F7
:105F7000FFE701992420C1F88800019800680068B3
:105F8000009001980168086820F0010008600098FE
:105F900020F0005000900199002048660098019977
:105FA0000968086001992020C1F88800FFE701997D
:105FB000002081F88400FFE700208DF80B00FFE748
:105FC0009DF80B0003B0704780B586B00490039134
:105FD000ADF80A200498D0F88C00202844D1FFE7BF
:105FE000039820B1FFE7BDF80A0020B9FFE70120C0
:105FF0008DF817003CE004990120C8660499002040
:10600000086704980399BDF80A2002F081F88DF81A
:1060100009009DF8090010BBFFE70498C06E012835
:1060200018D1FFE70498016810200862FFE7FFE736
:106030000498006850E8000F40F010000190FFE75E
:1060400001990498026842E800100028F0D1FFE7A7
:10605000FFE703E001208DF80900FFE7FFE79DF867
:1060600009008DF8170003E002208DF81700FFE704
:106070009DF8170006B080BD80B584B00390ADF8E0
:106080000A10039842F65C21C2F20001884221D135
:10609000FFE7BDF80A2042F68431C2F20001009108
:1060A000084620F8022B019040F2FC10C2F20000DA
:1060B0000DF05AF800988221FAF746FB01980CF08F
:1060C0007DFA014642F65C20C2F200007F22FFF713
:1060D0007BFFFFE704B080BD81B0009001B0704746
:1060E00080B584B002900191FFE7029890F8840097
:1060F000012804D1FFE702208DF80F0032E0029959
:10610000012081F88400FFE7FFE702992420C1F80D
:10611000880002980068006800900298016808688A
:1061200020F00100086002980068806820F060603C
:1061300001990843029909688860029801F0E2F920
:10614000009802990968086002992020C1F8880027
:10615000FFE70299002081F88400FFE700208DF816
:106160000F00FFE79DF80F0004B080BD80B584B03C
:1061700002900191FFE7029890F88400012804D171
:10618000FFE702208DF80F0032E00299012081F82C
:106190008400FFE7FFE702992420C1F888000298F5
:1061A00000680068009002980168086820F001000B
:1061B000086002980068806820F0604001990843F8
:1061C000029909688860029801F09CF90098029988
:1061D0000968086002992020C1F88800FFE7029949
:1061E000002081F88400FFE700208DF80F00FFE712
:1061F0009DF80F0004B080BD81B0009001B07047E1
:1062000081B0009001B0704780B586B00490FFE780
:10621000FFE70498006850E8000F20F490700390A6
:10622000FFE703990498026842E800100028F0D1C3
:10623000FFE7FFE7FFE7FFE70498006850E8020F79
:106240004FF6FE71CEF6FF7108400290FFE702990B
:106250000498026842E802100028EDD1FFE7FFE74A
:106260000498C06E012814D1FFE7FFE7FFE7049808
:10627000006850E8000F20F010000190FFE701993E
:106280000498026842E800100028F0D1FFE7FFE719
:10629000FFE70498006880684006002837D5FFE7CC
:1062A000FFE7FFE70498006850E8020F20F0400085
:1062B0000090FFE700990498026842E80210002865
:1062C000F0D1FFE7FFE70498D0F88000F0B1FFE7D6
:1062D0000498D0F88010002088630498D0F88000DB
:1062E000FCF79EFD88B1FFE70498D0F88000FCF72A
:1062F000E1FE202808D1FFE704991020C1F89000A2
:1063000003208DF8170019E0FFE7FFE7FFE7049986
:106310000020A1F85E0004990A680F211162049917
:106320000A68916941F008019161049A2021C2F83C
:106330008C100499C8668DF81700FFE79DF81700C8
:1063400006B080BD80B584B00290029820B9FFE706
:1063500001208DF80F002FE002992420C1F8880059
:1063600002980168086820F001000860029801683E
:106370000020019008600299096848600299096844
:106380008860029800F060FB01980299C1F89000C3
:106390000299C1F888000299C1F88C000299C86678
:1063A00002990867FFE70299002081F88400FFE75F
:1063B00000208DF80F00FFE79DF80F0004B080BDAE
:1063C00080B582B00190019842F65C21C2F20001D2
:1063D000884215D1FFE742F68430C2F200000090F7
:1063E0008221FAF7B1F9009802300CF0E7F8014683
:1063F00042F65C20C2F200007F22FFF7E5FDFFE7D6
:1064000002B080BD80B590B00F900F980068C06951
:106410000E900F98006800680D900F9800688068D3
:106420000C900E9840F60F0108400B900B98E0B9C5
:10643000FFE79DF838008006002815D5FFE79DF896
:1064400034008006002806D4FFE79DF83300C0061C
:10645000002809D5FFE70F98406F20B1FFE70F989C
:10646000416F8847FFE796E2FFE70B98002800F0AE
:106470000C81FFE70C980121C1F20001084209D10B
:10648000FFE70D9840F22011C0F20041084200F0F1
:10649000FC80FFE79DF83800C00788B1FFE79DF852
:1064A0003500C00760B1FFE70F980168012008625E
:1064B0000F99D1F8900040F00100C1F89000FFE77B
:1064C0009DF838008007002811D5FFE79DF83000BF
:1064D000C00760B1FFE70F980168022008620F99BA
:1064E000D1F8900040F00400C1F89000FFE79DF85B
:1064F00038004007002811D5FFE79DF83000C0079D
:1065000060B1FFE70F980168042008620F99D1F885
:10651000900040F00200C1F89000FFE79DF83800BD
:106520000007002819D5FFE79DF8340080060028F1
:1065300007D4FFE70C980121C1F2000108420CD0FA
:10654000FFE70F980168082008620F99D1F89000C2
:1065500040F00800C1F89000FFE79DF839000007FF
:10656000002813D5FFE79DF83700400700280DD518
:10657000FFE70F9801684FF4006008620F99D1F8A7
:10658000900040F02000C1F89000FFE70F98D0F88D
:106590009000002878D0FFE79DF83800800600289A
:1065A00015D5FFE79DF834008006002806D4FFE7E4
:1065B0009DF83300C006002809D5FFE70F98406F0B
:1065C00020B1FFE70F98416F8847FFE7FFE70F987B
:1065D000D0F890000A900F980068806800F04000A2
:1065E000402806D0FFE79DF8280010F0280F42D081
:1065F000FFE70F9801F0FAF90F98006880684006ED
:10660000002833D5FFE7FFE7FFE70F98006850E861
:10661000020F20F040000990FFE709990F980268E7
:1066200042E802100028F0D1FFE7FFE70F98D0F80A
:106630008000B0B1FFE70F98D0F8801047F61D003A
:10664000C0F6000088630F98D0F88000FCF736FC95
:1066500030B1FFE70F98D0F88000816B8847FFE7E3
:1066600003E00F98FFF7ACFEFFE703E00F98FFF79A
:10667000A7FEFFE707E00F98FFF7A2FE0F990020A3
:10668000C1F89000FFE7FFE785E10F98C06E012891
:1066900040F02281FFE79DF83800C006002840F155
:1066A0001B81FFE79DF83400C006002840F11481EB
:1066B000FFE70F980168102008620F980068806853
:1066C0004006002840F1A680FFE70F98D0F8800030
:1066D00000684068ADF82200BDF8220000287CD098
:1066E000FFE7BDF822000F99B1F85C10884274DA18
:1066F000FFE7BDF822000F99A1F85E000F98D0F8CF
:106700008000006800688006002859D4FFE7FFE792
:10671000FFE70F98006850E8000F20F480700790A2
:10672000FFE707990F98026842E800100028F0D1AF
:10673000FFE7FFE7FFE7FFE70F98006850E8020F69
:1067400020F001000690FFE706990F98026842E8E2
:1067500002100028F0D1FFE7FFE7FFE7FFE70F98FF
:10676000006850E8020F20F040000590FFE705990F
:106770000F98026842E802100028F0D1FFE7FFE717
:106780000F992020C1F88C000F990020C866FFE700
:10679000FFE70F98006850E8000F20F01000049009
:1067A000FFE704990F98026842E800100028F0D132
:1067B000FFE7FFE70F98D0F88000FCF731FBFFE719
:1067C0000F99022008670F98B0F85C10B0F85E20AF
:1067D000891A89B2FFF750FC1BE0BDF822000F991F
:1067E000B1F85C10884213D1FFE70F98D0F8800011
:1067F000006800688006002809D5FFE70F9902208D
:1068000008670F98B0F85C10FFF736FCFFE7FFE76A
:10681000FFE7C0E00F99B1F85C00B1F85E10401AD4
:10682000ADF80E000F98B0F85E00002853D0FFE7D7
:10683000BDF80E0000284ED0FFE7FFE7FFE70F98F6
:10684000006850E8000F20F490700290FFE7029972
:106850000F98026842E800100028F0D1FFE7FFE738
:10686000FFE7FFE70F98006850E8020F4FF6FE7150
:10687000CEF6FF7108400190FFE701990F9802687A
:1068800042E802100028EDD1FFE7FFE70F99202032
:10689000C1F88C000F990020C8660F994867FFE780
:1068A000FFE70F98006850E8000F20F010000090FC
:1068B000FFE700990F98026842E800100028F0D125
:1068C000FFE7FFE70F99022008670F98BDF80E1049
:1068D000FFF7D2FBFFE75EE09DF83A00C006002814
:1068E0000FD5FFE79DF832004006002809D5FFE7E5
:1068F0000F9801684FF4801008620F98FFF780FC32
:1069000049E09DF838000006002815D5FFE79DF8FE
:1069100034000006002806D4FFE79DF83200000688
:10692000002809D5FFE70F98806F20B1FFE70F9887
:10693000816F8847FFE72EE09DF838004006002869
:106940000AD5FFE79DF834004006002804D5FFE78C
:106950000F9801F09BF81EE09DF83A000006002811
:106960000AD5FFE79DF837004006002804D5FFE769
:106970000F98FFF741FC0EE09DF83B00C00750B1B7
:10698000FFE79DF837000006002804D5FFE70F98C1
:10699000FFF7A2FBFFE710B080BD000080B582B01A
:1069A0000090009820B9FFE701208DF8070046E02D
:1069B0000098806908B1FFE700E0FFE70098D0F891
:1069C000880040B9FFE70099002081F88400009812
:1069D00000F09CF8FFE700992420C1F88800009897
:1069E0000168086820F0010008600098806A20B102
:1069F000FFE7009800F0CAFDFFE7009801F096F865
:106A0000012804D1FFE701208DF8070017E0009866
:106A10000168486820F490404860009801688868E0
:106A200020F02A00886000980168086840F00100A2
:106A30000860009800F04EFE8DF80700FFE79DF813
:106A4000070002B080BD000080B582B001900198BF
:106A5000006843F60001C4F20101884216D1FFE745
:106A600041F26001C4F20201086820F4804008602D
:106A700040F60000C4F600002021FDF767F84FF053
:106A800090404FF40071FDF761F83CE00198006818
:106A900044F20041C4F20001884218D1FFE741F2FC
:106AA0005801C4F20201086820F40030086040F286
:106AB0000040C4F600001821FDF748F80198D0F80E
:106AC0008000FCF75DFA2620FDF7FEFB1AE0019836
:106AD000006844F60001C4F20001884211D1FFE7CA
:106AE00041F25801C4F20201086820F480200860D5
:106AF00040F60040C4F600004FF44071FDF726F860
:106B0000FFE7FFE7FFE702B080BD000080B5AAB055
:106B100029900020289027902690259024900FA857
:106B20005421F9F733FE2998006843F60001C4F2B6
:106B3000010188425ED1FFE701200F9000201090F4
:106B40000FA8FDF7D9FC18B1FFE7FBF775FEFFE7CB
:106B5000FFE741F26000C4F20200016841F48041A5
:106B60000160006800F480400E900E98FFE7FFE798
:106B700041F24C00C4F20200016841F004010160DE
:106B8000006800F004000D900D98FFE7FFE741F268
:106B90004C00C4F20200016841F00101016000688C
:106BA00000F001000C900C98FFE7202024900220B8
:106BB00004902590002005902690279007200690AD
:106BC000289040F60000C4F6000024A90791FDF7C4
:106BD000A9F8049B059A069807994FF4007CCDF814
:106BE00090C025932692279228904FF09040FDF771
:106BF00099F8BAE02998006844F20041C4F2000113
:106C000088426BD1FFE702200F90002011900FA85F
:106C1000FDF772FC18B1FFE7FBF70EFEFFE7FFE799
:106C200041F25800C4F20200016841F400310160F1
:106C3000006800F400300B900B98FFE7FFE741F28B
:106C40004C00C4F20200016841F0020101600068DA
:106C500000F002000A900A98FFE718202490022012
:106C6000259000200290269027900720289040F23F
:106C70000040C4F6000024A9FDF754F8029942F63A
:106C80000C10C2F2000003900822C4F2020202605B
:106C90001A2242608160C16080220261416181618B
:106CA000C1610162FCF7B8FA18B1FFE7FBF7C4FD58
:106CB000FFE7FFE7299842F60C11C2F20001C0F885
:106CC000801029988862FFE7262001900022114653
:106CD000FDF70EFB0198FDF701FB45E029980068E0
:106CE00044F60001C4F2000188423CD1FFE70420D1
:106CF0000F90002012900FA8FDF7FEFB18B1FFE7E0
:106D0000FBF79AFDFFE7FFE741F25800C4F20200EB
:106D1000016841F480210160006800F4802009903E
:106D20000998FFE7FFE741F24C00C4F20200016856
:106D300041F008010160006800F008000890089820
:106D4000FFE74FF440702490022025900020269009
:106D500027900720289040F60040C4F6000024A9A0
:106D6000FCF7E0FFFFE7FFE7FFE72AB080BD000088
:106D700080B58AB008900791ADF81A20059308985D
:106D8000D0F88C00202840F0C680FFE7079820B19B
:106D9000FFE7BDF81A0020B9FFE701208DF82700B2
:106DA000BDE008990020C1F89000089A2221C2F89D
:106DB0008C100899C866FDF793F90190BDF81A0088
:106DC0000899A1F85C00BDF81A000899A1F85E00C6
:106DD000FFE708988068B0F5805F10D1FFE708985A
:106DE000006930B9FFE7089940F2FF10A1F8600090
:106DF00004E00899FF20A1F86000FFE72EE0089862
:106E0000806878B9FFE70898006928B9FFE7089912
:106E1000FF20A1F8600004E008997F20A1F860003D
:106E2000FFE71AE008988068B0F1805F0FD1FFE7B4
:106E30000898006928B9FFE708997F20A1F8600049
:106E400004E008993F20A1F86000FFE704E00899FA
:106E50000020A1F86000FFE7FFE7FFE7FFE70898E1
:106E6000B0F86000ADF80A0008988068B0F5805F5F
:106E700009D1FFE70898006928B9FFE700200490CE
:106E80000798039004E00798049000200390FFE720
:106E9000FFE70898B0F85E00A8B3FFE70898019BE9
:106EA00005996A4611602021002201F0C9F940B11C
:106EB000FFE708992020C1F88C0003208DF82700F7
:106EC0002DE0049860B9FFE708980068406ABDF8B3
:106ED0000A100840039908800398023003900BE0E1
:106EE00008980068406A9DF80A10084004990870E4
:106EF000049801300490FFE70899B1F85E0001386A
:106F0000A1F85E00C5E708992020C1F88C00002098
:106F10008DF8270003E002208DF82700FFE79DF899
:106F200027000AB080BD000081B0009001B070471A
:106F300081B0009001B0704780B58AB00890079189
:106F4000ADF81A2005930898D0F88800202840F062
:106F50008780FFE7079820B1FFE7BDF81A0020B946
:106F6000FFE701208DF827007EE008990020C1F896
:106F7000900008992120C1F88800FDF7B1F802902F
:106F8000BDF81A000899A1F85400BDF81A00089934
:106F9000A1F8560008988068B0F5805F09D1FFE736
:106FA0000898006928B9FFE700200490079803902B
:106FB00004E00798049000200390FFE7FFE708989B
:106FC000B0F8560088B3FFE70898029B05996A4617
:106FD00011608021002201F033F940B1FFE70899E8
:106FE0002020C1F8880003208DF827003CE0049899
:106FF00058B9FFE7039800886FF35F200899096884
:10700000886203980230039008E004980078089999
:1070100009688862049801300490FFE70899B1F884
:1070200056000138A1F85600C9E70898029B059957
:107030006A4611604021002201F002F940B1FFE7E9
:1070400008992020C1F8880003208DF827000BE064
:1070500008992020C1F8880000208DF8270003E05F
:1070600002208DF82700FFE79DF827000AB080BDB9
:1070700081B0009001B07047FFE7FEE7FFE7FEE751
:10708000FFE7FEE788B0079006910592079800F0A9
:10709000070004900498C0F10700052803D3FFE718
:1070A0000420019004E00498C0F107000190FFE77C
:1070B0000198039004980430062803D8FFE70020C5
:1070C000009003E0049803380090FFE700980290D6
:1070D00006980399012202FA01F101390840029B46
:1070E000984005999A40013A1140084308B070470A
:1070F0007047000086B041F20C00C4F20200016843
:1071000001F0030104910068C1B2012000EB1110ED
:10711000029004980090022815D0FFE700980328F9
:1071200012D1FFE7029941F20020C0F27A00B0FBD1
:10713000F1F041F20C01C4F202010968C1F3062129
:107140004843059011E0FFE7029942F20040C0F287
:10715000F400B0FBF1F041F20C01C4F20201096845
:10716000C1F3062148430590FFE741F20C00C4F249
:107170000200006800F0C061022000EB1160039083
:1071800005980399B0FBF1F00190019806B07047A3
:107190007047000080B582B0009000980138B0F1CF
:1071A000807F03D3FFE70120019019E000980138A8
:1071B0004EF21401CEF2000108604FF0FF300F21B3
:1071C0000DF032FD4EF21801CEF2000100200860F1
:1071D0004EF21002CEF20002072111600190FFE78B
:1071E000019802B080BD000080B5FCF7DDFF80BDD6
:1071F0004EF68851CEF20001086840F47000086035
:107200007047000080B542F67C10C2F20000FEF725
:1072100001FD80BD83B0029001910298006800904A
:10722000029842F60041C4F2010188422DD0FFE7E6
:107230000298B0F1804F28D0FFE7029840F2004159
:10724000C4F20001884220D0FFE7029840F6000116
:10725000C4F20001884218D0FFE7029840F60041CE
:10726000C4F20001884210D0FFE7029843F20041C7
:10727000C4F20101884208D0FFE7029845F20001FC
:10728000C4F2010188420AD1FFE7009820F07000A3
:10729000009001984168009808430090FFE7029829
:1072A00042F60041C4F20101884245D0FFE702984E
:1072B000B0F1804F40D0FFE7029840F20041C4F2A5
:1072C0000001884238D0FFE7029840F60001C4F27E
:1072D0000001884230D0FFE7029840F60041C4F236
:1072E0000001884228D0FFE7029843F20041C4F22F
:1072F0000101884220D0FFE7029844F20001C4F265
:107300000101884218D0FFE7029844F20041C4F21C
:107310000101884210D0FFE7029844F60001C4F250
:107320000101884208D0FFE7029845F20001C4F24B
:10733000010188420AD1FFE7009820F440700090D4
:107340000198C168009808430090FFE7009820F07A
:1073500080000199496908430090009802990860EB
:10736000019880680299C862019800680299886251
:10737000029842F60041C4F20101884228D0FFE79A
:10738000029843F20041C4F20101884220D0FFE795
:10739000029844F20001C4F20101884218D0FFE7CC
:1073A000029844F20041C4F20101884210D0FFE784
:1073B000029844F60001C4F20101884208D0FFE7B8
:1073C000029845F20001C4F20101884205D1FFE7AD
:1073D0000198006902990863FFE70299012048615A
:1073E00002980069C00730B1FFE70299086920F0F0
:1073F00001000861FFE703B07047000085B004900A
:10740000039102920193049880680090009820F400
:107410007F40009003980299019A41EA02210143BA
:1074200000980843009000980499886005B0704760
:1074300083B00290019102988068009000984FF606
:107440008F71CFF6CF7108400090019800990843E2
:1074500040F00700009000980299886003B07047E0
:1074600085B00490039102920498006A00900499F8
:10747000086A20F001000862049880690190019870
:1074800020F0F00001900299019840EA011001906B
:10749000009820F00A00009003990098084300909B
:1074A00001980499886100980499086205B07047B2
:1074B00085B00490039102920498006A00900499A8
:1074C000086A20F010000862049880690190019811
:1074D00020F4704001900299019840EA0130019037
:1074E000009820F0A00000900399009840EA011055
:1074F000009001980499886100980499086205B089
:107500007047000082B001900198406E40B9FFE7DB
:1075100001990120A1F86A000199A1F8680032E000
:1075200008208DF803008DF802000198006880683B
:10753000C0F342608DF80100019800688068400F38
:107540008DF800009DF802009DF8002045F680535C
:10755000C0F60103995C484345F67851C0F6010135
:107560008A5CB0FBF2F0019AA2F86A009DF8030071
:107570009DF801209B5C5843895CB0FBF1F00199B8
:10758000A1F86800FFE702B07047000081B00090EA
:10759000009890F82800000700280BD5FFE7009816
:1075A0000068406820F40040009A1168926B104314
:1075B0004860FFE7009890F82800C00758B1FFE73F
:1075C00000980068406820F40030009A1168D26A80
:1075D00010434860FFE7009890F8280080070028D3
:1075E0000BD5FFE700980068406820F48030009ACF
:1075F0001168126B10434860FFE7009890F828006C
:10760000400700280BD5FFE700980068406820F489
:107610008020009A1168526B10434860FFE7009881
:1076200090F82800C00600280BD5FFE700980068F6
:10763000806820F48050009A1168D26B10438860F3
:10764000FFE7009890F82800800600280BD5FFE798
:1076500000980068806820F40050009A1168126C4D
:1076600010438860FFE7009890F828004006002843
:107670001CD5FFE700980068406820F48010009A4D
:107680001168526C104348600098406CB0F5801F40
:107690000BD1FFE700980068406820F4C000009A12
:1076A0001168926C10434860FFE7FFE7009890F87C
:1076B0002800000600280BD5FFE700980068406806
:1076C00020F40020009A1168D26C10434860FFE754
:1076D00001B0704780B588B0069006990020C1F8C7
:1076E0009000FCF7FDFC0590069800680068000714
:1076F00000282FD5FFE70698059B6A466FF07E416C
:1077000011604FF40011002200F09AFD08B3FFE76A
:10771000FFE7FFE70698006850E8000F20F08000C0
:107720000490FFE704990698026842E800100028D8
:10773000F0D1FFE7FFE706992020C1F88800FFE7B6
:107740000699002081F88400FFE703208DF81F00D0
:107750005FE0FFE70698006800684007002842D510
:10776000FFE70698059B6A466FF07E4111604FF473
:107770008001002200F064FDA0B3FFE7FFE7FFE710
:107780000698006850E8000F20F490700390FFE71F
:1077900003990698026842E800100028F0D1FFE73C
:1077A000FFE7FFE7FFE70698006850E8020F20F0C8
:1077B00001000290FFE702990698026842E8021071
:1077C0000028F0D1FFE7FFE706992020C1F88C00E0
:1077D000FFE70699002081F88400FFE703208DF879
:1077E0001F0016E0FFE706992020C1F888000699DF
:1077F000C1F88C0006990020C86606990867FFE763
:107800000699002081F88400FFE700208DF81F0012
:10781000FFE79DF81F0008B080BD000080B582B072
:1078200001900198806A009000990020A1F85E0004
:107830000098FEF7C5FD02B080BD000080B584B0A1
:1078400003900398806A02900298D0F88800019013
:107850000298D0F88C0000900298006880680006BA
:1078600000280CD5FFE70198212808D1FFE70299ED
:107870000020A1F85600029800F02AF9FFE70298CC
:1078800000688068400600280CD5FFE70098222891
:1078900008D1FFE702990020A1F85E00029800F0ED
:1078A000A5F8FFE70299D1F8900040F01000C1F868
:1078B00090000298FEF784FD04B080BD80B586B0CC
:1078C00005900598806A0490059800680068800615
:1078D00000285BD4FFE704990020A1F85E00FFE7D1
:1078E000FFE70498006850E8000F20F480700390D0
:1078F000FFE703990498026842E800100028F0D1DD
:10790000FFE7FFE7FFE7FFE70498006850E8020F92
:1079100020F001000290FFE702990498026842E813
:1079200002100028F0D1FFE7FFE7FFE7FFE7049828
:10793000006850E8020F20F040000190FFE7019935
:107940000498026842E802100028F0D1FFE7FFE740
:1079500004992020C1F88C000498C06E012814D12D
:10796000FFE7FFE7FFE70498006850E8000F20F00A
:1079700010000090FFE700990498026842E80010A8
:107980000028F0D1FFE7FFE7FFE7FFE704990020B9
:1079900008670498C06E012806D1FFE70498B0F884
:1079A0005C10FEF769FB03E00498FFF7BDFAFFE700
:1079B00006B080BD80B582B001900198806A0090C9
:1079C0000099012008670098C06E012807D1FFE7E1
:1079D0000098B0F85C104908FEF74EFB03E00098F1
:1079E000FFF7A6FAFFE702B080BD000084B0039065
:1079F000FFE7FFE70398006850E8000F20F490705D
:107A00000290FFE702990398026842E800100028FC
:107A1000F0D1FFE7FFE7FFE7FFE70398006850E8D2
:107A2000020F4FF6FE71CEF6FF7108400190FFE79E
:107A300001990398026842E802100028EDD1FFE79F
:107A4000FFE70398C06E012814D1FFE7FFE7FFE7C7
:107A50000398006850E8000F20F010000090FFE746
:107A600000990398026842E800100028F0D1FFE76F
:107A7000FFE7FFE703992020C1F88C00039900205D
:107A8000C8660399486704B07047000080B582B0AB
:107A90000190FFE7FFE70198006850E8000F20F031
:107AA00040000090FFE700990198026842E800104A
:107AB0000028F0D1FFE7FFE701992020C1F88800F6
:107AC0000199002088670198FFF7D2FA02B080BDC3
:107AD00083B00290FFE7FFE70298006850E8000FCC
:107AE00020F0C0000190FFE701990298026842E887
:107AF00000100028F0D1FFE7FFE7FFE7FFE702985B
:107B0000006850E8020F20F400000090FFE70099A1
:107B10000298026842E802100028F0D1FFE7FFE770
:107B200002992020C1F8880003B0704780B592B058
:107B3000119000208DF837001198006848F200017C
:107B4000C4F20001884201D1FFE700E0FFE711998C
:107B500088680B694A69C969184310430843109043
:107B600011980068006846F6F311CCF6FF710840E2
:107B700010990843119909680860119800684068D5
:107B800020F44050119A1168D2681043486011984F
:107B9000806910901198006848F20001C4F2000159
:107BA000884206D0FFE71198016A109808431090A8
:107BB000FFE71198006880684FF2FF41C1F2FF11A2
:107BC0000840109908431199096888601198006865
:107BD000C06A20F00F00119A1168526A1043C862FF
:107BE000FFE71198006843F60001C4F201018842E2
:107BF00025D1FFE741F28800C4F20200006800F0DE
:107C0000030001460A91032814D80A99DFE801F01D
:107C1000020A060E01208DF83D000FE002208DF8CB
:107C20003D000BE004208DF83D0007E008208DF8B2
:107C30003D0003E010208DF83D00FFE715E11198AD
:107C4000006844F20041C4F2000188422AD1FFE7F3
:107C500041F28800C4F20200006800F00C00014606
:107C600009910C2819D80999DFE801F007171717AF
:107C70000F1717170B171717130000208DF83D006B
:107C80000FE002208DF83D000BE004208DF83D0050
:107C900007E008208DF83D0003E010208DF83D003E
:107CA000FFE7E1E01198006844F60001C4F200012A
:107CB00088422CD1FFE741F28800C4F2020000683C
:107CC00000F030000146089160B1FFE708981028E5
:107CD00010D0FFE70898202808D0FFE70898302840
:107CE0000CD00FE000208DF83D000FE002208DF851
:107CF0003D000BE004208DF83D0007E008208DF8E2
:107D00003D0003E010208DF83D00FFE7ABE0119847
:107D1000006844F60041C4F2000188422CD1FFE71C
:107D200041F28800C4F20200006800F0C000014681
:107D3000079160B1FFE70798402810D0FFE7079848
:107D4000802808D0FFE70798C0280CD00FE000205B
:107D50008DF83D000FE002208DF83D000BE004207F
:107D60008DF83D0007E008208DF83D0003E010206D
:107D70008DF83D00FFE775E01198006845F20001BD
:107D8000C4F2000188422FD1FFE741F28800C4F21B
:107D90000200006800F440700146069178B1FFE7E8
:107DA0000698B0F5807F12D0FFE70698B0F5007F07
:107DB00009D0FFE70698B0F5407F0CD00FE0002017
:107DC0008DF83D000FE002208DF83D000BE004200F
:107DD0008DF83D0007E008208DF83D0003E01020FD
:107DE0008DF83D00FFE73CE01198006848F2000183
:107DF000C4F2000188422FD1FFE741F28800C4F2AB
:107E00000200006800F440600146059178B1FFE788
:107E10000598B0F5806F12D0FFE70598B0F5006FB8
:107E200009D0FFE70598B0F5406F0CD00FE00020B7
:107E30008DF83D000FE002208DF83D000BE004209E
:107E40008DF83D0007E008208DF83D0003E010208C
:107E50008DF83D00FFE703E010208DF83D00FFE7BF
:107E6000FFE7FFE7FFE7FFE7FFE7FFE7119800689D
:107E700048F20001C4F20001884240F07E80FFE732
:107E80009DF83D0001460491082819D80499DFE8BF
:107E900001F0051709170F1717171300FCF758FF04
:107EA0000B9013E042F20040C0F2F4000B900DE0A2
:107EB000FCF776FF0B9009E04FF400400B9005E0D3
:107EC00000200B9001208DF83700FFE70B98002869
:107ED00052D0FFE70B9811994A6A45F68851C0F6CF
:107EE000010131F81210B0FBF1F00C900C981199CF
:107EF000496801EB4101884207D3FFE70C981199CB
:107F00004968B0EB013F04D9FFE701208DF8370045
:107F100031E00B9811994A6802924A6A45F68851F5
:107F2000C0F6010131F81220002303931946F8F737
:107F30003DFA029A039B090241EA1061000210EB2C
:107F4000520041F10001F8F731FA0E900E98B0F5A9
:107F5000407F0BD3FFE70E990020B0EB115F05D1F6
:107F6000FFE70E9811990968C86003E001208DF8B9
:107F70003700FFE7FFE7FFE7B9E01198C069B0F508
:107F8000004F61D1FFE79DF83D00014601910828AF
:107F90001DD80199DFE801F005090D1B131B1B1B00
:107FA0001700FCF7D5FE0B9017E0FCF7E5FE0B90F1
:107FB00013E042F20040C0F2F4000B900DE0FCF739
:107FC000EFFE0B9009E04FF400400B9005E000201D
:107FD0000B9001208DF83700FFE70B9898B3FFE76F
:107FE0000B98119A5168536A45F68852C0F60102FF
:107FF00032F81320B0FBF2F0400000EB5100B0FB70
:10800000F1F00E900E98102818D3FFE7BDF83A0053
:10801000A0B9FFE70E9820F00F00ADF83E000E98D3
:1080200000F00E01BDF83E0040EA5100ADF83E0000
:10803000BDF83E0011990968C86003E001208DF881
:108040003700FFE7FFE751E09DF83D000146009152
:1080500008281DD80099DFE801F005090D1B131B46
:108060001B1B1700FCF774FE0B9017E0FCF784FE57
:108070000B9013E042F20040C0F2F4000B900DE0D0
:10808000FCF78EFE0B9009E04FF400400B9005E0EA
:1080900000200B9001208DF83700FFE70B9820B3EC
:1080A000FFE70B98119A5168536A45F68852C0F65B
:1080B000010232F81320B0FBF2F000EB5100B0FBEC
:1080C000F1F00E900E9810280AD3FFE7BDF83A00A1
:1080D00030B9FFE7BDF8380011990968C86003E0BE
:1080E00001208DF83700FFE7FFE7FFE7FFE7119971
:1080F0000120A1F86A001199A1F8680011990020E7
:108100004867119988679DF8370012B080BD00005C
:1081100080B588B006900591ADF8122005980699B3
:108120008865BDF812000699A1F85C000699002048
:10813000C1F8900006992220C1F88C000698D0F86A
:108140008000B0B3FFE70698D0F8801047F6BD0076
:10815000C0F60000C8620698D0F8801047F6B51047
:10816000C0F6000008630698D0F8801047F63D007E
:10817000C0F6000048630698D0F88010002088639D
:1081800006980168826DD0F880002431BDF8123065
:10819000FBF7EEF860B1FFE706991020C1F89000F8
:1081A00006992020C1F88C0001208DF81F0042E0C4
:1081B000FFE706980069A0B1FFE7FFE7FFE7069831
:1081C000006850E8000F40F480700390FFE70399C7
:1081D0000698026842E800100028F0D1FFE7FFE7A8
:1081E000FFE7FFE7FFE70698006850E8020F40F05E
:1081F00001000290FFE702990698026842E8021027
:108200000028F0D1FFE7FFE7FFE7FFE706980068E7
:1082100050E8020F40F040000190FFE701990698F6
:10822000026842E802100028F0D1FFE7FFE70020D3
:108230008DF81F00FFE79DF81F0008B080BD00000B
:1082400080B586B0DDF820C0049003918DF80B2036
:108250000193FFE704980068C06903990840401A39
:10826000B0FA80F040099DF80B10884266D1FFE714
:1082700008980130002860D0FFE7FBF731FF019933
:10828000401A0899884203D8FFE7089820B9FFE709
:1082900003208DF8170055E0049800680068400737
:1082A000002849D5FFE70398802845D0FFE70398C9
:1082B000402841D0FFE704980068C06900F0080139
:1082C0000120B0EBD10F16D1FFE704980168082018
:1082D000009008620498FFF789FB00980499C1F8A0
:1082E0009000FFE70499002081F88400FFE7012057
:1082F0008DF8170026E004980068C06900F400615A
:108300000120B0EBD12F16D1FFE7049801684FF49C
:10831000006008620498FFF769FB04992020C1F807
:108320009000FFE70499002081F88400FFE7032014
:108330008DF8170006E0FFE7FFE78BE700208DF8D8
:108340001700FFE79DF8170006B080BD80B542F624
:108350005C20C2F20000FEF755F880BDFFE7FEE7A3
:1083600080B50CF037FE0CF045FD0CF08FFD80BDA4
:1083700080B50CF0EFFC80BD80B5A4B040F2FC10DD
:10838000C2F2000005F038F9E8B9FFE740F2FC104E
:10839000C2F2000002900AF0F1FE01460DF10E005B
:1083A00001908222F8F70CF9019802300AF006F9E0
:1083B000BDF80E1000F0AAFB019800F0CBFB02986C
:1083C0000AF0CAFEFFE724B080BD000080B584B08B
:1083D000039002910192FBF783FE03990968401A0A
:1083E0000299884208D9FFE7FBF77AFE03990860F3
:1083F000019805F001FAFFE704B080BD80B594B0A4
:1084000006A800903821F8F7C1F9002005900490E3
:10841000039002900190FBF78BFF00980A210691D0
:108420004FF48071099140210A9101210B910221A1
:108430000D910E9104220F925522109211911291DA
:108440001391FCF72BFD18B1FFE7FAF7F5F9FFE7F9
:108450000F200190032002900020039004900590CB
:1084600001A80421FCF7DAFA18B1FFE7FAF7E4F9FA
:10847000FFE714B080BD000080B540F22C00C2F2CE
:10848000000000F0FFFB38B1FFE740F22C00C2F221
:10849000000000F02DFDFFE702F0E2F846F628703C
:1084A000C0F60100F8F726F8FFE702F0F3F802F053
:1084B000EFF803F021FDFFF75FFFF6E780B588B026
:1084C0000020039001210491202105914021069173
:1084D000029003A802A9FBF715F88DF807009DF894
:1084E000070020B9FFE70298013020B1FFE7002024
:1084F0008DF81F0003E001208DF81F00FFE79DF8B5
:108500001F0008B080BD000080B582B042F6E800D0
:10851000C2F20000019043F20001C4F202010160C6
:1085200001210171417141F2210282600822C26081
:1085300000220261426182610162FAF7EDFB18B12B
:10854000FFE7FAF779F9FFE702B080BD80B584B0A4
:10855000FFE741F24800C4F20200016841F0040163
:108560000160006800F0040003900398FFE7FFE754
:1085700041F24800C4F20200016841F001010160CB
:10858000006800F0010002900298FFE70B200190C4
:1085900000221146FBF7ACFE0198FBF79FFE04B0EA
:1085A00080BD000080B58CB000200B900A9009902F
:1085B00008900790FFE741F24C00C4F20200016806
:1085C00041F004010160006800F004000690069884
:1085D000FFE7FFE741F24C00C4F20200016841F0FE
:1085E00008010160006800F0080005900598FFE7A9
:1085F000FFE741F24C00C4F20200016841F00101C2
:108600000160006800F0010004900498FFE7FFE7B4
:1086100041F24C00C4F20200016841F00201016025
:10862000006800F0020003900398FFE740F60000A6
:10863000C4F6000002904FF40071009101220192F3
:10864000FBF738FD009A01990298079208910021E2
:1086500009910A9107A9FBF765FB0CB080BD0000EA
:1086600080B542F66C10C2F2000043F20001C4F281
:10867000000101600321416040F6FF71C16081602B
:10868000FBF734FD18B1FFE7FAF7D6F8FFE780BD36
:1086900080B58AB000210191099108910791069156
:1086A00005910491039142F67C10C2F20000029001
:1086B00045F20002C4F20102026040F2A36242608D
:1086C000816042F20F72C260016141618161FDF718
:1086D0009FF818B1FFE7FAF7AFF8FFE74FF48050C3
:1086E000069042F67C10C2F2000006A9FDF790F950
:1086F00018B1FFE7FAF7A0F8FFE700200390049015
:10870000059042F67C10C2F2000003A9FCF7C2FFFC
:1087100018B1FFE7FAF790F8FFE70AB080BD000054
:1087200010B50446012898BF012400BF2046F8F781
:10873000B3F8002818BF10BD0CF049F808B1804705
:10874000F4E7002010BD000080B582B042F6C810EA
:10875000C2F20000009043F60001C4F20101016082
:108760004FF461214160002101918160C16001618C
:10877000082242618161C161016241628162FEF74A
:108780000DF918B1FFE7FAF757F8FFE742F6C810FE
:10879000C2F200000021FDF7E9FC18B1FFE7FAF78B
:1087A0004BF8FFE742F6C810C2F200000021FDF7C7
:1087B00097FC18B1FFE7FAF73FF8FFE742F6C81059
:1087C000C2F20000FDF7C2FB18B1FFE7FAF734F878
:1087D000FFE702B080BD000080B582B042F65C20A9
:1087E000C2F20000009044F20041C4F200010160B6
:1087F0004FF461214160002101918160C1600161FC
:108800000C2242618161C161016241628162FEF7B5
:10881000C5F818B1FFE7FAF70FF8FFE742F65C205A
:10882000C2F200000021FDF7A1FC18B1FFE7FAF742
:1088300003F8FFE742F65C20C2F200000021FDF7DA
:108840004FFC18B1FFE7F9F7F7FFFFE742F65C20AE
:10885000C2F20000FDF77AFB18B1FFE7F9F7ECFF71
:10886000FFE702B080BD000080B582B042F6F02084
:10887000C2F20000009044F60001C4F20001016061
:108880004FF461214160002101918160C16001616B
:108890000C2242618161C161016241628162FEF725
:1088A0007DF818B1FFE7F9F7C7FFFFE742F6F020C0
:1088B000C2F200000021FDF759FC18B1FFE7F9F7FB
:1088C000BBFFFFE742F6F020C2F200000021FDF7F7
:1088D00007FC18B1FFE7F9F7AFFFFFE742F6F0201A
:1088E000C2F20000FDF732FB18B1FFE7F9F7A4FF71
:1088F000FFE702B080BD0000F0B581B00C46054630
:10890000012898BF0125042998BF04240027684640
:1089100021462A460097F8F715F8009878B96E4670
:108920000BF055FF50B18047304621462A4600974C
:10893000F8F708F800980028F2D000E0002001B015
:10894000F0BD000080B586B0039005920491FFE76A
:1089500004A804F0AFFB014600200290F9B9FFE73C
:1089600004A804F081FB017801200D29019013D0A7
:10897000FFE704A804F078FB017801200A290190A0
:108980000AD0FFE704A804F06FFB00782038B0FAA3
:1089900080F040090190FFE701980290FFE70298FC
:1089A000C00728B1FFE704A8012108F007FACFE7C4
:1089B000FFE704A804F07EFB01460020009051B9B7
:1089C000FFE704A804F080FB00782038B0FA80F0BC
:1089D00040090090FFE70098C00728B1FFE704A80E
:1089E000012108F0DDF9E4E703990498059A4A604B
:1089F000086006B080BD000080B590B00F910E9069
:108A00000D920C9300200B900A90FFE70B980590B5
:108A10000EA804F041FB0599024600209142069001
:108A200008D2FFE70A990C9A00209142B8BF0120B2
:108A30000690FFE70698C007002863D0FFE7FFE72E
:108A40000B9803900EA804F027FB03990246002020
:108A5000914204900BD2FFE70B990EA804F0BEFBE5
:108A600000782038B0FA80F040090490FFE70498BD
:108A7000C00720B1FFE70B9801300B90E0E70B989F
:108A800002900EA804F008FB01460298884201D328
:108A9000FFE737E00B980990FFE7099800900EA8D0
:108AA00004F0FAFA009902460020914201900AD29D
:108AB000FFE709990EA804F091FB0078203818BF51
:108AC00001200190FFE70198C00720B1FFE7099856
:108AD00001300990E1E70B9A0998831A07A80EA9BB
:108AE00004F0FEFA0D9BDDF828C00CF101000A909D
:108AF00003EBCC01079A089843F83C20486009989A
:108B00000B9083E70A9810B080BD000083B00290FC
:108B1000019100200090FFE700980199884217D248
:108B2000FFE702980099405C61280CDBFFE70298A0
:108B30000099405C7A2806DCFFE70299009A885C7D
:108B400020388854FFE7FFE7009801300090E3E702
:108B500003B0704780B58EB00D900D98023009F0CB
:108B60002DFD01460D98028809A808F04DF90999D4
:108B70000A9A0BA8FFF7E6FE0B980C99079106904E
:108B800042F60840C2F20000019009F0D3FC014611
:108B90000198029104F028FC029A0346069807996E
:108BA000FFF72AFF089000200590FFE70598089935
:108BB00088422CDAFFE7059942F60840C2F200002D
:108BC00009F0BEFC014640F2E010C2F20000009045
:108BD00009F09AF801460098049109F087F803908B
:108BE00004A803A90BF076FD60B1FFE704A804F028
:108BF000AFF80830059904F0F5FD014605980844E2
:108C0000059003E0059801300590FFE7CEE70EB030
:108C100080BD62B1884204BF0120704780B54068C2
:108C20004968F7F7DDFDB0FA80F0400980BD406883
:108C30004968401AB0FA80F04009704780B586B0A4
:108C400003904FF4FA70FAF73BFCEFF310800490B6
:108C500004980290EFF3108072B60590FAF74AFF7D
:108C6000FFF72CFC8DF80700FAF75AFE029810B9AE
:108C7000FFE762B6FFE79DF8070000F0010006B0CD
:108C800080BD000080B582B0009042F22000C4F2A6
:108C9000020000684002002814D5FFE746F69E70E7
:108CA000C0F60100F7F726FCFAF724FFFAF75EFE9C
:108CB0000020FAF7FBFC6420FAF702FCFAF748FE02
:108CC000FFE7FEE741F29400C4F20200006800F002
:108CD00000510020B0EB517F12D0FFE741F2940128
:108CE000C4F20201086840F40000086047F25F0027
:108CF000C0F60100F7F7FEFB00208DF8070021E029
:108D000041F29400C4F20200006800F080410020AB
:108D1000B0EB917F12D0FFE741F29401C4F202015F
:108D2000086840F40000086047F23C00C0F601000B
:108D3000F7F7E0FB00208DF8070003E001208DF835
:108D40000700FFE79DF8070002B080BD10B590B0A6
:108D50000E900D910C920B930B9820B9FFE7012018
:108D60008DF83F00C0E0FAF7C5FE0B9820F0070031
:108D70000A900B9800F00700099000200890FFE788
:108D800008980A99884244DAFFE700200790069085
:108D90000590FFE70598072826DCFFE70C9808995F
:108DA000DDF814E07144415C4FEACE026FF01F0021
:108DB00000EBCE0001FA00FC2023A3EBCE0321FA46
:108DC00003F3002858BF634601FA02F2002858BF97
:108DD0000022069807991943104307910690FFE770
:108DE000059801300590D5E70D9808990144069A39
:108DF000079B0020FAF7E8FD30B1FFE7FAF790FD96
:108E000000208DF83F006FE0FFE7089808300890D9
:108E1000B6E70998012861DBFFE74FF0FF300390C8
:108E2000029000200190FFE701980999884244DAF6
:108E3000FFE7DDF804E04FEACE0C6FF01F0000EB17
:108E4000CE01FF2202FA01F42023A3EBCE0E22FA78
:108E50000EFE002958BFA64602FA0CFC002958BF96
:108E60004FF0000C0299039A22EA0E0221EA0C014B
:108E7000039202910C990A9ADDF804E07244895C2D
:108E80004FEACE0200EBCE0001FA00FCA3EBCE03CA
:108E900021FA03F3002858BF634601FA02F20028C2
:108EA00058BF00220298039919431043039102907E
:108EB000FFE7019801300190B6E70D980A99014447
:108EC000029A039B0020FAF77FFD30B1FFE7FAF723
:108ED00027FD00208DF83F0006E0FFE7FAF720FDB0
:108EE00001208DF83F00FFE79DF83F0010B010BD56
:108EF00080B588B00690069801908069006805905A
:108F00000598013038B9FFE747F22500C0F60100A7
:108F1000F7F7F0FA5EE001990598C968884206D330
:108F2000FFE7019905984969884208D9FFE7059943
:108F300046F64670C0F60100F7F7B0FA4AE0FFE7E0
:108F400046F67B70C0F60100F7F7D4FA01F080FB1B
:108F500000200490FFE70498072815DCFFE7049A37
:108F60004EF28011CEF200014FF0FF3041F82200A6
:108F7000049A4EF28021CEF2000141F82200FFE770
:108F8000049801300490E6E7FAF770FA01984EF27F
:108F90001002CEF20002002111604EF21402CEF255
:108FA000000211604EF21802CEF2000211608169D7
:108FB0004EF60852CEF200021160806940680390BC
:108FC0000398029005980790079880F30888029804
:108FD0008047FFE708B080BD2DE9F04190B00D4615
:108FE000DDE9168101AFCDE90130CDE9032107F1BB
:108FF00010002721F7F7CAFB01208DF83B00002461
:10900000D8F800000F948669404639462A46012365
:109010000094B0470A98012811D0F8B90B99DDE9FE
:109020000802069C81F0010180F001000843002144
:10903000012A18BF0C46002818BF0C460EE00798FE
:10904000012801D1059C09E00B98002430B908984B
:10905000012803D10998012808BF059C204610B0BB
:10906000BDE8F0812DE9F04192B01E46199B0C46F7
:10907000002B05D41898D84218BF0024254623E0B9
:10908000991C4FF000051FD00DF10C08CDE90360CD
:1090900008F110002021CDE90523F7F777FB4FF009
:1090A00080704FF0010C10903068CDF83CC01195E5
:1090B00047693046414622462346CDE900C5B847B8
:1090C0000998012808BF2546284612B0BDE8F0815E
:1090D0002DE9F04192B01D46189B002B27D4C71AEA
:1090E0000E468F424FF0000422DB0DF10C0808F110
:1090F00010002021CDE90357CDE90523F7F746FB02
:109100004FF080704FF0010C10902868CDF83CC0F3
:109110001194D0F814E02846414632463346CDE952
:1091200000C4F047099C002C18BF3C4600E0002416
:10913000204612B0BDE8F0810A6852F8083C194494
:10914000016052F8041CC0E9011370470BF03EBBEC
:1091500080B5AFF300800821BDE880400BF022BD50
:1091600080B5AFF300800C21BDE880400BF01ABD44
:1091700080B586B0059040F2D410C2F20000009095
:10918000049008F0D1FD01460098039108F0AEFD6F
:109190000290FFE703A802A90BF09CFA98B1FFE741
:1091A00003A803F0CBFD0190019803F06FFF014687
:1091B00046F2B900C0F60100F7F770F9FFE703A81F
:1091C00005F06AFEE6E7012006B080BD80B582B0FA
:1091D000019046F2D710C0F60100F7F78BF9012095
:1091E00002B080BD80B586B0049004980130019033
:1091F00042F60840C2F2000004F0F6F80146019879
:10920000884228D2FFE70498411C42F60840C2F287
:10921000000009F095F9014640F2D410C2F20000B6
:10922000009008F071FD01460098039108F05EFD82
:10923000029003A802A90BF04DFA58B1FFE703A86A
:1092400003F086FD08300499013104F0CBFA0220C6
:1092500005900DE0FFE746F28D00C0F6010046F2F2
:109260003E21C0F60101F7F719F901200590FFE74B
:10927000059806B080BD000080B586B0059046F226
:10928000F510C0F60100F7F735F940F2E010C2F230
:1092900000000090049008F047FD014600980391FB
:1092A00008F024FD0290FFE703A802A90BF012FAD0
:1092B00098B1FFE703A803F041FD0190019803F086
:1092C000E5FE014646F2B900C0F60100F7F7E6F800
:1092D000FFE703A805F0E0FDE6E7012006B080BD4A
:1092E00080B582B0019040F22C00C2F20000FFF77E
:1092F000FFFD012002B080BD80B586B004900498C7
:109300000130019042F60840C2F2000004F06CF80F
:1093100001460198884228D2FFE70498411C42F692
:109320000840C2F2000009F00BF9014640F2EC10CF
:10933000C2F20000009008F0E7FC0146009803919B
:1093400008F0D4FC029003A802A90BF0C3F958B1AD
:10935000FFE703A803F0FCFC08300499013104F096
:1093600041FA022005900DE0FFE746F28D00C0F6BD
:10937000010046F22521C0F60101F7F78FF8012020
:109380000590FFE7059806B080BD000080B582B06B
:10939000019046F23510C0F60100F7F7ABF802F085
:1093A0002BFA012002B080BD80B582B0019040F25E
:1093B000F811C2F2000101200090086046F282100C
:1093C000C0F60100F7F796F802F04CFE009802B0E4
:1093D00080BD000080B586B0059040F2EC10C2F26E
:1093E00000000090049008F09FFC01460098039153
:1093F00008F07CFC0290FFE703A802A90BF06AF9D1
:1094000098B1FFE703A803F099FC0190019803F0DD
:109410003DFE014646F2B900C0F60100F7F73EF8FE
:10942000FFE703A805F038FDE6E7012006B080BDA0
:1094300080B582B0019040F2F811C2F20001002024
:10944000086046F2AD10C0F60100F7F753F802F0DD
:1094500009FE012002B080BD80B586B00590049160
:1094600003920598019040680499039A08F020FD42
:1094700001990290049A886810448860C868013095
:10948000C86004980969884203D9FFE704980090EE
:1094900003E0019800690090FFE7019900980861D6
:1094A000029806B080BD000080B584B003900291A0
:1094B00001920093039840680299019A009B08F07A
:1094C000E5FC04B080BD000080B582B00190019839
:1094D0000090406808F062FE009900208860C86033
:1094E000086102B080BD000080B584B00390029195
:1094F00001920398009008F0E9FC009845F6147179
:10950000C0F60101083101600299416000218160CB
:10951000C16001610199416104B080BD80B582B034
:1095200001900198009000F007F8009818210BF0C6
:1095300039FB02B080BD000080B582B00190019877
:109540000090AFF30080009802B080BD80B5B6B047
:1095500034908DF8CF10EE2008908DF8AF00A62043
:1095600004908DF8B000222005908DF8B100802085
:109570008DF8B2009DF8CF008DF8B300FF20079062
:109580008DF8B400FC2106918DF8B5108DF8B60069
:109590008DF8B7000DF1AF002E90092003902F90A9
:1095A0002E992F9A30A80AF0D9FC0398DDF810C044
:1095B000059B069A0799DDF820E08DF88FE08DF87D
:1095C00090C08DF8913082238DF892309DF8CF3085
:1095D0008DF893308DF894108DF895208DF89610B5
:1095E0008DF897100DF18F01269127902699279AD3
:1095F00028A80AF0B3FC0398DDF810C0059B069A72
:109600000799DDF820E08DF86FE08DF870C08DF8D7
:10961000713083238DF872309DF8CF308DF8733020
:109620008DF874108DF875208DF876108DF8771000
:109630000DF16F011E911F901E991F9A20A80AF02C
:109640008DFC349804F078F801460020092909902F
:1096500018D1FFE7349804F077F81A90349804F0A2
:1096600073F8189018A8042103F094F9199030A801
:109670000AF0C8FB17901A981999179A09F03AFD41
:109680000990FFE70998C00728B1FFE701208DF88E
:10969000D70016909DE0349804F04EF80146002063
:1096A0000929029018D1FFE7349804F04DF815907D
:1096B000349804F049F8139013A8042103F06AF9D0
:1096C000149028A80AF09EFB129015981499129AEB
:1096D00009F010FD0290FFE70298C00770B1FFE7A4
:1096E0009DF8CF1046F2A030C0F6010000F0FEFD5C
:1096F00000208DF8D700012016906AE0349804F01D
:109700001BF8014600200929019018D1FFE7349881
:1097100004F01AF81190349804F016F80F900FA87E
:10972000042103F037F9109020A80AF06BFB0E908B
:10973000119810990E9A09F0DDFC0190FFE701984D
:10974000C00770B1FFE79DF8CF1046F26E30C0F64B
:10975000010000F0CBFD00208DF8D700012016900D
:1097600037E046F20130C0F6010046F2E041C0F6B3
:10977000010100F0AFFD34980D900D9803F0E4FF67
:109780000C900D9803F0CCFF0B90FFE70CA80BA9F1
:109790000AF0CEFF88B1FFE70CA803F0F5F80A90B5
:1097A0000A98017846F2CC30C0F6010000F09EFD28
:1097B000FFE70CA804F0EAFAE8E746F2D770C0F633
:1097C000010000F07DFD00208DF8D70001201690EB
:1097D000FFE720A80AF06EFC28A80AF06BFC30A86E
:1097E0000AF068FC9DF8D70036B080BD80B59AB00D
:1097F0000490199018918DF85F2014A805900AF034
:1098000027FC0598EE218DF84F100DF14F010AF05D
:1098100023FB0598B6218DF84E100DF14E010AF08C
:109820001BFB189803F088FF01460598053112913B
:109830001299090A8DF847100DF147010AF00CFB47
:10984000059812998DF846100DF146010AF004FBB7
:10985000059888218DF845100DF145010AF0FCFAB4
:10986000059822218DF8441011A90AF0F5FA0598FF
:109870000DF15F010AF016FB18981090109803F094
:1098800063FF0F90109803F04BFF0E90FFE70FA8B7
:109890000EA90AF04DFF68B1FFE70FA803F074F8B6
:1098A0000D900D9914A80AF0FDFAFFE70FA804F037
:1098B0006DFAECE714A803F03FFF30B9FFE7049816
:1098C0000AF0C6FB01200C9052E014A802900AF0A6
:1098D00099FA099009A80121039103F075F801464E
:1098E00002980A910AF078FA08900A9808990022DA
:1098F00004F02AF9014602980B910B99C943ADF87F
:109900001E109DF81F108DF81D100DF11D010AF09D
:10991000A3FA0298BDF81E108DF81C1007A90AF0D2
:109920009BFA0298FF2101918DF81B100DF11B018C
:109930000AF092FA0298FC218DF81A100DF11A0122
:109940000AF08AFA019902988DF819100DF119019F
:109950000AF082FA019902988DF8181006A90AF007
:109960007BFA049802990AF0C3FA03980C90FFE777
:1099700014A80AF09FFB1AB080BD000080B5A2B009
:109980002090EE2006908DF86400A62002908DF8BD
:109990006500662003908DF8660001208DF8670051
:1099A000FF2005908DF86800FC2104918DF8691066
:1099B0008DF86A008DF86B0019A81B9008200190A3
:1099C0001C901B991C9A1DA80AF0C8FA0198DDF892
:1099D00008C0039B049A0599DDF818E08DF848E06B
:1099E0008DF849C08DF84A3000238DF84B308DF842
:1099F0004C108DF84D208DF84E108DF84F1012A997
:109A0000149115901499159A16A80AF0A7FA20989F
:109A100003F092FE08281ED1FFE7209803F094FE81
:109A20001190209803F07CFE10901DA80AF0EAF92E
:109A30000F90119810990F9A09F05CFB58B1FFE74D
:109A400046F23E50C0F6010000F03AFC01208DF8CD
:109A500087000E905CE0209803F06EFE08281FD16E
:109A6000FFE7209803F070FE0D90209803F058FE59
:109A70000C9016A80AF0C6F90B900D980C990B9A49
:109A800009F038FB60B1FFE746F25B50C0F6010019
:109A900000F016FC00208DF8870001200E9037E0C2
:109AA00046F20130C0F6010046F2CE41C0F6010197
:109AB00000F010FC20980A900A9803F045FE0990E7
:109AC0000A9803F02DFE0890FFE709A808A90AF0FC
:109AD0002FFE88B1FFE709A802F056FF079007980C
:109AE000017846F2CC30C0F6010000F0FFFBFFE742
:109AF00009A804F04BF9E8E746F2D770C0F6010078
:109B000000F0DEFB00208DF8870001200E90FFE7BB
:109B100016A80AF0CFFA1DA80AF0CCFA9DF8870023
:109B200022B080BD80B5A2B02090EE2006908DF8C6
:109B30006400A62002908DF86500552003908DF8F2
:109B4000660001208DF86700FF2005908DF8680001
:109B5000FC2104918DF869108DF86A008DF86B0076
:109B600019A81B90082001901C901B991C9A1DA8F5
:109B70000AF0F4F90198DDF808C0039B049A0599EE
:109B8000DDF818E08DF848E08DF849C08DF84A30CE
:109B900000238DF84B308DF84C108DF84D208DF84A
:109BA0004E108DF84F1012A9149115901499159A12
:109BB00016A80AF0D3F9209803F0BEFD08281ED19C
:109BC000FFE7209803F0C0FD1190209803F0A8FD56
:109BD00010901DA80AF016F90F90119810990F9A7D
:109BE00009F088FA58B1FFE746F27A50C0F6010052
:109BF00000F066FB01208DF887000E905CE0209855
:109C000003F09AFD08281FD1FFE7209803F09CFD80
:109C10000D90209803F084FD0C9016A80AF0F2F83D
:109C20000B900D980C990B9A09F064FA60B1FFE75C
:109C300046F29750C0F6010000F042FB00208DF87C
:109C4000870001200E9037E046F20130C0F6010097
:109C500046F22351C0F6010100F03CFB20980A9027
:109C60000A9803F071FD09900A9803F059FD0890D5
:109C7000FFE709A808A90AF05BFD88B1FFE709A87A
:109C800002F082FE07900798017846F2CC30C0F6C9
:109C9000010000F02BFBFFE709A804F077F8E8E7E4
:109CA00046F2D770C0F6010000F00AFB00208DF8E4
:109CB000870001200E90FFE716A80AF0FBF91DA807
:109CC0000AF0F8F99DF8870022B080BD80B592B007
:109CD0001090EE208DF82400A6208DF8250033206A
:109CE0008DF8260080208DF82700FF208DF82800B1
:109CF000FC218DF829108DF82A008DF82B0009A879
:109D00000B9008200C900B990C9A0DA80AF026F9DC
:109D1000109803F011FD08281ED1FFE7109803F0FA
:109D200013FD0890109803F0FBFC07900DA80AF0B3
:109D300069F8069008980799069A09F0DBF958B176
:109D4000FFE746F2DC50C0F6010000F0B9FA01204E
:109D50008DF84700059037E046F20130C0F601006B
:109D600046F20B51C0F6010100F0B4FA10980490CD
:109D7000049803F0E9FC0390049803F0D1FC0290EE
:109D8000FFE703A802A90AF0D3FC88B1FFE703A804
:109D900002F0FAFD01900198017846F2CC30C0F64D
:109DA000010000F0A3FAFFE703A803F0EFFFE8E7E4
:109DB00046F2D770C0F6010000F082FA00208DF85C
:109DC000470001200590FFE70DA80AF073F99DF800
:109DD000470012B080BD000080B58CB004900B909D
:109DE000002101918DF82B100AF032F90498EE2130
:109DF0008DF82A100DF12A010AF02EF80498B621E8
:109E00008DF829100DF129010AF026F8019904981E
:109E10000322029209928DF823100DF123010AF01A
:109E20001BF8029904988DF822100DF122010AF016
:109E300013F8049888218DF821100DF121010AF002
:109E40000BF8049833218DF8201008A90AF004F8C3
:109E50000498012105918DF81F100DF11F0109F0E3
:109E6000FBFF0498FF2103918DF81E100DF11E01D8
:109E700009F0F2FF0498FC218DF81D100DF11D0171
:109E800009F0EAFF039904988DF81C1007A909F05E
:109E9000E3FF039904988DF81B100DF11B0109F0E5
:109EA000DBFF05988DF82B009DF82B0020B9FFE70C
:109EB00004980AF0FFF8FFE70CB080BD80B5A2B0AF
:109EC0002090EE2006908DF86400A62002908DF878
:109ED0006500112003908DF8660080208DF86700E2
:109EE000FF2005908DF86800FC2104918DF8691021
:109EF0008DF86A008DF86B0019A81B90082001905E
:109F00001C901B991C9A1DA80AF028F80198DDF8EE
:109F100008C0039B049A0599DDF818E08DF848E025
:109F20008DF849C08DF84A3081238DF84B308DF87B
:109F30004C108DF84D208DF84E108DF84F1012A951
:109F4000149115901499159A16A80AF007F82098FC
:109F500003F0F2FB08281ED1FFE7209803F0F4FB82
:109F60001190209803F0DCFB10901DA809F04AFF27
:109F70000F90119810990F9A09F0BCF858B1FFE7AB
:109F800046F29C70C0F6010000F09AF901208DF8AD
:109F900087000E9056E0209803F0D6FB0D90209895
:109FA00003F0BEFB0C9016A809F02CFF0B900D9847
:109FB0000C990B9A09F09EF860B1FFE746F2B97070
:109FC000C0F6010000F07CF900208DF88700012028
:109FD0000E9037E046F20130C0F6010046F2F14142
:109FE000C0F6010100F076F920980A900A9803F073
:109FF000ABFB09900A9803F093FB0890FFE709A8D0
:10A0000008A90AF095FB88B1FFE709A802F0BCFC9B
:10A0100007900798017846F2CC30C0F6010000F0B6
:10A0200065F9FFE709A803F0B1FEE8E746F2D7704B
:10A03000C0F6010000F044F900208DF887000120EF
:10A040000E90FFE716A80AF035F81DA80AF032F8BE
:10A050009DF8870022B080BD80B592B00490119029
:10A060001091002101918DF83F1009F0F1FF049843
:10A07000EE218DF83E100DF13E0109F0EDFE049841
:10A08000B6218DF83D100DF13D0109F0E5FE019975
:10A090000498102202920E928DF837100DF13701BC
:10A0A00009F0DAFE029904988DF836100DF13601A8
:10A0B00009F0D2FE049888218DF835100DF1350194
:10A0C00009F0CAFE049811218DF834100DA909F089
:10A0D000C3FE049840F21801C2F200010391C9784E
:10A0E0008DF833100DF1330109F0B6FE0399049891
:10A0F00049888DF832100DF1320109F0ADFE039957
:10A1000004980968090A8DF831100DF1310109F040
:10A11000A3FE0399049809688DF830100CA909F082
:10A120009BFE04989DF843108DF82F100DF12F0120
:10A1300009F092FE0498BDF842108DF82E100DF132
:10A140002E0109F089FE04981099090A8DF82D1046
:10A150000DF12D0109F080FE049810998DF82C1056
:10A160000BA909F079FE45F6A050C0F60100059054
:10A170000A9002F097FF01460598099102F06CFFE2
:10A180000890FFE709980899884212D0FFE70498E1
:10A19000099909788DF81F109DF81F108DF81E1071
:10A1A0000DF11E0109F058FEFFE7099801300990F2
:10A1B000E8E70498FF2100918DF81D100DF11D01B5
:10A1C00009F04AFE0498FC218DF81C1007A909F03B
:10A1D00043FE009904988DF81B100DF11B0109F046
:10A1E0003BFE009904988DF81A100DF11A0109F040
:10A1F00033FE01208DF83F009DF83F0020B9FFE7B6
:10A20000049809F057FFFFE712B080BD80B58AB00F
:10A21000009009908DF8231007929DF8231004A850
:10A22000019009F0E3FEF9F75BFF01460198039105
:10A2300009F0DEFD01469DF82320079B42F6F02041
:10A24000C2F20000FCF794FD38B9FFE7009804A9BA
:10A2500009F04EFE012002900CE0079946F2DB2047
:10A26000C0F6010000F050F8009809F0F1FE01205E
:10A270000290FFE704A809F01DFF0AB080BD0000AE
:10A2800080B582B00190019809F0B2FD009001986C
:10A2900003F052FA009982B242F6F020C2F20000B6
:10A2A0004FF47A73FCF748FE38B1FFE746F2BC2062
:10A2B000C0F6010000F004F8FFE702B080BD000026
:10A2C00080B582B001900198F6F714F9012002B030
:10A2D00080BD000080B582B0019000910198009986
:10A2E000F6F7DCF8012002B080BD000080B582B036
:10A2F00001908DF8031001989DF80310F6F7CEF841
:10A30000012002B080BD000080B582B001900091B4
:10A3100001980099F6F7C2F8012002B080BD000054
:10A3200080B584B003900291019200930398029942
:10A33000019A009BF6F7B2F8012004B080BD00003E
:10A3400080B592B010901098029040F21800C2F2BE
:10A3500000000068039045F6A050C0F6010002F02E
:10A3600095FE0299039A034646F22030C0F601009A
:10A37000FFF7D6FF10990DA80490FFF76DFE46F287
:10A38000A540C0F60100FFF79BFF04980C900C98C5
:10A3900009F038FD0B900C9809F01EFD0A90FFE7BC
:10A3A0000BA80AA90AF0D0F988B1FFE70BA802F0C0
:10A3B00005FB09900998017846F2CC30C0F60100FF
:10A3C000FFF794FFFFE70BA803F0FAFCE8E746F27B
:10A3D000D770C0F60100FFF773FF0DA8FFF750FF1D
:10A3E00046F26640C0F60100FFF76AFF06A801903A
:10A3F000082141F27072FFF709FF019803F0B0F9EC
:10A4000080B9FFE706A8FFF759FD58B1FFE746F20C
:10A410006F70C0F60100FFF753FF01208DF8470071
:10A4200005900BE046F2BA60C0F60100FFF748FF66
:10A4300000208DF8470001200590FFE706A809F0ED
:10A4400039FE0DA809F036FE9DF8470012B080BD18
:10A4500080B586B046F2F830C0F60100FFF730FF55
:10A4600002A8009008214EF66022FFF7CFFE009868
:10A4700003F076F980B9FFE702A8FFF77FFA58B139
:10A48000FFE746F21570C0F60100FFF719FF012043
:10A490008DF8170001900BE046F22760C0F601002E
:10A4A000FFF70EFF00208DF8170001200190FFE755
:10A4B00002A809F0FFFD9DF8170006B080BD00005E
:10A4C00080B58AB046F2B650C0F60100FFF7F8FE3C
:10A4D00006A80090FFF780FC0098FFF7D1FE46F237
:10A4E0001E40C0F60100FFF7EBFE03A80190082113
:10A4F00041F28832FFF78AFE019803F031F980B902
:10A50000FFE703A8FFF7E2FB58B1FFE746F242700E
:10A51000C0F60100FFF7D4FE01208DF8270002905D
:10A520000BE046F28C60C0F60100FFF7C9FE002088
:10A530008DF8270001200290FFE703A809F0BAFD7B
:10A5400006A809F0B7FD9DF827000AB080BD0000FD
:10A5500080B586B046F2D230C0F60100FFF7B0FEFB
:10A5600002A80090082142F21072FFF74FFE0098F7
:10A5700003F0F6F880B9FFE702A8FFF7D3FA58B165
:10A58000FFE746F2E860C0F60100FFF799FE012000
:10A590008DF8170001900BE046F2F950C0F601006B
:10A5A000FFF78EFE00208DF8170001200190FFE7D5
:10A5B00002A809F07FFD9DF8170006B080BD0000DD
:10A5C00080B590B08DF83E000E910D920E990D98C9
:10A5D0000A180AA8009009F04DFD00999DF83E2048
:10A5E00007A80190FFF702F90198FFF749FE04A8B8
:10A5F000029009214FF4FA52FFF708FE029803F087
:10A60000AFF860B9FFE79DF83E1004A8FEF79EFF83
:10A6100028B1FFE701208DF83F0003900BE046F2E0
:10A620005560C0F60100FFF74BFE00208DF83F009B
:10A6300001200390FFE704A809F03CFD07A809F0FA
:10A6400039FD0AA809F036FD9DF83F0010B080BD25
:10A6500080B542F66C10C2F20000F9F79BFD80BD98
:10A6600080B542F68430C2F20000023007F0A6FF47
:10A67000014642F65C20C2F200007F22FBF7A4FCF8
:10A6800042F67C10C2F20000FBF73EF980BD0000EC
:10A690007047000080B586B0FFE702A8009009F07F
:10A6A000BFFD009A42F28820C2F200004FF4FA7116
:10A6B000FDF78CFE009809F0BFFDFFE706B080BDF6
:10A6C00080B584B00290029802F002FA75300190D1
:10A6D00042F25020C2F2000002F0C4F80199884210
:10A6E00004D2FFE700208DF80F000AE0029942F241
:10A6F0006820C2F2000008F065FD01208DF80F000F
:10A70000FFE79DF80F0004B080BD000080B5FFE7B3
:10A7100042F26820C2F2000002F076FF38B9FFE78B
:10A7200042F26820C2F2000008F044FDF0E742F275
:10A730005020C2F20000FEF7C7FE80BD80B582B097
:10A74000FFE742F26820C2F2000002F05DFFB0B9FC
:10A75000FFE742F26820C2F20000009008F03CFDE2
:10A760000190019802F0CAF9014646F61F10C0F6A2
:10A770000100F5F793FE009808F01CFDE1E742F2B6
:10A780005020C2F20000FEF79FFE02B080BD000024
:10A7900080B58AB00290099008910898F5F7F1FE0B
:10A7A0000690FE20059006A805A907F04FFB00685B
:10A7B000079000208DF8130042F25021C2F20001F0
:10A7C00003A8019007F062FC0298019904F052F886
:10A7D00002980799013103F0E7FE02980899079A59
:10A7E00003F082FE02980A2103F0B2FF01208DF8E7
:10A7F00013009DF8130020B9FFE7029804F0A0F8B9
:10A80000FFE70AB080BD000080B5CAB00390499050
:10A8100048914792489A479B07A84FF48071F5F7F3
:10A8200049FE0690069801281DDBFFE70698FF28E1
:10A8300003D8FFE70698029002E0FF200290FFE7AE
:10A84000029805900598009042F25021C2F2000152
:10A8500004A8019007F01AFC0398009A019B07A92D
:10A8600003F0F2FF03E0039804F016F8FFE74AB0A4
:10A8700080BD000080B5CCB004904B904A914992C5
:10A8800048934A9A499B48986946086008A84FF43B
:10A890008071F5F70FFE0790079801281DDBFFE791
:10A8A0000798FF2803D8FFE70798039002E0FF20EE
:10A8B0000390FFE7039806900698019042F250211A
:10A8C000C2F2000105A8029007F0E0FB0498019A8B
:10A8D000029B08A903F0B8FF03E0049803F0DCFF33
:10A8E000FFE74CB080BD000080B5CEB00690DDF82B
:10A8F00040C14D904C914B924A934C9A4B9B4A9835
:10A90000DDF840C16946C1F804C008600AA84FF4E8
:10A910008071F5F7CFFD0990099801281DDBFFE74D
:10A920000998FF2803D8FFE70998059002E0FF2067
:10A930000590FFE7059808900898039042F250218F
:10A94000C2F2000107A8049007F0A0FB0698039A42
:10A95000049B0AA903F078FF03E0069803F09CFF2C
:10A96000FFE74EB080BD000080B5CAB003904990AB
:10A9700048918DF81F21489A9DF81F310DF11F0055
:10A980004FF48071F5F796FD0690069801281EDBBE
:10A99000FFE70698FF2803D8FFE70698029002E039
:10A9A000FF200290FFE7029805900598009042F280
:10A9B0005021C2F2000104A8019007F067FB039840
:10A9C000009A019B0DF11F0103F03EFF03E0039885
:10A9D00003F062FFFFE74AB080BD000080B5CCB055
:10A9E00005904B904A918DF827218DF826314A9A8F
:10A9F0009DF827319DF82601694608600DF1260073
:10AA00004FF48071F5F756FD0890089801281EDB79
:10AA1000FFE70898FF2803D8FFE70898049002E0B2
:10AA2000FF200490FFE7049807900798029042F2F5
:10AA30005021C2F2000106A8039007F027FB0598F9
:10AA4000029A039B0DF1260103F0FEFE03E0059838
:10AA500003F022FFFFE74CB080BD000080B5CCB012
:10AA600005904B904A918DF82721ADF824314A9AF0
:10AA70009DF82731BDF824016946086009A84FF404
:10AA80008071F5F717FD0890089801281DDBFFE796
:10AA90000898FF2803D8FFE70898049002E0FF20F9
:10AAA0000490FFE7049807900798029042F2502123
:10AAB000C2F2000106A8039007F0E8FA0598029A8E
:10AAC000039B09A903F0C0FE03E0059803F0E4FE30
:10AAD000FFE74CB080BD000080B5CEB08446CDF815
:10AAE00018C05098CDF834C14C918DF82F21ADF895
:10AAF0002C318DF82B014C9A9DF82F31BDF82C018B
:10AB00009DF82BC16946C1F804C008600DF12B0007
:10AB10004FF48071F5F7CEFC0990099801281EDBEF
:10AB2000FFE70998FF2803D8FFE70998059002E09E
:10AB3000FF200590FFE7059808900898039042F2DF
:10AB40005021C2F2000107A8049007F09FFA06986E
:10AB5000039A049B0DF12B0103F076FE03E00698A7
:10AB600003F09AFEFFE74EB080BD000080B5CCB088
:10AB700004904B904A9149928DF823314A9A499B0F
:10AB80009DF82301694608600DF123004FF48071A0
:10AB9000F5F790FC0790079801281EDBFFE7079860
:10ABA000FF2803D8FFE70798039002E0FF200390F7
:10ABB000FFE7039806900698019042F25021C2F2F6
:10ABC000000105A8029007F061FA0498019A029B1F
:10ABD0000DF1230103F038FE03E0049803F05CFE5E
:10ABE000FFE74CB080BD000080B5CCB004904B9026
:10ABF0004A91499248934A9A499B48986946086005
:10AC000008A84FF48071F5F755FC079007980128C4
:10AC10001DDBFFE70798FF2803D8FFE7079803909D
:10AC200002E0FF200390FFE703980690069801904A
:10AC300042F25021C2F2000105A8029007F026FA64
:10AC40000498019A029B08A903F0FEFD03E0049812
:10AC500003F022FEFFE74CB080BD000080B5CAB013
:10AC60000390499048914792489A479B07A84FF410
:10AC70008071F5F71FFC0690069801281DDBFFE7A1
:10AC80000698FF2803D8FFE70698029002E0FF200D
:10AC90000290FFE7029805900598009042F250213B
:10ACA000C2F2000104A8019007F0F0F90398009A9D
:10ACB000019B07A903F0C8FD03E0039803F0ECFD36
:10ACC000FFE74AB080BD000080B5CCB004904B9047
:10ACD0004A9149928DF823314A9A499B9DF8230164
:10ACE000694608600DF123004FF48071F5F7E2FB2F
:10ACF0000790079801281EDBFFE70798FF2803D875
:10AD0000FFE70798039002E0FF200390FFE7039816
:10AD100006900698019042F25021C2F2000105A867
:10AD2000029007F0B3F90498019A029B0DF12301F8
:10AD300003F08AFD03E0049803F0AEFDFFE74CB09A
:10AD400080BD000080B5CCB004904B904A914992F0
:10AD500048934A9A499B48986946086008A84FF466
:10AD60008071F5F7A7FB0790079801281DDBFFE727
:10AD70000798FF2803D8FFE70798039002E0FF2019
:10AD80000390FFE7039806900698019042F2502145
:10AD9000C2F2000105A8029007F078F90498019A20
:10ADA000029B08A903F050FD03E0049803F074FD32
:10ADB000FFE74CB080BD000080B5CCB005904B9053
:10ADC0004A91ADF82621ADF824314A9ABDF82631D2
:10ADD000BDF824016946086009A84FF48071F5F7B1
:10ADE00069FB0890089801281DDBFFE70898FF28F9
:10ADF00003D8FFE70898049002E0FF200490FFE7E3
:10AE0000049807900798029042F25021C2F2000184
:10AE100006A8039007F03AF90598029A039B09A93E
:10AE200003F012FD03E0059803F036FDFFE74CB098
:10AE300080BD000080B588B00690069902A80090F9
:10AE4000FFF7A6FC009801F061FE40B9FFE702A8F9
:10AE5000FFF736FC8DF81F000120019005E000206F
:10AE60008DF81F0001200190FFE702A803F068FDA4
:10AE70009DF81F0008B080BD80B58AB0089007918A
:10AE80000899079A03A80190FFF7BEFC019801F00A
:10AE90003DFE40B9FFE703A8FFF712FC8DF827003D
:10AEA0000120029005E000208DF82700012002908B
:10AEB000FFE703A803F044FD9DF827000AB080BD1A
:10AEC00080B58AB00890079106920899079A069B68
:10AED00002A80090FFF7CEFC009801F017FE40B9E1
:10AEE000FFE702A8FFF7ECFB8DF827000120019097
:10AEF00005E000208DF8270001200190FFE702A85F
:10AF000003F01EFD9DF827000AB080BD80B58CB00F
:10AF10000A900991089207930A99099A089B079841
:10AF2000EC46CCF8000003A80190FFF7DDFC019887
:10AF300001F0ECFD40B9FFE703A8FFF7C1FB8DF876
:10AF40002F000120029005E000208DF82F00012045
:10AF50000290FFE703A803F0F3FC9DF82F000CB06C
:10AF600080BD000080B58AB008908DF81F10089948
:10AF70009DF81F2003A80190FFF7F6FC019801F04F
:10AF8000C5FD40B9FFE703A8FFF79AFB8DF827003E
:10AF90000120029005E000208DF82700012002909A
:10AFA000FFE703A803F0CCFC9DF827000AB080BDA2
:10AFB00080B58AB008908DF81F108DF81E20089972
:10AFC0009DF81F209DF81E3003A80190FFF706FD95
:10AFD000019801F09BFD40B9FFE703A8FFF770FB64
:10AFE0008DF827000120029005E000208DF8270051
:10AFF00001200290FFE703A803F0A2FC9DF82700C0
:10B000000AB080BD80B58AB008908DF81F10ADF8E9
:10B010001C2008999DF81F20BDF81C3003A8019042
:10B02000FFF71CFD019801F071FD40B9FFE703A88F
:10B03000FFF746FB8DF827000120029005E0002075
:10B040008DF8270001200290FFE703A803F078FCA9
:10B050009DF827000AB080BD80B58CB00A908DF8AD
:10B060002710ADF824208DF823300A999DF8272069
:10B07000BDF824309DF82300EC46CCF8000004A86D
:10B080000290FFF729FD029801F040FD40B9FFE76B
:10B0900004A8FFF715FB8DF82F000120039005E0B1
:10B0A00000208DF82F0001200390FFE704A803F093
:10B0B00047FC9DF82F000CB080BD000080B58AB021
:10B0C000089007918DF81B200899079A9DF81B306E
:10B0D00002A80090FFF74AFD009801F017FD40B963
:10B0E000FFE702A8FFF7ECFA8DF827000120019096
:10B0F00005E000208DF8270001200190FFE702A85D
:10B1000003F01EFC9DF827000AB080BD80B58AB010
:10B110000890079106920899079A069B02A800904A
:10B12000FFF762FD009801F0F1FC40B9FFE702A8CB
:10B13000FFF7C6FA8DF827000120019005E00020F6
:10B140008DF8270001200190FFE702A803F0F8FB2B
:10B150009DF827000AB080BD80B58AB0089007919D
:10B160000899079A03A80190FFF778FD019801F06C
:10B17000CDFC40B9FFE703A8FFF7A2FA8DF827003E
:10B180000120029005E000208DF8270001200290A8
:10B19000FFE703A803F0D4FB9DF827000AB080BDA9
:10B1A00080B58AB0089007918DF81B200899079AFE
:10B1B0009DF81B3002A80090FFF786FD009801F073
:10B1C000A5FC40B9FFE702A8FFF77AFA8DF827003F
:10B1D0000120019005E000208DF82700012001905A
:10B1E000FFE702A803F0ACFB9DF827000AB080BD82
:10B1F00080B58AB00890079106920899079A069B35
:10B2000002A80090FFF79EFD009801F07FFC40B976
:10B21000FFE702A8FFF754FA8DF8270001200190FC
:10B2200005E000208DF8270001200190FFE702A82B
:10B2300003F086FB9DF827000AB080BD80B58AB078
:10B240000890ADF81E10ADF81C200899BDF81E201E
:10B25000BDF81C3003A80190FFF7AEFD019801F086
:10B2600055FC40B9FFE703A8FFF72AFA8DF827003D
:10B270000120029005E000208DF8270001200290B7
:10B28000FFE703A803F05CFB9DF827000AB080BD30
:10B2900080B584B002900298019090F81C04C00719
:10B2A00050B9FFE70199012081F81C04152000F036
:10B2B0005BFB0020039011E046F64060C0F6010001
:10B2C00000F076FB062000F04FFB432000F04CFB23
:10B2D00001990320086001200390FFE7039804B060
:10B2E00080BD000080B58EB00C900C9804900B903F
:10B2F0000BA809F0A3FA0A900A98012803D0FFE7E7
:10B300000A980D90DCE004980430002107F04EF913
:10B310000078013801460391172829D80399DFE8FE
:10B3200001F00C112717272727272727272727274B
:10B330002727272727272727271F04998020A1F8B9
:10B340000A0424E004994FF48060A1F80A041EE086
:10B3500004980121A0F80A14FFF79AFF0D90AFE0BE
:10B3600004980121A0F80A1400F0E2F80D90A7E07B
:10B3700004980430002107F019F9017846F63730B7
:10B38000C0F6010000F0C8FB03200D9098E004987F
:10B39000043007F003F909900998411C0DF12300CE
:10B3A00009F06EFA0499B1F80A14043189B200F078
:10B3B00039FA012809D0FFE746F6D650C0F6010059
:10B3C00000F0F6FA03200D907AE00998C11C0DF107
:10B3D000230009F055FA0499B1F80A1400F012FAA2
:10B3E0000499ADF82000081D0190B1F80A1403314A
:10B3F00007F0DCF804990246019812780292B1F83D
:10B400000A14043107F0D2F80299007840EA0120CA
:10B41000ADF81E00BDF82000BDF81E1088420DD00A
:10B42000FFE7BDF82010BDF81E2046F6BD20C0F68F
:10B43000010000F02DFD03200D9041E004980999D2
:10B44000497880F82C1490F82C0480F0FF000999BA
:10B45000897888420ED0FFE7049890F82C14099858
:10B46000827846F67F40C0F6010000F083FB03209F
:10B470000D9025E004980690059006A809F006FABC
:10B4800018B1FFE702200D901AE005A809F00CFAA8
:10B4900070B9FFE7049890F82C2490F82D1446F624
:10B4A0006950C0F6010000F065FB03200D9007E035
:10B4B000049991F82C0481F82D0401200D90FFE7E8
:10B4C0000D980EB080BD000080B582B040F2202003
:10B4D000C2F200000078BFF35F8FC00708BBFFE730
:10B4E00040F22020C2F2000009F05AFFC8B1FFE785
:10B4F00042F28C20C2F20000019000F0C3FF0199DB
:10B500004CF2A140C0F6000040F20002C0F600027A
:10B51000F5F706F840F22020C2F2000009F056FFCD
:10B52000FFE742F28C20C2F2000002B080BD0000B2
:10B5300080B584B002900298019090F81D04C00775
:10B5400038B9FFE70199012081F81D04002003901C
:10B550000BE046F6CA60C0F6010000F029FA019837
:10B5600000F014FA04200390FFE7039804B080BDB4
:10B5700080B58CB00B900B98009002A8019024210C
:10B58000F5F704F9019800F009F80098019900F026
:10B5900021F8019800F014F80CB080BD80B582B09D
:10B5A00001900198009003F03FFB00980021017486
:10B5B00041744161FF2180F8211002B080BD00007C
:10B5C00080B582B001900198009003F0B4FB009820
:10B5D00002B080BD10B584B0039002910398019031
:10B5E000029903F0B7FB01980299CA680B69D1F878
:10B5F00014C0D1F818E0CC69C461C0F818E0C0F8F4
:10B6000014C00361C260098C018404B010BD000045
:10B6100080B584B0039003980290D0F82004411CB8
:10B6200046F6B150C0F60100052200F077FB029902
:10B63000D1F820040130C1F82004052819DBFFE708
:10B6400046F6FD50C0F6010000F0B2F91820019056
:10B6500000F08AF9019800F087F902990420086047
:10B6600046F6AA60C0F6010000F0A2F900F0A4FDC1
:10B67000FFE704B080BD000080B586B00590059856
:10B68000019000F023FD0146019804910499B0F85F
:10B690000A2400209142029006D2FFE70498002875
:10B6A00018BF01200290FFE7029800F001008DF81A
:10B6B0000F009DF80F00C00710B3FFE7049946F68E
:10B6C0000050C0F6010000F057FB019804300499C7
:10B6D000033106F06BFF00781A2810D0FFE70198BD
:10B6E000049900910430033106F060FF009902785C
:10B6F00046F6F730C0F6010000F06AFBFFE7FFE70F
:10B700009DF80F0000F0010006B080BD80B598B034
:10B71000179017980790043006F040FF01460798ED
:10B720001691149016A81590169803301690169836
:10B73000019014A8039009F0D5F80146019808F08B
:10B7400043FD13901699139A10A8029003F056FA2D
:10B750000798029900F20C40069003F0FBFA029859
:10B7600003F0E9FA03981399169A114401311691DE
:10B770001699049109F0B6F80146049808F024FDE2
:10B780000F9016990F9A0CA8059003F037FA0598B8
:10B7900000210A2207F03EFD079A01460598C2F8EB
:10B7A000181403F0C8FA06980F99169A114401313B
:10B7B000169101F091FA014646F63740C0F60100B5
:10B7C00000F01EF90798D0F8181446F65840C0F655
:10B7D000010000F0D1FA069909A8089003F064FA74
:10B7E00008980799D1F8181400F062FD089803F042
:10B7F000A2FA18B080BD000080B5FFF765FE00F02A
:10B80000C5F880BD80B582B0019000910199009A81
:10B8100042F6E800C2F20000F7F732FA80B202B056
:10B8200080BD000080B582B00190ADF80210019992
:10B83000BDF8022042F65C20C2F2000041F28833DB
:10B84000FBF796FAB0FA80F0400902B080BD000024
:10B8500080B584B046F68A20C0F60100F4F74AFEAF
:10B8600042F65C20C2F20000FAF7CEFC60B3FFE7BC
:10B8700042F65C20C2F20000D0F8800048B1FFE739
:10B8800042F65C20C2F20000D0F88000F7F7C8FA58
:10B89000FFE7FFF7B1FF42F68430C2F2000002304A
:10B8A00006F08CFE014642F65C20C2F200007F22C8
:10B8B000FAF78AFB46F61C20C0F60100F4F71AFEE0
:10B8C00000208DF80F0039E042F65C20C2F2000043
:10B8D0000290FAF737FD0298FBF760F8FEF716FFC3
:10B8E00040F2F810C2F20000006818BBFFE740F217
:10B8F0002C00C2F2000001908169C26946F69910DD
:10B90000C0F6010000F096FA0198FDF797F948B9E2
:10B91000FFE746F6E610C0F6010000F049F8FFF731
:10B920006BFF06E046F66720C0F6010000F040F825
:10B93000FFE7FFE701208DF80F00FFE79DF80F00FC
:10B9400004B080BD80B582B00190019942F65C20C0
:10B95000C2F2000001224FF4FA63FBF709FAB0FAD1
:10B9600080F0400902B080BD80B582B08DF807003C
:10B9700042F65C20C2F200000DF1070101224FF0F7
:10B98000FF33FBF7D9FA02B080BD000080B582B06A
:10B9900001900198009046F25C10C0F6010000F0A2
:10B9A00007F800990420086000F09AFB02B080BDFF
:10B9B00080B582B0009040F21C00C2F20000006826
:10B9C000012807D1FFE70098F4F794FD01208DF8D6
:10B9D000070011E040F21C00C2F2000000680228DB
:10B9E00006D1FFE70098FFF725FA8DF8070003E07E
:10B9F00001208DF80700FFE79DF8070002B080BD29
:10BA000080B584B00290019140F21C00C2F20000A7
:10BA10000068012808D1FFE702980199F4F73EFD7C
:10BA200001208DF80F0012E040F21C00C2F200006D
:10BA30000068022807D1FFE702980199FFF71CFA76
:10BA40008DF80F0003E001208DF80F00FFE79DF84F
:10BA50000F0004B080BD000080B584B00290019159
:10BA6000009240F21C00C2F200000068012809D1D7
:10BA7000FFE702980199009AF4F710FD01208DF874
:10BA80000F0013E040F21C00C2F200000068022820
:10BA900008D1FFE702980199009AFFF711FA8DF893
:10BAA0000F0003E001208DF80F00FFE79DF80F0065
:10BAB00004B080BD80B586B00490039102920193DA
:10BAC00040F21C00C2F20000006801280AD1FFE722
:10BAD00004980399029A019BF4F7E0FC01208DF889
:10BAE000170014E040F21C00C2F2000000680228B7
:10BAF00009D1FFE704980399029A019BFFF706FA20
:10BB00008DF8170003E001208DF81700FFE79DF87E
:10BB1000170006B080BD000080B584B002908DF89B
:10BB2000071040F21C00C2F200000068012809D191
:10BB3000FFE702989DF80710F4F7B0FC01208DF89C
:10BB40000F0013E040F21C00C2F20000006802285F
:10BB500008D1FFE702989DF80710FFF703FA8DF868
:10BB60000F0003E001208DF80F00FFE79DF80F00A4
:10BB700004B080BD80B584B002908DF807108DF8B8
:10BB8000062040F21C00C2F20000006801280BD120
:10BB9000FFE702989DF807109DF80620F4F77EFC59
:10BBA00001208DF80F0015E040F21C00C2F20000E9
:10BBB000006802280AD1FFE702989DF807109DF857
:10BBC0000620FFF7F5F98DF80F0003E001208DF84E
:10BBD0000F00FFE79DF80F0004B080BD80B584B072
:10BBE00002908DF80710ADF8042040F21C00C2F25C
:10BBF0000000006801280BD1FFE702989DF80710AC
:10BC0000BDF80420F4F74AFC01208DF80F0015E080
:10BC100040F21C00C2F20000006802280AD1FFE7CF
:10BC200002989DF80710BDF80420FFF7EBF98DF896
:10BC30000F0003E001208DF80F00FFE79DF80F00D3
:10BC400004B080BD80B584B002908DF80710ADF8C7
:10BC500004208DF8033040F21C00C2F2000000689E
:10BC600001280DD1FFE702989DF80710BDF80420C8
:10BC70009DF80330F4F712FC01208DF80F0017E057
:10BC800040F21C00C2F20000006802280CD1FFE75D
:10BC900002989DF80710BDF804209DF80330FFF7C7
:10BCA000DBF98DF80F0003E001208DF80F00FFE7AE
:10BCB0009DF80F0004B080BD80B584B00290019162
:10BCC0008DF8032040F21C00C2F200000068012839
:10BCD0000AD1FFE7029801999DF80320F4F7DEFBF3
:10BCE00001208DF80F0014E040F21C00C2F20000A9
:10BCF0000068022809D1FFE7029801999DF8032006
:10BD0000FFF7DCF98DF80F0003E001208DF80F003C
:10BD1000FFE79DF80F0004B080BD000080B584B03F
:10BD200002900191009240F21C00C2F200000068F3
:10BD3000012809D1FFE702980199009AF4F7AEFBB8
:10BD400001208DF80F0013E040F21C00C2F2000049
:10BD50000068022808D1FFE702980199009AFFF7CE
:10BD6000D5F98DF80F0003E001208DF80F00FFE7F3
:10BD70009DF80F0004B080BD80B584B002900191A1
:10BD800040F21C00C2F200000068012808D1FFE761
:10BD900002980199F4F782FB01208DF80F0012E060
:10BDA00040F21C00C2F200000068022807D1FFE741
:10BDB00002980199FFF7D0F98DF80F0003E00120F8
:10BDC0008DF80F00FFE79DF80F0004B080BD000064
:10BDD00080B584B0029001918DF8032040F21C00E0
:10BDE000C2F20000006801280AD1FFE70298019919
:10BDF0009DF80320F4F752FB01208DF80F0014E0AA
:10BE000040F21C00C2F200000068022809D1FFE7DE
:10BE1000029801999DF80320FFF7C2F98DF80F00F1
:10BE200003E001208DF80F00FFE79DF80F0004B03C
:10BE300080BD000080B584B002900191009240F274
:10BE40001C00C2F200000068012809D1FFE7029837
:10BE50000199009AF4F722FB01208DF80F0013E0FE
:10BE600040F21C00C2F200000068022808D1FFE77F
:10BE700002980199009AFFF7BBF98DF80F0003E0D3
:10BE800001208DF80F00FFE79DF80F0004B080BD82
:10BE900080B584B00290ADF80610ADF8042040F2F1
:10BEA0001C00C2F20000006801280BD1FFE70298D5
:10BEB000BDF80610BDF80420F4F7F0FA01208DF863
:10BEC0000F0015E040F21C00C2F2000000680228DA
:10BED0000AD1FFE70298BDF80610BDF80420FFF76D
:10BEE000ADF98DF80F0003E001208DF80F00FFE79A
:10BEF0009DF80F0004B080BD80B5FFF7E5FA00F0B3
:10BF000001F880BD80B586B0059005980390006863
:10BF1000042801D1FFE7A3E00398FFF7E3F9014606
:10BF2000029104281AD80299DFE801F003130F08E0
:10BF3000040095E003990420086091E01520FFF7C4
:10BF400013FD0398FFF764FB8AE00620FFF70CFD62
:10BF500086E003990020C1F82004FFE7039800F071
:10BF6000EBF90399086001460191012808D0FFE729
:10BF7000019802281DD0FFE70198042863D06EE0E5
:10BF800046F60630C0F60100FFF712FD0398FFF7F2
:10BF9000BDFB46F67460C0F60100FFF709FD03998A
:10BFA000022008600620FFF7DFFC4320FFF7DCFCDF
:10BFB00056E00398FFF760FB8DF813009DF813001F
:10BFC000C00728B1FFE7039800F080F8009004E074
:10BFD0000398B0F80A040090FFE703980099A0F8CE
:10BFE0002414043006F0C6FA03990330B1F824147F
:10BFF0009DF8132002F0010200F0E2F860B1FFE7C3
:10C000000399B1F82424D1F828041044C1F8280475
:10C010000620FFF7A9FC15E0039890F82C1446F6CB
:10C020003950C0F60100FFF777FD039991F82D0410
:10C03000013881F82D041520FFF796FC0398FFF7CF
:10C04000E7FAFFE70CE046F6ED60C0F60100FFF707
:10C05000AFFC0620FFF788FC00F062F800E0FFE785
:10C0600006B080BD80B5FFF72FFA00F01BF880BD49
:10C0700080B584B00390039800220092014641F8F5
:10C08000042B019100F20C40FFF772FA009901981D
:10C090008DF80B100DF10B0106F072FAFFF7D8FBCB
:10C0A00004B080BD80B582B001900198FFF7E0FF39
:10C0B00050B1FFE74320FFF757FC46F20210C0F6ED
:10C0C0000100FFF775FCFFE702B080BD81B0009072
:10C0D0000099D1F81804D1F82814401A01B070471B
:10C0E00080B542F68430C2F20000023006F066FAF3
:10C0F000014642F65C20C2F200007F22F9F764FF9D
:10C1000046F6B100C0F60100F4F7F4F946F6EC008B
:10C11000C0F60100F4F7EEF9FEF710FB80BD000059
:10C1200080B582B040F2F810C2F200000068012829
:10C1300037D1FFE7FEF7C4F98DF807009DF8070037
:10C14000C00748B9FFE746F67B10C0F60100FFF7CD
:10C150002FFCFFF7C5FF2DE0FEF7FAF98DF8070079
:10C160009DF80700C00748B9FFE746F63F10C0F644
:10C170000100FFF71DFCFFF7B3FF1BE0FEF768F9B6
:10C180008DF807009DF80700C00748B9FFE746F69D
:10C190005D10C0F60100FFF70BFCFFF7A1FF09E0FF
:10C1A000FFE746F62210C0F60100FFF701FCFFF79B
:10C1B00097FFFFE702B080BD80B5FFF791FF80BD1C
:10C1C00080B584B0029001918DF8032040F22420C4
:10C1D000C2F200000078BFF35F8FC007D0B9FFE75D
:10C1E00040F22420C2F2000009F0DAF890B1FFE733
:10C1F00042F2BC61C2F2000102A8086001A84860D6
:10C200000DF10300886040F22420C2F2000009F022
:10C21000DDF8FFE740F22820C2F200000078BFF30B
:10C220005F8FC007D0B9FFE740F22820C2F20000BC
:10C2300009F0B6F890B1FFE742F2C861C2F200011E
:10C2400002A8086001A848600DF10300886040F270
:10C250002820C2F2000009F0B9F8FFE740F2F81018
:10C26000C2F20000006848B9FFE742F2BC60C2F2C7
:10C27000000008F04BFB8DF80F0015E040F2F810BD
:10C28000C2F200000068012809D1FFE742F2C8604D
:10C29000C2F2000008F09CFB8DF80F0004E0FFE7FD
:10C2A00000208DF80F00FFE79DF80F0004B080BD5F
:10C2B00080B582B00190009140F22C20C2F20000C3
:10C2C0000078BFF35F8FC007A8B9FFE740F22C20CA
:10C2D000C2F2000009F064F868B1FFE742F2D861E9
:10C2E000C2F200016846086040F22C20C2F2000051
:10C2F00009F06CF8FFE740F2F810C2F200000068A5
:10C3000038B9FFE742F2D460C2F2000008F0EEFB59
:10C310000FE040F2F810C2F200000068012807D1D7
:10C32000FFE742F2D860C2F2000008F0EDFBFFE741
:10C33000FFE702B080BD000080B58AB00890089881
:10C340000590B0F80A04012804D1FFE705980068B9
:10C35000099094E005980068032869D1FFE70598E3
:10C36000B0F80A1400208029049012D1FFE7059844
:10C3700090F82C140020049059B9FFE70598043078
:10C38000032106F013F90078B0FA80F04009049018
:10C39000FFE7049800F001008DF81F009DF81F00D2
:10C3A000C007B8B9FFE7059890F82C140291B0F8CF
:10C3B0000A1403910430032106F0F8F80299039A55
:10C3C000037846F66030C0F60100FFF73BFC04201E
:10C3D000099054E000200690FFE706987F281EDCB5
:10C3E000FFE7059804300699033106F0DFF800787E
:10C3F00080B1FFE70598069901910430033106F0FA
:10C40000D5F80199027846F6B530C0F60100FFF77D
:10C4100053FC04E0FFE7069801300690DDE746F69E
:10C420000970C0F60100FFF7C3FA0420099026E066
:10C43000059890F82C0468B9FFE70598B0F80A044D
:10C44000802807D1FFE70598006818B9FFE70120A9
:10C45000099014E00598006818B1FFE702200990E0
:10C460000DE0059890F82C14B0F80A2446F6BE406A
:10C47000C0F60100FFF7B2FB04200990FFE709981E
:10C480000AB080BD80B582B001900198009004216F
:10C49000016000F20C40FFF781F8009802B080BD07
:10C4A00080B582B001900198009000F20C40FFF737
:10C4B00087F8009802B080BD70477047F0B581B032
:10C4C0001546DDE906720E4689681C467AB1884237
:10C4D00004D040684968F4F783F960B931462A46C8
:10C4E0002346069701B0BDE8F04000F088B84068E8
:10C4F00049688842F2D001B0F0BD2DE9F0411646FE
:10C50000069A0C468968984607468AB18F4230D011
:10C510007D6849682846F4F763F950B3206887427C
:10C520000ED041682846F4F75BF948B1BDE8F081C8
:10C530007868496888421CD0216849688842F5D1EA
:10C540002069864220D0606986421DD0D4E9090165
:10C55000C4F82080013101286661A16205D1A0697B
:10C56000022804BF012084F836000420E062BDE800
:10C57000F08160688642D9D1E06901281CBFC4F807
:10C580001C80BDE8F081D1E7B8F1010F18BFBDE80C
:10C59000F08101202062BDE8F08180B5D1F824E06F
:10C5A000BEF1000F10D0D1F814C0886B844502D1C1
:10C5B000086990420FD00EF10100486202208861A4
:10C5C000012081F8360080BD886B8B61C1E90420B1
:10C5D0000120486280BD8869022804BF8B6180BD4C
:10C5E000F1E780B5D1F808C0D0F804E0DCF8040029
:10C5F000864518BF80BDBDE88040FFF7CEBF80B53F
:10C6000048684FF0010E834281F835E000D080BDCC
:10C610000B69DDF808C081F834E02BB193420FD0EC
:10C62000486A0130486217E00120BCF1010F0A613D
:10C63000C1F818C04862EAD1086B01280CD0E6E7BF
:10C640008A69022A04BFC1F818C06246086B012833
:10C6500018BF80BD012ADAD1012081F8360080BDE3
:10C660002DE9F04190B0054640684B68984233D0C0
:10C6700045F6A8531446C0F6010345F6B452C0F679
:10C680000102084619460023002708F007FD20B3E1
:10C69000276837B30DF10408064608F10400382175
:10C6A000F4F774F84FF0FF300490012031688DF8F2
:10C6B0003B000D900395CD69304641463A46012333
:10C6C0000196A84707980138B0FA80F04FEA501752
:10C6D00004BF0598206000E00127384610B0BDE88F
:10C6E000F081F4F78AFC2DE9F04383B0DDE90A9488
:10C6F0000E46896898461546074684B18F4204D095
:10C7000078684968F4F76CF868B931462A464346B8
:10C71000CDF8289003B0BDE8F043FFF770BF78680C
:10C7200049688842F1D0B8682A46016843464F6993
:10C730003146CDE90094B84703B0BDE8F0832DE958
:10C74000F04383B0DDF828900C468968984615467A
:10C75000B9F1000F074630D08F4240D07E6849685B
:10C760003046F4F73DF8D0B32068874204D04168E2
:10C770003046F4F735F840BB2069854238D060690F
:10C78000854235D0E06AC4F82080042838D00020E3
:10C79000A086B868012601682A464F6921462B46C3
:10C7A000CDE90069B84794F83500012826D194F8FE
:10C7B00034000321E16218B32FE0786849688842A9
:10C7C0000DD0216849688842D6D0B8682A460168E9
:10C7D00043468F692146CDF80090B8471DE0606858
:10C7E00085421AD1E069012818BFC4F81C8014E002
:10C7F000B8F1010F04BF012020620EE00420E062C6
:10C80000D4E90901656101310128A16205D1A0695E
:10C81000022804BF012084F8360003B0BDE8F0838D
:10C8200080B5D1F808C0D0F804E0DCF804C0E645D3
:10C8300007D08068D0F800C0DCF81CC0BDE880409C
:10C840006047BDE88040FFF7A8BE000082B00190BD
:10C85000009101980099401AB0FA80F0400902B0A6
:10C860007047000081B00090009881684069401ACC
:10C8700001B0704781B0009000990868496801EBE9
:10C88000410100EBC10001B07047000081B0009091
:10C890000098006801B0704781B000900099086866
:10C8A0004968084401B0704781B000900098406822
:10C8B00001B0704781B000900098006801B07047E7
:10C8C00080B582B001900091019882680099096852
:10C8D000904702B080BD000080B582B00190019801
:10C8E0008168884702B080BD82B0019000910098B5
:10C8F00002B0704780B582B00190019800F054FBFF
:10C90000006802B080BD000080B582B0019001983F
:10C9100000F04AFB006802B080BD000080B582B024
:10C920000190019800F038FB006802B080BD000063
:10C9300080B582B00190019800F03EFB006802B023
:10C9400080BD000080B584B0DDF818C0039102926C
:10C9500001930299019A069B04F080FB04B080BD0C
:10C9600080B584B0DDF818C003910292019302995A
:10C97000019A069B04F08EFB04B080BD81B000904C
:10C980000098006801B0704781B00090009800687E
:10C9900001B0704780B584B00290019102980068A0
:10C9A0000390019903A801F0E7F9039804B080BD52
:10C9B00081B000900098006801B0704781B000908D
:10C9C0000098006801B0704780B584B00290019172
:10C9D000029800680390019903A801F0E7F9039811
:10C9E00004B080BD80B582B00190019807F080FB53
:10C9F00002B080BD80B584B003900398029000F02F
:10CA0000DFF828B1FFE7029800F036F8019004E063
:10CA1000029800F041F80190FFE7019804B080BD52
:10CA200082B00190009102B07047000080B582B0E2
:10CA30000190019800F086FA806820F0004002B072
:10CA400080BD000080B582B00190019800F07AFAB4
:10CA5000406802B080BD000080B582B001900198AE
:10CA600000F070FAC07A00F07F0002B080BD0000D4
:10CA700081B0009001B0704780B582B001900198FC
:10CA800000F060FA006802B080BD000082B0019042
:10CA9000009102B07047000080B582B0019001980B
:10CAA00000F050FA03F08CFC02B080BD82B001901F
:10CAB00046F2AF20C0F6010004F07CFB80B582B0E6
:10CAC00001900198FFF796FF01F0BCF902B080BD1C
:10CAD00080B584B003900398029000F071F828B1FB
:10CAE000FFE70298FFF7AEFF019004E00298FFF71E
:10CAF000B3FF0190FFE7019804B080BD80B582B01C
:10CB000001900198FFF7DAFF02B080BD80B582B0D6
:10CB100001900198FFF7DCFFB0FA80F0400902B005
:10CB200080BD000080B582B00190019800F012FA3B
:10CB300002B080BD80B584B003900398029000F0ED
:10CB40003FF828B1FFE70298FFF770FF019002E07D
:10CB50000B200190FFE70198013804B080BD000070
:10CB600080B586B004900498FFF7DCFF03F0A2FDC7
:10CB700003900398019003F00BFC01460198B0EB81
:10CB8000510F04D8FFE703980838059015E00020FE
:10CB90008DF80B009DF80B00C00720B1FFE703984C
:10CBA0000838009006E003996FF0070000EB510091
:10CBB0000090FFE700980590FFE7059806B080BD5C
:10CBC00080B582B00190019800F0BCF9C07AC0092C
:10CBD00002B080BD80B584B003900398029000F04D
:10CBE0008BF828B1FFE7029800F03CF8019004E0D0
:10CBF000029800F041F80190FFE7019804B080BD71
:10CC000082B00190009102B07047000080B582B000
:10CC10000190019800F0A8F9806820F0004002B06F
:10CC200080BD000080B582B00190019800F09CF9B1
:10CC3000406802B080BD000080B582B001900198CC
:10CC400000F092F9C07A00F07F0002B080BD0000D1
:10CC500081B0009001B0704782B00190009102B0A5
:10CC60007047000080B582B00190019800F07CF917
:10CC7000006802B080BD000080B582B001900198CC
:10CC800000F072F903F09CFB02B080BD46F2AF20C9
:10CC9000C0F6010004F08EFA80B582B001900198D0
:10CCA000FFF798FF01F0CEF802B080BD80B584B0E8
:10CCB00003900398029000F01FF828B1FFE7029854
:10CCC000FFF7B0FF019004E00298FFF7B5FF019075
:10CCD000FFE7019804B080BD80B582B00190019853
:10CCE000FFF7DAFF02B080BD80B582B001900198F5
:10CCF00000F042F902B080BD80B582B00190019889
:10CD000000F032F9C07AC00902B080BD81B0009055
:10CD10000098006801B0704781B0009000980068EA
:10CD200001B0704781B000900098006801B0704772
:10CD300081B000900098006801B0704780B582B063
:10CD40000190019800F0E0F801F0B6F802B080BD63
:10CD500080B582B00190019800F0D6F801F0ACF8EF
:10CD600003F040FB02B080BD80B582B00190019815
:10CD7000009000F02BF8009900688968401A801034
:10CD800002B080BD81B00090009841688068401A70
:10CD9000801001B07047000081B000900098416899
:10CDA0008068401AB0FA80F0400901B07047000076
:10CDB00080B582B001900198009000F007F80099CA
:10CDC00000680968401A801002B080BD80B582B04A
:10CDD000019001980C3000F0F7F802B080BD00001F
:10CDE00080B582B001900198009000F007F800999A
:10CDF00000680968401A801002B080BD80B582B01A
:10CE0000019001980C3000F0E7F802B080BD0000FE
:10CE100080B582B001900198009000F02BF8009945
:10CE200000688968401A801002B080BD81B000900F
:10CE3000009841688068401A801001B07047000077
:10CE400081B00090009841688068401AB0FA80F084
:10CE5000400901B07047000080B582B00190019890
:10CE6000009000F007F8009900680968401A8010E7
:10CE700002B080BD80B582B0019001980C3000F006
:10CE8000B3F802B080BD000080B582B00190019877
:10CE9000009000F007F8009900680968401A8010B7
:10CEA00002B080BD80B582B0019001980C3000F0D6
:10CEB000A3F802B080BD000080B582B00190019857
:10CEC000009000F007F8009900680968401A02B065
:10CED00080BD000080B582B0019001980C3000F058
:10CEE000A3F802B080BD000081B0009000980068F7
:10CEF00001B0704780B582B001900198FFF7F4FF50
:10CF0000103002B080BD000080B582B00190019861
:10CF1000FFF7EAFF103003F059FA02B080BD0000BD
:10CF200081B000900098406801B0704781B00090D7
:10CF30000098406801B0704781B000900098806808
:10CF400001B0704780B582B00190019800F0A2F95D
:10CF500002B080BD80B582B0019001980C3000F025
:10CF6000ABF902B080BD000080B582B0019001989D
:10CF700000F096F902B080BD80B582B001900198B2
:10CF800000F0A0F902B080BD80B582B00190019898
:10CF900000F08CF902B080BD80B582B0019001989C
:10CFA00000F09CF902B080BD80B582B0019001987C
:10CFB00000F09AF902B080BD80B582B0019001986E
:10CFC00000F098F902B080BD80B582B00190019860
:10CFD00000F096F902B080BD80B582B00190019852
:10CFE00000F08EF902B080BD80B582B0019001984A
:10CFF00000F08CF902B080BD80B582B0019001983C
:10D0000000F084F902B080BD80B582B00190019833
:10D0100000F082F902B080BD80B582B00190019825
:10D0200000F056F902B080BD80B582B00190019841
:10D0300000F072F902B080BD80B582B00190019815
:10D0400000F070F902B080BD80B582B00190019807
:10D0500000F068F902B080BD80B582B001900198FF
:10D0600000F00CF802B080BD81B00090009801681B
:10D0700040680844013801B07047000081B000905A
:10D08000009908684968084401B0704781B0009071
:10D090000098006801B0704781B000900098406827
:10D0A00001B0704780B582B00190019800F012F88D
:10D0B00002B080BD81B0009000984068B0FA80F066
:10D0C000400901B07047000081B0009000980068EE
:10D0D00001B0704781B000900098006801B07047BF
:10D0E00080B58AB00290099108920793099803903D
:10D0F00008990491FFF7D0FF01460498884206D9A9
:10D10000FFE746F27900C0F6010004F05AF80398F0
:10D11000FFF7BCFF01460398089A11440191FFF7FD
:10D12000BBFF0899401A059007A805A904F08EFED8
:10D13000019902460298126803F04AFEFFE70AB01E
:10D1400080BD000080B58EB00D920C910B900B98B5
:10D150000490FFF7A1FF09900CA80590FFF79CFF32
:10D16000089009A808A904F071FE0146049809680E
:10D170000A91FFF78BFF014605980691FFF786FF9E
:10D18000014606980A9A00F043FE0790079810BBE4
:10D19000FFE70498FFF780FF03900CA8FFF77CFFE0
:10D1A00001460398884203D1FFE7002002900FE078
:10D1B0000498FFF771FF01900CA8FFF76DFF01992C
:10D1C00002460120914238BF4FF0FF300290FFE746
:10D1D00002980790FFE707980EB080BD82B00190DB
:10D1E0000091019800680099084402B0704700005F
:10D1F00080B586B00590049103920598029004983A
:10D2000001900398FFF7EEFB01990246029800F0A7
:10D21000D3F806B080BD000080B584B003900291C1
:10D220000192039800900298FFF7DCFB01460098FA
:10D23000019A00F0C1F804B080BD000080B584B050
:10D24000DDF818C00391029201930299019A069B9E
:10D2500004F05CFC04B080BD80B584B0DDF818C07B
:10D260000391029201930299019A069B04F06AFCD1
:10D2700004B080BD81B000900098006801B0704794
:10D2800080B582B001900198FFF7F4FF103002B032
:10D2900080BD000081B00090009801B07047000090
:10D2A00081B00090009801B07047000081B00090FC
:10D2B000009801B07047000081B00090009801B064
:10D2C0007047000081B00090009801B070470000E6
:10D2D00081B00090009801B07047000081B00090CC
:10D2E000009801B07047000081B00090009801B034
:10D2F0007047000081B00090009801B070470000B6
:10D3000081B00090009801B07047000081B000909B
:10D31000009801B07047000081B00090009801B003
:10D320007047000081B00090009801B07047000085
:10D3300080B584B00290029800F090F901900199B4
:10D3400003A803F02FFF039804B080BD80B582B01E
:10D3500000900098FFF7ECFF0190019802B080BDAB
:10D3600080B582B0019003F013F8000902B080BDCF
:10D3700081B000900098006801B0704780B582B01D
:10D38000019003F005F8800802B080BD80B582B03E
:10D39000019002F0FDFF02B080BD401AB0FA80F0AB
:10D3A00040097047081AB0FA80F040097047081A1F
:10D3B000B0FA80F04009704780B588B007900691B8
:10D3C00005920699086849680491039005990868D0
:10D3D00049680291019003980499019A029B07F011
:10D3E00043F908B080BD000081B00090082001B072
:10D3F0007047000081B000904FF4005001B07047BA
:10D4000080B584B0039003980290FFF7BBFC18B975
:10D41000FFE70020019009E00298FFF7B3FC014606
:10D420004FF0FF3000EBC1000190FFE7019804B01E
:10D4300080BD000080B584B0039003980090FFF792
:10D44000DFFF0146009802910169019100F036F872
:10D450000199024602981144401A04B080BD0000B0
:10D4600081B000900098006901B0704782B00190CF
:10D47000009102B07047000081B0009001B0704789
:10D4800080B582B001900198FFF7EAFFC00802B0B2
:10D4900080BD000083B0029001918DF8032003B09D
:10D4A0007047000083B002900191009203B0704772
:10D4B00082B00190009102B07047000080B582B048
:10D4C0000190019800F010F8006802B080BD0000E3
:10D4D00080B582B001900198FFF7F0FFB0FA80F0BC
:10D4E000400902B080BD000080B582B00190019873
:10D4F0001430FFF7A9FD02B080BD000080B584B0F4
:10D50000039003980290FFF791FC18B9FFE7002001
:10D51000019009E00298FFF789FC01464FF0FF30C7
:10D5200000EBC1000190FFE7019804B080BD00004E
:10D5300080B584B0039003980090FFF7DFFF0146A9
:10D54000009802914169019100F036F80199024674
:10D5500002981144401A04B080BD000081B00090D0
:10D560000098406901B0704782B00190009102B00C
:10D570007047000081B0009001B0704780B582B064
:10D5800001900198FFF7EAFFC00802B080BD0000DB
:10D5900083B0029001918DF8032003B07047000022
:10D5A00083B002900191009203B0704782B0019065
:10D5B000009102B07047000080B582B001900198E0
:10D5C00000F010F8006802B080BD000080B582B0A5
:10D5D00001900198FFF7F0FFB0FA80F0400902B027
:10D5E00080BD000080B582B0019001981830FFF72F
:10D5F00023FD02B080BD000080B582B0019001988B
:10D60000FFF766FF02B080BD80B582B0019001983F
:10D61000FFF7DCFF02B080BD83B002900191009261
:10D6200001980168009802680020914238BF0120EB
:10D6300003B0704780B582B0019001980430FFF7C5
:10D64000A3FC02F0C9FE02B080BD000080B582B02C
:10D6500001900198FFF7EEFF02B080BD80B582B067
:10D6600000900098FFF7E6FF014601A803F0E2FDF5
:10D67000019802B080BD000080B582B00190019891
:10D68000FFF7D8FF006802B080BD000080B584B00D
:10D6900002900191019903A800F066FB039804B081
:10D6A00080BD000080B588B0069005910698019075
:10D6B00000F07AF8049005980499884203D9FFE7AE
:10D6C000019800F025F8019800F060F803900398A5
:10D6D0000499B0EB510F03D3FFE70498079009E0DA
:10D6E00003984000029002A805A904F08FFB00688F
:10D6F0000790FFE7079808B080BD000082B0019056
:10D70000009102B07047000081B0009001B07047F6
:10D7100082B0019046F2FA20C0F6010003F04AFD03
:10D7200080B582B0009000984168FFF7AFFF01908C
:10D73000019802B080BD000081B00090009801689F
:10D740004068401A01B0704780B582B000900098E0
:10D750000168FFF79BFF0190019802B080BD0000B7
:10D7600081B00090009908684968401AB0FA80F0CA
:10D77000400901B07047000080B582B00190019867
:10D780000830FFF749FC02B080BD000080B582B0D0
:10D7900001900198009000F01BF80099006809685A
:10D7A000401A02B080BD000080B584B00390039899
:10D7B000FFF7E2FF03F04AF8029002F0E5FD019066
:10D7C00002A801A904F042FB006804B080BD00007B
:10D7D00080B582B0019001980830FFF715FC02B0C7
:10D7E00080BD000080B582B001900091019869462B
:10D7F000FFF766F802B080BD80B582B00190019855
:10D80000FFF76AF802B080BD81B0009041F68170E8
:10D81000C0F2F81001B0704781B0009046F2666027
:10D82000C0F2666001B0704781B000906FF0404078
:10D8300001B0704781B000904FF0FF3001B07047E9
:10D8400080B584B00390029102A803A906F01EFFE0
:10D8500004B080BD80B584B00390029102A803A9F2
:10D8600006F026FF04B080BD83B0019000910098BF
:10D870000199401A03B0704783B00190009100985D
:10D880000199401A03B0704781B0009000980028B9
:10D8900018BF012001B0704781B00090012001B095
:10D8A0007047000080B584B002900191029800900A
:10D8B0000390019A11685268426001600199896879
:10D8C00081600199C968C160C068006848B1FFE71C
:10D8D0000098C0680168019800688847009908604E
:10D8E000FFE7039804B080BD80B586B00490039133
:10D8F000049801900590083000F090F800F0E6F8E8
:10D900000199C86003980068FFF7BEFF78B1FFE790
:10D9100000F070F8019902900298886000F0ECF82D
:10D9200001460198C160039900F0AEF8FFE7059841
:10D9300006B080BD80B584B002900298019003903B
:10D94000C068406830B1FFE701990868C968496854
:10D950008847FFE7039804B080BD000080B586B01B
:10D9600004900391049801900590083000F082F82B
:10D9700000F0ACF80199C8600398FFF78DFF78B10B
:10D98000FFE700F063F8019902900298886000F0C8
:10D99000B9F801460198C160039900F089F8FFE7E2
:10D9A000059806B080BD000080B584B00290029852
:10D9B00001900390C068406830B1FFE701990868A2
:10D9C000C96849688847FFE7039804B080BD000034
:10D9D00080B584B00390029103980190019802A948
:10D9E00000F05CF804B080BD82B00190009103F0BB
:10D9F00085FF000080B582B04DF6D111C0F6000160
:10DA000001A800F003F8019802B080BD82B0019037
:10DA1000009101980099016002B0704781B00090B8
:10DA200000984DF6E911C0F60001016001B07047A1
:10DA300080B582B0019001980090009800F03EF807
:10DA400002B080BD82B0019003F058FF80B582B073
:10DA50004DF63121C0F6000101A800F003F801984D
:10DA600002B080BD82B001900091019800990160E0
:10DA700002B0704781B0009000984DF64521C0F685
:10DA80000001016001B0704782B0019000910198DF
:10DA900000990968016002B07047000080B582B04B
:10DAA000019000910198009904F068F802B080BDDF
:10DAB00082B001900091019802B0704780B582B0A9
:10DAC0000190019804F064F802B080BD45F6F07052
:10DAD000C0F601007047000081B046F20000C0F6B9
:10DAE000010001B07047000081B046F21000C0F69E
:10DAF000010001B07047000080B582B0FFF7ECFF75
:10DB000002B080BD80B582B0FFF7EEFF02B080BDED
:10DB100081B00090FFE70098406820B1FFE70098CF
:10DB200040680090F7E7009801B0704781B000901E
:10DB3000FFE70098006820B1FFE7009800680090B8
:10DB4000F7E7009801B0704780B584B00390029168
:10DB50000192FFE703A802A906F0F6FD78B1FFE7FE
:10DB60000198009003A8FEF729FF01460098097864
:10DB700008440190FFE703A800F022F9EAE70198C2
:10DB800004B080BD80B582B00190019802F058FFCA
:10DB900002B080BD80B586B00590049105980190D3
:10DBA00002F046FF01460198096803910499029129
:10DBB00002F03EFF014602980860039838B1FFE783
:10DBC000019802F03DFF039903F07CFDFFE706B0EA
:10DBD00080BD000080B584B003900398019002F0EE
:10DBE00027FF014601980968029102F021FF0146D2
:10DBF00000200860029804B080BD000080B584B0A9
:10DC000003900291019203980090019A02A902F0F8
:10DC100021FF009804B080BD80B582B001900198CA
:10DC200000900021FFF7B6FF009802B080BD000011
:10DC300080B586B0059004910598019002F0D4FE5D
:10DC400001460198096803910499029102F0CCFE03
:10DC5000014602980860039838B1FFE7019802F086
:10DC6000CBFE039903F02EFBFFE706B080BD00005A
:10DC700080B584B003900398019002F0B5FE014690
:10DC800001980968029102F0AFFE01460020086089
:10DC9000029804B080BD000080B584B0039002916A
:10DCA000019203980090019A02A902F0AFFE009839
:10DCB00004B080BD80B582B0019001980090002131
:10DCC000FFF7B6FF009802B080BD000080B586B0B7
:10DCD000059004910598019002F0CEFE014601984E
:10DCE000096803910499029102F0C6FE0146029868
:10DCF0000860039838B1FFE7019802F0C5FE039968
:10DD000003F0C8FAFFE706B080BD000080B584B01C
:10DD100003900398019002F0AFFE01460198096854
:10DD2000029102F0A9FE014600200860029804B0AA
:10DD300080BD000080B584B00390029101920398E9
:10DD40000090019A02A902F0A9FE009804B080BDDB
:10DD500080B582B00190019800900021FFF7B6FFD6
:10DD6000009802B080BD000082B00190009101983F
:10DD70000099016002B0704782B001900091019853
:10DD8000009A01681144016002B0704781B00090B0
:10DD9000009801680131016001B0704782B00190C4
:10DDA000009101980099016002B0704782B0019023
:10DDB00000910198009A01681144016002B0704717
:10DDC00081B00090009801680131016001B0704796
:10DDD00080B584B003900291019203980299019A50
:10DDE00003F028F9039804B080BD000082B00190D0
:10DDF0000091009800780199087002B07047000007
:10DE000080B582B00190019803F00AF802B080BD9D
:10DE100080B584B003900291019203980299019A0F
:10DE2000F2F783FB04B080BD80B582B00190019809
:10DE300004F0D2FA02B080BD81B00090009801B029
:10DE40007047000081B00090009801B0704700005A
:10DE500081B00090009801B07047000080B582B09A
:10DE60000190019803F052F902B080BD80B582B0F4
:10DE70000190019803F056F902B080BD81B0009086
:10DE8000009801B07047000081B00090009801B088
:10DE90007047000081B00090009801B0704700000A
:10DEA00081B00090009801B07047000081B00090F0
:10DEB000009801B07047000080B582B001900198D1
:10DEC00006F01EF902B080BD81B0009000980730C6
:10DED00020F0070001B0704780B584B00390029134
:10DEE00003980190FEF76CFE28B1FFE701980299B4
:10DEF00000F062F804E00198029900F071F8FFE781
:10DF000004B080BD80B584B0029002980A2803D87E
:10DF1000FFE70A20039012E00820019002980130E8
:10DF2000FFF7D2FF0138009000980B2804D1FFE7DB
:10DF3000009801300090FFE700980390FFE70398F6
:10DF400004B080BD81B00090009900200B2938BF3B
:10DF5000012001B07047000080B584B003900398A1
:10DF60000290FEF72DFE28B1FFE7029800F056F868
:10DF7000019004E0029800F017F90190FFE7019882
:10DF800004B080BD80B584B00390029103980190E5
:10DF90000299009102F084FC009B0246019891686E
:10DFA00063F31E01916002F07BFC0146886840F03B
:10DFB0000040886004B080BD80B584B003900291B9
:10DFC00003980299019102F06BFC014601984860A8
:10DFD00004B080BD82B00190009102B07047000093
:10DFE00080B584B003900291039801909DF80810C9
:10DFF000009102F055FC009B02460198D17A03F093
:10E000007F0301F080011944D17202F049FC0146FE
:10E01000C87A00F07F00C87204B080BD80B582B0BD
:10E020000190019802F03CFC006802B080BD000045
:10E0300080B584B00390029103980299019102F097
:10E040002FFC01460198086004B080BD80B58EB0F9
:10E050000D900C910D980290FEF70AFD0298FEF7C4
:10E0600069FD014602980B91FEF732FD0A900C986B
:10E07000FFF768FF80B1FFE7029801218DF81F10BC
:10E0800000218DF81E1000F08FF8014602980991CA
:10E09000FFF7C4FF089047E00C980B9988420FD90E
:10E0A000FFE7029800F078FA01460C98421C05A898
:10E0B00002F068FF05980990069801380C9020E05E
:10E0C000029800F069FA01460C98421C03A802F07D
:10E0D00059FF049801380C9988420CD9FFE702983F
:10E0E00000F05AFA0399049A02F0D8FA02980A99B1
:10E0F000FEF796FC55E003980990049801380C90BF
:10E10000FFE709980C990131FFF764FF029801219C
:10E110008DF81E10FEF754FD014602988DF81F1071
:10E12000FFF71AFF0890FFE70998FFF7B9FE019083
:10E130000898FFF7B5FE014602980091FEF7C8FC6B
:10E140000099024601980132FFF742FE9DF81F0038
:10E15000C00748B1FFE7029800F01EFA08990B9A31
:10E16000013202F09BFAFFE79DF81E00C00770B174
:10E17000FFE702980C990131FFF704FF02980A9912
:10E18000FFF71AFF02980999FFF752FF04E002987F
:10E190000A99FFF725FFFFE702980A99FEF740FC6E
:10E1A000FFE70EB080BD000080B582B001900198FD
:10E1B00002F076FB02F01CF902B080BD80B592B08F
:10E1C000DDF85CC0DDF858C0DDF854C0DDF850C0A3
:10E1D000119010910F920E9311980390FEF7C0FCCE
:10E1E0000D900F980D9A1099C9431144884203D994
:10E1F000FFE70398FEF75AFC0398FFF7ADFE0C907B
:10E2000010980D9A6FF0070101EB5201884210D26D
:10E21000FFE710980F9908440A9010984000099061
:10E220000AA809A903F0F2FD0068FFF76BFE02904F
:10E2300003E00D9801380290FFE7039802990B91D3
:10E24000FEF716FC039800F0A7F901460B98421C54
:10E2500007A802F097FE0798069006980899FFF71E
:10E26000B9FE149868B1FFE70698FFF719FE019010
:10E270000C98FFF715FE01460198149AFFF7A8FDC8
:10E28000FFE7169850B1FFE70698FFF709FE1499CB
:10E2900008441799169AFFF79BFDFFE70E9815990A
:10E2A000401A1499401A05900598A8B1FFE70698FE
:10E2B000FFF7F6FD149908441699084400900C984D
:10E2C000FFF7EEFD01460098149A1144159A114487
:10E2D000059AFFF77DFDFFE710980A2809D0FFE7B0
:10E2E000039800F059F90C99109A013202F0D6F90E
:10E2F000FFE703980699FFF79BFE03980899FFF73D
:10E3000041FE03981499169A1144059A11440E91EE
:10E310000E99FFF751FE06980E99084400218DF8DA
:10E3200013100DF11301FFF761FD03980E99FEF72D
:10E3300077FB12B080BD0000B0B588B0DDF838C002
:10E34000DDF834C0DDF830C00790069105920493E3
:10E35000079803900699059A049BDDF830C00D9C40
:10E360000E9DEE46CEF80850CEF80440CEF800C020
:10E3700000F058F9039804990D9A891A0E9A1144DD
:10E38000FFF71AFE039804990D9A891A0E9A114400
:10E39000FEF746FB08B0B0BD80B58AB00990089181
:10E3A0000792099803900798FFF7CCFD50B1FFE75B
:10E3B0000398FFF7F9FE0146039806910799FFF7C6
:10E3C0000FFE2BE0039807990291FEF7C9FB014667
:10E3D0000298884203D9FFE70398FEF767FB03988A
:10E3E00000F0DAF801900798FFF78CFD0199421CC4
:10E3F00004A802F0C7FD0498069006980599FFF757
:10E40000E9FD03980699FFF713FE03980599FFF7B6
:10E41000B9FD03980799FFF7CFFDFFE70698FFF7CF
:10E420003FFD0899079A0132FFF7D2FC039807993C
:10E43000FEF7F6FA0AB080BD80B58AB0099008915F
:10E4400007920998019007990291FEF789FB01460E
:10E450000298884203D9FFE70198FEF727FB079847
:10E46000FFF770FD48B1FFE701980799FFF7B8FD86
:10E470000198FFF799FE06901EE0019800F08CF8D5
:10E4800000900798FFF73EFD0099421C04A802F097
:10E4900079FD0498069006980599FFF79BFD019871
:10E4A0000699FFF7C5FD01980599FFF76BFD0198E7
:10E4B0000799FFF781FDFFE70698FFF7F1FC089940
:10E4C000079AFFF785FC06980799084400218DF804
:10E4D0000F100DF10F01FFF789FC01980799FEF766
:10E4E0009FFA0AB080BD000010B58CB00B900A9165
:10E4F00009920B980490FEF71DFB014604980891C1
:10E50000FEF7E6FA079008980799401A0999884299
:10E5100028D3FFE7099820B3FFE704980999FEF78D
:10E52000B5FA0498FFF718FDFFF7BAFC06900698B5
:10E53000079908440A99099AFFF74AFC0498099A2E
:10E540000799114407910799FFF7C6FC06980799A8
:10E55000084400218DF817100DF11701FFF746FC54
:10E56000FFE716E004980899079BDDF824E003EB29
:10E570000E02521A0A9CEC46CCF80C40CCF808E08B
:10E580004FF0000ECCF804E0CCF80030FFF716FE98
:10E59000FFE704980CB010BD80B582B001900198DF
:10E5A00002F086F902B080BD80B588B00790069170
:10E5B0000798029006990391FEF7D2FA0146039854
:10E5C000884203D9FFE70298FEF770FA029806998D
:10E5D0000191FEF7AFFA01460198884201D8FFE7A2
:10E5E0001EE00298FEF774FA049006A804A903F04E
:10E5F0000DFC006805900598FFF784FC0146029821
:10E60000059105990091FEF795FA01460098884218
:10E6100001D1FFE704E002980599FFF717FDFFE736
:10E6200008B080BD80B592B0DDF858C0DDF854C0A8
:10E63000DDF850C0119010910F920E931198049034
:10E64000FEF78EFA0D900F980D99109A891A88424C
:10E6500003D9FFE70498FEF729FA0498FFF77CFC3A
:10E660000C9010980D9A6FF0070101EB520188424F
:10E6700010D2FFE710980F9908440A9010984000B4
:10E6800009900AA809A903F0C1FB0068FFF73AFC4A
:10E69000039003E00D9801380390FFE70498039975
:10E6A0000B91FEF7E5F90498FFF776FF01460B980A
:10E6B000421C07A802F066FC079806900698089985
:10E6C000FFF788FC149868B1FFE70698FFF7E8FBAE
:10E6D00002900C98FFF7E4FB01460298149AFFF7AA
:10E6E00077FBFFE70E981599401A1499401A059088
:10E6F0000598A8B1FFE70698FFF7D2FB14990844E4
:10E700001699084401900C98FFF7CAFB014601983E
:10E71000149A1144159A1144059AFFF759FBFFE723
:10E7200010980A2809D0FFE70498FFF735FF0C99E5
:10E73000109A013201F0B2FFFFE704980699FFF743
:10E7400077FC04980899FFF71DFC12B080BD00000B
:10E7500080B58CB00B908DF82B100B980590FEF7C0
:10E760002FFA80F001008DF82A009DF82A00C007DA
:10E7700038B1FFE705980A210991FEF76DF9089075
:10E780000AE00598FEF752F901460598013909910A
:10E79000FEF758F90890FFE708980999884219D1BF
:10E7A000FFE705980999089B6A464FF0000CCDF8E1
:10E7B00010C0C2F808C0C2F804C01360012203925E
:10E7C000FFF7BAFD05980399FEF760F904988DF8F4
:10E7D0002A0004E005980121FEF758F9FFE70598A3
:10E7E000FFF7BAFB07909DF82A00C00768B1FFE762
:10E7F0000598FFF7D9FC01460598089A114407913E
:10E8000008990131FFF7ECFB0CE00598FFF706FCD7
:10E8100001460598089A1144079108990131FFF7BC
:10E82000CBFBFFE707980DF12B01FFF7DFFA079805
:10E830000130079000218DF81B100DF11B01FFF72F
:10E84000D5FA0CB080BD000080B586B0059004916B
:10E850000392029305980090029A0DF1070102F0CD
:10E8600053F800980499039AFFF7E6FD009806B064
:10E8700080BD000080B584B00390029103980090A1
:10E88000029A0DF1070102F02DF800980021FEF721
:10E89000C7F8009804B080BD80B584B00390039899
:10E8A00001900DF10B010DF10A0202F00BF8019835
:10E8B0000021FEF7B5F8019804B080BD80B588B09E
:10E8C000069005910492069802900790049A0DF123
:10E8D0000F0102F019F80598FEF772F9E8B9FFE7A1
:10E8E0000598FEF72FFB01460298019101F0D8FF31
:10E8F000DDF804C002460298DCF80010DCF80430B1
:10E90000DCF808C0C2F808C053601160FEF7A4F834
:10E9100001460298FEF784F80EE00598FEF7ACF881
:10E92000FFF790FA00900598FEF78CF800990246E0
:10E930000298FFF731FDFFE7079808B080BD00009F
:10E9400080B586B00490049803900590FEF790F887
:10E950000398FEF735F998B1FFE70398FFF71CFE1F
:10E96000014603980291FFF759FB01460398019174
:10E97000FEF75CF801990246029801F08FFEFFE76E
:10E98000059806B080BD000080B58AB00890079158
:10E9900008980490FEF75CF90498FEF7ADF998B179
:10E9A000FFE7049800F000F901460498039100F095
:10E9B00081F8014604980291FEF728F9029902466F
:10E9C000039801F01DFFFFE70798FEF76FF9069027
:10E9D0000798FEF791F90146049881F001018DF83E
:10E9E0001710079900F07AF8079801F09FFF014689
:10E9F0000498009101F09AFF009B014618685A683C
:10EA00009B688B604A60086007980021019100F0C4
:10EA100033F8079800F058F801998DF816100DF1A9
:10EA20001601FFF7E3F99DF81700C00750B1FFE7A3
:10EA300004980799884205D0FFE707980699FEF7E2
:10EA40000BF904E007980021FEF7DAF8FFE70498D5
:10EA5000FEF752F968B9FFE704990798884208D091
:10EA6000FFE70498FEF7E8F801460498FEF7C8F8B7
:10EA7000FFE70AB080BD000080B584B0039002912A
:10EA8000039801909DF80810009101F04FFF009B42
:10EA900002460198D17A03F07F0301F08001194406
:10EAA000D17201F043FF0146C87A00F07F00C872BE
:10EAB00004B080BD80B582B00190019801F036FFAE
:10EAC000006802B080BD000080B582B0019001985E
:10EAD00001F02CFF01F08CFC02B080BD80B584B049
:10EAE000039002910398029900F002F804B080BDEF
:10EAF00080B584B00290019102980090019800F0D6
:10EB000053F8009800F050F804B080BDF0B581B023
:10EB100015460C460A2A064601D8F57211E04FF652
:10EB2000F870C7F6FF70854212D245F00700471C07
:10EB3000384607F019F847F00041C6E90005B16012
:10EB400006466A1C30462146F1F77FFD01B0F0BD54
:10EB50003046FEF79BF8F0B581B00E464FF6F871DF
:10EB6000C7F6FF718A4205461AD214460B2A02D212
:10EB7000EC7264B910E044F00700471C384606F018
:10EB8000F3FF47F00041C5E90004A96005462846A7
:10EB900031462246F1F759FD0020285501B0F0BD5D
:10EBA0002846FEF773F8000080B582B00190019806
:10EBB00001F0C4FE02B080BD70B50D464FF6F8718D
:10EBC000C7F6FF718D42044614D20A2D05D80020E5
:10EBD000C4E90000A060E5720AE045F00700461CA9
:10EBE000304606F0C1FF46F00041C4E90005A160CF
:10EBF000204670BD2046FEF749F8000080B586B07B
:10EC0000059004910392059801900DF10B010DF10F
:10EC10000A0201F0BBFE01980499039AFFF79BFFDB
:10EC2000019806B080BD000080B584B003900398C1
:10EC300001900DF10B010DF10A0201F087FE019820
:10EC40000021FDF7DDFF019804B080BD2DE9F04102
:10EC5000044608468846F1F794FC05464FF6F870DE
:10EC6000C7F6FF7085421BD20B2D03D22746E572F3
:10EC700065B910E045F00700461C304606F074FF09
:10EC8000074646F00040C4E90075A060384641469A
:10EC90002A46F1F7DAFC002120467955BDE8F081DB
:10ECA0002046FDF7F3FF000080B588B0069005917F
:10ECB0000698039007900598FEF716F801F0ACFD52
:10ECC00003980DF113010DF1120201F04FFE0598AA
:10ECD000FEF712F8E8B9FFE70598FEF745F9014697
:10ECE0000398029101F022FEDDF808C00246039865
:10ECF000DCF80010DCF80430DCF808C0C2F808C00A
:10ED000053601160FDF798FF01460398FDF778FF07
:10ED10000EE00598FDF7A6FFFFF794F8019005981F
:10ED2000FDF780FF019902460398FFF7EFFEFFE72A
:10ED3000079808B080BD10B5044690F90B00B0F1FB
:10ED4000FF3F05DCA168206821F0004105F02AFFA3
:10ED5000204610BD80B584B00390029103980090C6
:10ED60000299FFF711FE009804B080BD80B582B013
:10ED7000019000910198009902F0A6F802B080BDC0
:10ED800080B582B0019000910198009902F0B6F828
:10ED900002B080BD80B582B00190009101980099C9
:10EDA00002F0C6F802B080BD80B582B00190019833
:10EDB0000090009802F070F802B080BD80B582B07B
:10EDC000019001980090009802F06EF802B080BDAA
:10EDD00080B582B00190019802F06EF802B080BD5B
:10EDE00080B582B00190019802F080F802B080BD39
:10EDF00080B582B00190019802F092F802B080BD17
:10EE000080B582B00190019802F0A4F802B080BDF4
:10EE100080B586B00590049103920599049A039BEE
:10EE200001A801F0EBFA029806B080BD80B586B06B
:10EE30000590049103920599049A039B01A801F09F
:10EE4000E9FA029806B080BD82B001900091019865
:10EE50000099016002B0704781B00090009801688D
:10EE60000431016001B0704782B0019000910198B7
:10EE70000099016002B0704781B00090009801686D
:10EE80000431016001B0704782B001910090009898
:10EE90000199016002B0704780B582B0019001987D
:10EEA000009001F0DBFA009802B080BD80B582B01E
:10EEB0000190009101980099FFF758FF02B080BDC2
:10EEC00080B582B00190009101980099FFF758FF3A
:10EED00002B080BD80B596B0159014911598089039
:10EEE0000168406888427CD1FFE7089881680791F3
:10EEF00000F0ECF801460798096888421ED2FFE747
:10EF0000089800F0E3F8089900688A68801A801071
:10EF100013901398013000EBD070401013904868A4
:10EF20008968139A01EB8202FFF772FF0899486023
:10EF3000139A886800EB8200886051E0089800F01E
:10EF4000C5F8089900680968401A4010119001201E
:10EF5000109011A810A902F059FF014608980968FD
:10EF600012911299019103318908029100F0A4F8DD
:10EF70000199029A03460BA8069000F0FBFB089843
:10EF800050F8041F03900AA8FFF75EFF089850F896
:10EF9000081F049009A8FFF757FF06980A99099AD5
:10EFA00000F0D0FA0898069903F094FA03980699AD
:10EFB000043103F08FFA04980699083103F08AFAB5
:10EFC000089800F083F801460698059100F030FBA0
:10EFD0000146059803F07EFA069800F005FCFFE76D
:10EFE000FFE7089800F068F801460898009140682B
:10EFF0000438FEF749FF01460098149A01F0F4FB2B
:10F00000089948680438486016B080BD80B584B05F
:10F01000039002910398029900F002F804B080BDB9
:10F0200080B586B00490039104980290FFE702999E
:10F030000398896888420FD0FFE7029800F03CF8F7
:10F0400002990190886804388860FEF71DFF014628
:10F05000019801F0ABFBEAE706B080BD80B584B053
:10F06000039002910398029900F002F804B080BD69
:10F0700083B00190009101990098486003B07047F7
:10F0800081B000900098806801B0704781B0009016
:10F090000098406801B0704780B582B00190019837
:10F0A0004168FFF7B3FF02B080BD000081B000905F
:10F0B0000098406801B0704780B582B00190019817
:10F0C0000C3001F005FD02B080BD000080B582B0BB
:10F0D000019001980C3001F0F3FC02B080BD0000FB
:10F0E00080B582B00190019841680431FFF7B6FF06
:10F0F00002B080BD80B596B0159014911598079018
:10F1000081680891FFF7E2FF014608980968884284
:10F1100073D1FFE707980168406888421BD9FFE771
:10F1200007990A684868801A801013901398013074
:10F1300000EBD0704010139048688968139AA0EBD8
:10F14000820203F0C3F807998860139A4868A0EB1D
:10F150008200486050E00798FFF7B8FF0799006801
:10F160000968401A401011900120109011A810A9B0
:10F1700002F04CFE0146079809681291129901911C
:10F1800089080291FFF798FF0199029A03460BA89C
:10F19000069000F0EFFA079850F8041F03900AA8B1
:10F1A000FFF752FE079850F8081F049009A8FFF7D0
:10F1B0004BFE06980A99099A00F0C4F90798069937
:10F1C00003F088F903980699043103F083F9049851
:10F1D0000699083103F07EF90798FFF777FF01469B
:10F1E0000698059100F024FA0146059803F072F99B
:10F1F000069800F0F9FAFFE7FFE70798FFF75CFFD2
:10F200000146079800918068FEF73EFE014600988F
:10F21000149A01F0DDFA079988680430886016B006
:10F2200080BD000080B596B0159014911598079098
:10F2300081680891FFF74AFF0146089809688842EB
:10F2400073D1FFE707980168406888421BD9FFE740
:10F2500007990A684868801A801013901398013043
:10F2600000EBD0704010139048688968139AA0EBA7
:10F27000820203F02BF807998860139A4868A0EB84
:10F280008200486050E00798FFF720FF0799006868
:10F290000968401A401011900120109011A810A97F
:10F2A00002F0B4FD01460798096812911299019184
:10F2B00089080291FFF700FF0199029A03460BA803
:10F2C000069000F057FA079850F8041F03900AA818
:10F2D000FFF7BAFD079850F8081F049009A8FFF738
:10F2E000B3FD06980A99099A00F02CF90798069937
:10F2F00003F0F0F803980699043103F0EBF8049852
:10F300000699083103F0E6F80798FFF7DFFE01469B
:10F310000698059100F08CF90146059803F0DAF89B
:10F32000069800F061FAFFE7FFE70798FFF7C4FED1
:10F330000146079800918068FEF7A6FD01460098F7
:10F34000149A01F051FA079988680430886016B061
:10F3500080BD000080B584B0039003980090002128
:10F360000160416081600C30029102A90DF1070239
:10F3700001F0B6FB009804B080BD000080B586B0F7
:10F380000490049803900590FFF786FE03980068A8
:10F3900080B1FFE70398FFF78FFE014603980291C3
:10F3A00001680191FDF704FD01990246029801F000
:10F3B000F1F9FFE7059806B080BD000080B596B072
:10F3C00015901491159808900168406888427CD186
:10F3D000FFE708988168079100F02AF9014607982D
:10F3E000096888421ED2FFE7089800F021F90899C1
:10F3F00000688A68801A801013901398013000EB1F
:10F40000D0704010139048688968139A01EB82020B
:10F41000FFF7FEFC08994860139A886800EB8200A9
:10F42000886051E0089800F003F9089900680968BD
:10F43000401A401011900120109011A810A902F05C
:10F44000E5FC01460898096812911299019103316F
:10F450008908029100F0E2F80199029A03460BA88C
:10F46000069000F087F9089850F8041F03900AA846
:10F47000FFF7EAFC089850F8081F049009A8FFF766
:10F48000E3FC06980A99099A00F05CF80898069936
:10F4900003F020F803980699043103F01BF8049850
:10F4A0000699083103F016F8089800F0C1F80146F3
:10F4B0000698059100F0BCF80146059803F00AF89B
:10F4C000069800F091F9FFE7FFE7089800F0A6F82A
:10F4D00001460898009140680438FEF7D5FC0146C3
:10F4E0000098149A01F074F9089948680438486043
:10F4F00016B080BD80B584B0039002910398029944
:10F5000000F002F804B080BD80B586B0049003918D
:10F5100004980290FFE702990398896888420FD007
:10F52000FFE7029800F07AF80299019088680438A1
:10F530008860FEF7A9FC0146019801F037F9EAE777
:10F5400006B080BD80B588B00791069205900598F9
:10F5500001900798049007980390069802900398EA
:10F56000029904F00BFE02460198049900F01CF881
:10F5700008B080BD83B00290019100920298019979
:10F580000968016001990968009A01EB82014160F4
:10F590000199816003B0704781B0009000980168C4
:10F5A0008268116001B0704780B58AB009910890F7
:10F5B00007920898039000F10801079A04A8FFF742
:10F5C000D9FFFFE704980599884218D0FFE7039810
:10F5D00000F024F802900498FEF756FC019009A868
:10F5E000FDF79AFB01990246029801F0FDF8FFE74A
:10F5F00004980430049009A8FFF72EFCE2E704A861
:10F60000FFF7CAFF0AB080BD80B582B001900198B3
:10F610004168FFF76FFF02B080BD000080B582B087
:10F62000019001980C3001F073FA02B080BD000027
:10F6300080B582B0019001980C3001F061FA02B0FF
:10F6400080BD000080B596B0159014911598079074
:10F6500081680891FFF7ECFF014608980968884225
:10F6600073D1FFE707980168406888421BD9FFE71C
:10F6700007990A684868801A80101390139801301F
:10F6800000EBD0704010139048688968139AA0EB83
:10F69000820202F01BFE07998860139A4868A0EB6B
:10F6A0008200486050E00798FFF7C2FF07990068A2
:10F6B0000968401A401011900120109011A810A95B
:10F6C00002F0A4FB01460798096812911299019172
:10F6D00089080291FFF7A2FF0199029A03460BA83D
:10F6E000069000F047F8079850F8041F03900AA806
:10F6F000FFF7AAFB079850F8081F049009A8FFF726
:10F70000A3FB06980A99099AFFF71CFF0798069928
:10F7100002F0E0FE03980699043102F0DBFE049843
:10F720000699083102F0D6FE0798FFF781FF0146DF
:10F7300006980591FFF77CFF0146059802F0CAFE86
:10F74000069800F051F8FFE7FFE70798FFF766FF1C
:10F750000146079800918068FEF796FB01460098E5
:10F76000149A01F041F8079988680430886016B04F
:10F7700080BD000080B58AB008900791069205937D
:10F780000898019009900C3000210491059A04A971
:10F7900001F0C8F9079820B9FFE701990020086037
:10F7A0000DE00198FFF73AFF0146079A02A801F021
:10F7B000F9FB01990298086003980790FFE7019808
:10F7C0000168069A01EB8201816041600168079A35
:10F7D00001EB82010091FFF72BFF014600980860C2
:10F7E00009980AB080BD000080B586B004900498E6
:10F7F00003900590FFF708FF0398006880B1FFE7CA
:10F800000398FFF70BFF01460398029101680191ED
:10F81000FDF7E6FA01990246029800F0BBFFFFE708
:10F82000059806B080BD000080B596B01590149183
:10F83000159808900168406888427CD1FFE70898D5
:10F840008168079100F0ECF8014607980968884242
:10F850001ED2FFE7089800F0E3F8089900688A686C
:10F86000801A801013901398013000EBD070401074
:10F87000139048688968139A01EB8202FFF7D6FA61
:10F8800008994860139A886800EB8200886051E00C
:10F89000089800F0C5F8089900680968401A4010F7
:10F8A00011900120109011A810A902F0AFFA0146A2
:10F8B00008980968129112990191033189080291FF
:10F8C00000F0A4F80199029A03460BA8069000F0F4
:10F8D00021FC089850F8041F03900AA8FFF7C4FA07
:10F8E000089850F8081F049009A8FFF7BDFA069879
:10F8F0000A99099A00F0F6FA0898069902F0FAFDBA
:10F9000003980699043102F0F5FD04980699083130
:10F9100002F0F0FD089800F083F801460698059182
:10F9200000F056FB0146059802F0E4FD069800F051
:10F930002BFCFFE7FFE7089800F068F801460898FD
:10F94000009140680438FEF7A5FA01460098149A21
:10F9500000F098FE089948680438486016B080BDE9
:10F9600080B584B0039002910398029900F002F8E8
:10F9700004B080BD80B586B00490039104980290D5
:10F98000FFE702990398896888420FD0FFE7029841
:10F9900000F03CF802990190886804388860FEF70E
:10F9A00079FA0146019800F057FEEAE706B080BDFB
:10F9B00080B584B0039002910398029900F002F898
:10F9C00004B080BD83B00190009101990098486017
:10F9D00003B0704781B000900098806801B0704714
:10F9E00081B000900098406801B0704780B582B047
:10F9F000019001984168FFF7B3FF02B080BD00009D
:10FA000081B000900098406801B0704780B582B026
:10FA1000019001980C3001F09FF802B080BD000009
:10FA200080B582B0019001980C3001F08DF802B0E1
:10FA300080BD000080B582B001900198416804311A
:10FA4000FFF7B6FF02B080BD80B596B01590149157
:10FA50001598079081680891FFF7E2FF0146089822
:10FA60000968884273D1FFE70798016840688842B7
:10FA70001BD9FFE707990A684868801A801013901D
:10FA80001398013000EBD0704010139048688968DB
:10FA9000139AA0EB820202F027FC07998860139A60
:10FAA0004868A0EB8200486050E00798FFF7B8FF75
:10FAB000079900680968401A4010119001201090C1
:10FAC00011A810A902F0A2F901460798096812913D
:10FAD0001299019189080291FFF798FF0199029A02
:10FAE00003460BA8069000F015FB079850F8041F7A
:10FAF00003900AA8FFF7B8F9079850F8081F049078
:10FB000009A8FFF7B1F906980A99099A00F0EAF9ED
:10FB10000798069902F0EEFC03980699043102F06A
:10FB2000E9FC04980699083102F0E4FC0798FFF715
:10FB300077FF01460698059100F04AFA01460598BC
:10FB400002F0D8FC069800F01FFBFFE7FFE70798DC
:10FB5000FFF75CFF0146079800918068FEF79AF96D
:10FB600001460098149A00F081FD079988680430D6
:10FB7000886016B080BD000080B596B015901491D5
:10FB80001598079081680891FFF74AFF0146089889
:10FB90000968884273D1FFE7079801684068884286
:10FBA0001BD9FFE707990A684868801A80101390EC
:10FBB0001398013000EBD0704010139048688968AA
:10FBC000139AA0EB820202F08FFB07998860139AC8
:10FBD0004868A0EB8200486050E00798FFF720FFDC
:10FBE000079900680968401A401011900120109090
:10FBF00011A810A902F00AF90146079809681291A4
:10FC00001299019189080291FFF700FF0199029A68
:10FC100003460BA8069000F07DFA079850F8041FE1
:10FC200003900AA8FFF720F9079850F8081F0490DE
:10FC300009A8FFF719F906980A99099A00F052F9EC
:10FC40000798069902F056FC03980699043102F0D1
:10FC500051FC04980699083102F04CFC0798FFF714
:10FC6000DFFE01460698059100F0B2F901460598BD
:10FC700002F040FC069800F087FAFFE7FFE70798DC
:10FC8000FFF7C4FE0146079800918068FEF702F96D
:10FC900001460098149A00F0F5FC07998868043032
:10FCA000886016B080BD000080B584B003900291DA
:10FCB0000398009000210160416081600C30019147
:10FCC000029A01A900F052FF009804B080BD000024
:10FCD00080B584B003900291039901910298006865
:10FCE0000860029840684860029880688860029ABC
:10FCF000D06812690A61C86002990020009008600B
:10FD000002994860029988600298FFF789FE00997D
:10FD100002460198116004B080BD000080B586B035
:10FD20000490049803900590FFF760FE0398006824
:10FD300080B1FFE70398FFF769FE0146039802913F
:10FD400001680191FDF788F801990246029800F0D8
:10FD500077FCFFE7059806B080BD000080B596B03F
:10FD600015901491159808900168406888427CD1DC
:10FD7000FFE708988168079100F02AF90146079883
:10FD8000096888421ED2FFE7089800F021F9089917
:10FD900000688A68801A801013901398013000EB75
:10FDA000D0704010139048688968139A01EB820262
:10FDB000FFF73CF808994860139A886800EB8200C6
:10FDC000886051E0089800F003F908990068096814
:10FDD000401A401011900120109011A810A902F0B3
:10FDE00015F801460898096812911299019103319A
:10FDF0008908029100F0E2F80199029A03460BA8E3
:10FE0000069000F087F9089850F8041F03900AA89C
:10FE1000FFF72AF8089850F8081F049009A8FFF780
:10FE200023F806980A99099A00F05CF80898069950
:10FE300002F060FB03980699043102F05BFB049822
:10FE40000699083102F056FB089800F0C1F8014607
:10FE50000698059100F0BCF80146059802F04AFBAF
:10FE6000069800F091F9FFE7FFE7089800F0A6F880
:10FE700001460898009140680438FEF70BF80146E7
:10FE80000098149A00F0F2FB08994868043848601A
:10FE900016B080BD80B584B003900291039802999A
:10FEA00000F002F804B080BD80B586B004900391E4
:10FEB00004980290FFE702990398896888420FD05E
:10FEC000FFE7029800F07AF80299019088680438F8
:10FED0008860FDF7DFFF0146019800F0BDFBEAE70F
:10FEE00006B080BD80B588B0079106920590059850
:10FEF0000190079804900798039006980290039841
:10FF0000029904F049F902460198049900F01CF89E
:10FF100008B080BD83B002900191009202980199CF
:10FF20000968016001990968009A01EB820141604A
:10FF30000199816003B0704781B00090009801681A
:10FF40008268116001B0704780B58AB0099108904D
:10FF500007920898039000F10801079A04A8FFF798
:10FF6000D9FFFFE704980599884218D0FFE7039866
:10FF700000F024F802900498FDF78CFF019009A886
:10FF8000FCF7D6FE01990246029800F07BFBFFE7E2
:10FF900004980430049009A8FEF76EFFE2E704A875
:10FFA000FFF7CAFF0AB080BD80B582B0019001980A
:10FFB0004168FFF76FFF02B080BD000080B582B0DE
:10FFC000019001980C3000F0EBFD02B080BD000004
:10FFD00080B582B0019001980C3000F0D9FD02B0DC
:10FFE00080BD000080B596B01590149115980790CB
:10FFF00081680891FFF7ECFF01460898096888427C
:020000040801F1
:1000000073D1FFE707980168406888421BD9FFE772
:1000100007990A684868801A801013901398013075
:1000200000EBD0704010139048688968139AA0EBD9
:10003000820202F059F907998860139A4868A0EB88
:100040008200486050E00798FFF7C2FF07990068F8
:100050000968401A401011900120109011A810A9B1
:1000600001F0D4FE01460798096812911299019196
:1000700089080291FFF7A2FF0199029A03460BA893
:10008000069000F047F8079850F8041F03900AA85C
:10009000FEF7EAFE079850F8081F049009A8FEF73B
:1000A000E3FE06980A99099AFFF71CFF079806993C
:1000B00002F020FA03980699043102F01BFA049822
:1000C0000699083102F016FA0798FFF781FF0146FA
:1000D00006980591FFF77CFF0146059802F00AFAA1
:1000E000069800F051F8FFE7FFE70798FFF766FF73
:1000F0000146079800918068FDF7CCFE0146009804
:10010000149A00F0BFFA079988680430886016B026
:1001100080BD000080B58AB00890079106920593D3
:100120000898019009900C3000210491059A04A9C7
:1001300000F040FD079820B9FFE701990020086012
:100140000DE00198FFF73AFF0146079A02A800F078
:1001500009FF01990298086003980790FFE701984A
:100160000168069A01EB8201816041600168079A8B
:1001700001EB82010091FFF72BFF01460098086018
:1001800009980AB080BD000080B586B0049004983C
:1001900003900590FFF708FF0398006880B1FFE720
:1001A0000398FFF70BFF0146039802910168019144
:1001B000FCF76AFE01990246029800F041FAFFE757
:1001C000059806B080BD000080B584B00390029110
:1001D0000398029900F002F804B080BD80B586B0A3
:1001E0000490039104980290FFE7029903988968AC
:1001F00088420FD0FFE7029800F018F802990190AA
:10020000886801388860FDF751FE0146019800F0CA
:1002100013FBEAE706B080BD80B582B0019001987B
:100220004168FFF7D1FF02B080BD000080B582B009
:10023000019001980C3000F009FD02B080BD000073
:1002400080B582B0019001980C3000F0F7FC02B04C
:1002500080BD000080B58AB0089007910692059392
:100260000898019009900C3000210491059A04A986
:1002700000F0F6FC079820B9FFE70199002008601C
:100280000DE00198FFF7D2FF0146079A02A800F09F
:1002900099FE01990298086003980790FFE701987A
:1002A0000168069A1144816041600168079A11440F
:1002B0000091FFF7C5FF01460098086009980AB051
:1002C00080BD000080B586B004900498039005902E
:1002D000FFF7A2FF0398006880B1FFE70398FFF7DC
:1002E000A5FF01460398029101680191FCF7E4FD26
:1002F00001990246029800F093FAFFE7059806B0CC
:1003000080BD000080B586B00190059104920598EB
:10031000FEF75EFD03900498FEF75AFD0146019832
:10032000029103A902AA04F0F9F806B080BD00000A
:1003300080B586B00190059104920598FEF750FDB6
:1003400003900498FEF74CFD01460198029103A921
:1003500002AA04F0EDF806B080BD000080B586B0BA
:100360000190059104920598FEF742FD03900498D0
:10037000FEF73EFD01460198029103A902AA04F08E
:10038000E1F806B080BD000080B501F0BDF980BD88
:1003900080B501F0BDF980BD80B582B0019001A8A3
:1003A000FCF7ECFAFDF754FD02B080BD80B582B0D9
:1003B000019001A8FCF7FCFAFDF778FD02B080BDC2
:1003C00081B00090009801B07047000081B00090AB
:1003D000009801B07047000081B00090009801B013
:1003E0007047000081B00090009801B07047000095
:1003F00081B00090009801B07047000080B584B0D3
:100400000391029201930399029A019B01F0F2F980
:1004100004B080BD80B584B003910292019303992A
:10042000029A019B01F014FA04B080BD81B00090E3
:1004300000980021016001B07047000082B0019077
:10044000009101980099016002B0704782B001905C
:10045000009101980099016002B0704780B582B0A8
:10046000019001980090006800F074F8014600982F
:10047000016002B080BD000083B002900191009243
:100480000298019901600099416003B07047000033
:1004900082B00190019900914868823048600968F3
:1004A0000968401A401040F6C171CCF2FC01484383
:1004B000082808D1FFE70099086804300860086838
:1004C00000684860FFE7009802B0704783B0029070
:1004D000019100920298019901600099416003B076
:1004E0007047000082B00190019900914868103077
:1004F000486009680968411A0820B0EB211F08D13B
:10050000FFE70099086804300860086800684860E0
:10051000FFE7009802B0704781B00090009801B0EA
:100520007047000081B00090009801B07047000053
:1005300081B00090009801B07047000081B0009039
:10054000009801B07047000081B00090009801B0A1
:100550007047000080B582B000900098406830B1CC
:10056000FFE700984068FDF7E1FA01900EE0FFE731
:10057000009800F02DFE28B9FFE70098FCF7DCFC9E
:100580000090F5E7009880680190FFE7019802B0BD
:1005900080BD000082B001900091019900988860B0
:1005A00002B0704780B584B002900298006830B104
:1005B000FFE702980068FDF7ABFA039011E002989C
:1005C0000190FFE7019800F003FE28B1FFE70198D2
:1005D000FCF7B2FC0190F5E70198FCF7ADFC039045
:1005E000FFE7039804B080BD80B584B0039002910A
:1005F000019203980299019A01F082FC04B080BD37
:1006000080B582B0019000910198009901F088FCBA
:1006100002B080BD80B582B0019000910198009930
:1006200001F088FC02B080BD80B584B003900291D7
:10063000019203980299019A01F096FC04B080BDE2
:1006400080B584B003900291019203980299019AB7
:1006500001F09EFC04B080BD80B582B00190009195
:100660000198009901F0A4FC02B080BD80B584B06F
:1006700003900291019203980299019A01F0B8FC4B
:1006800004B080BD80B584B00390029101920398BC
:100690000299019A01F0B8FC04B080BD80B584B025
:1006A00003900291019203980299019A01F0C6FC0D
:1006B00004B080BD80B582B00190FFF769FE02B042
:1006C00080BD000080B584B0039002910192039830
:1006D0000299019A03F0EEFD04B080BD80B582B0AE
:1006E000019000910198009903F0F4FD02B080BDE3
:1006F00080B582B0019000910198009903F0F0FD5F
:1007000002B080BD80B582B001900198FDF77CF801
:1007100002B080BD80B584B003900291019203982D
:100720000299019A03F0F6FD04B080BD80B584B053
:1007300003900291019203980299019A03F000FE3E
:1007400004B080BD80B582B0019000910098FDF7A3
:100750006BFB02B080BD000080B582B001900091BB
:100760000198009903F0FCFD02B080BD80B582B015
:1007700001900198FDF750F802B080BD80B584B0BB
:1007800003900291019203980299019A03F002FEEC
:1007900004B080BD80B584B00390029101920398AB
:1007A0000299019A03F00CFE04B080BD80B582B0BE
:1007B000019000910198009903F010FE02B080BDF5
:1007C00080B582B001900198FDF72EF802B080BD8F
:1007D00080B584B003900291019203980299019A26
:1007E00003F01AFE04B080BD80B584B0039002917E
:1007F000019203980299019A03F018FE04B080BD9B
:1008000080B584B003900291019203980299019AF5
:1008100003F020FE04B080BD81B0009001B07047AD
:1008200080B584B003900291019203980299019AD5
:1008300003F026FE04B080BD80B582B00190009127
:100840000198009903F028FE02B080BD80B582B007
:1008500001900198FCF7EEFF02B080BD80B582B038
:10086000019000910198009903F032FE02B080BD22
:1008700080B584B003900291019203980299019A85
:1008800003F02EFE04B080BD80B584B003900291C9
:10089000019203980299019A03F02CFE04B080BDE6
:1008A00080B582B00190019800F018FD02B080BDC3
:1008B00080B582B0019001980C3000F0ADFD02B01F
:1008C00080BD000080B586B0059004910392059824
:1008D000019000F009FD01980C3000F0A3FD019893
:1008E00006B080BD80B586B005900491039205984E
:1008F000019000F0F9FC01980C30039900F09CFD88
:10090000019806B080BD000080B586B005900491C6
:1009100003920598019000F0F1FC01980C300399C6
:1009200000F08AFD019806B080BD000080B582B05D
:100930000190019800F0E8FC02B080BD80B582B063
:100940000190019800F0B2FD02B080BD80B586B084
:100950000590049103920598019000F0DBFC01984A
:1009600000F0AAFD019806B080BD000080B586B0F9
:100970000590049103920598019000F0D5FC019830
:10098000039900F0A3FD019806B080BD80B586B044
:100990000590049103920598019000F0C5FC019820
:1009A00000F08AFD019806B080BD000080B582B0DD
:1009B0000190019800F0BEFC02B080BD80B582B00D
:1009C0000190019800F052FD02B080BD80B584B066
:1009D00003900398019000F0B3FC019800F04CFDE7
:1009E000019804B080BD000080B582B001900198EC
:1009F00000F088FD02B080BD80B582B00190019802
:100A0000043000F0C5FC02B080BD000080B584B0A9
:100A100003900291019203980090029900F078FDF2
:100A200000980430019900F0B9FC009804B080BD32
:100A300080B582B00190019800F074FD02B080BDD5
:100A400080B582B001900198043000F0B3FC02B090
:100A500080BD000080B584B003900291019203989C
:100A60000090029900F064FD00980430019900F0B4
:100A7000A7FC009804B080BD80B582B001900198B9
:100A800000F060FD02B080BD80B582B00190019899
:100A9000043000F06BFC02B080BD000080B584B073
:100AA00003900291019203980090029900F050FD8A
:100AB00000980430019900F05FFC009804B080BDFC
:100AC00080B582B00190019800F04CFD02B080BD6D
:100AD00080B582B00190019800F0D8FC02B080BDD2
:100AE00080B586B005900491039205980190049911
:100AF00000F03EFD019800F0CFFC019806B080BDEB
:100B000080B582B00190019800F02CFD02B080BD4C
:100B100080B582B001900198043000F05BFD02B016
:100B200080BD000080B584B00390029101920398CB
:100B30000090029900F01CFD00980430019900F02B
:100B40004FFD009804B080BD80B582B0019001983F
:100B500000F016FD02B080BD80B582B00190019812
:100B6000043000F049FC02B080BD000080B584B0C4
:100B700003900291019203980090029900F006FD03
:100B800000980430019900F03DFC009804B080BD4D
:100B900080B582B00190019800F0F2FC02B080BDF7
:100BA00080B582B001900198043000F005FD02B0DC
:100BB00080BD000080B584B003900291019203983B
:100BC0000090029900F0E2FC00980430019900F0D6
:100BD000F9FC009804B080BD80B582B00190019806
:100BE00000F0DCFC02B080BD80B582B001900198BD
:100BF00000F072FC02B080BD80B586B00590049113
:100C0000039205980190049900F0CEFC019800F041
:100C100069FC019806B080BD80B584B00390029154
:100C2000019203980090029900F0BEFC009801998F
:100C300000F062FC009804B080BD000080B582B076
:100C40000190019800F0AAFC02B080BD80B582B08E
:100C500001900198043000F0CBFC02B080BD000090
:100C600080B584B00390029101920398009002999C
:100C700000F09AFC00980430019900F0BFFC009845
:100C800004B080BD80B582B00190019800F0BEFC38
:100C900002B080BD80B582B00190019800F05AFB8F
:100CA00002B080BD80B584B0039002910192039898
:100CB0000090029900F0B0FC0098019900F050FB00
:100CC000009804B080BD000080B582B0019001980A
:100CD00000F09CFC02B080BD80B582B0019001980C
:100CE000043000F079FB02B080BD000080B584B014
:100CF00003900291019203980090029900F08CFCFD
:100D000000980430019900F06DFB009804B080BD9C
:100D100080B582B00190019800F078FC02B080BDEF
:100D200080B582B00190019800F090FB02B080BDC8
:100D300080B586B0059004910392059801900499BE
:100D400000F06AFC019800F087FB019806B080BDB6
:100D500080B584B0039002910192009303980199A9
:100D6000029A121A00F0D8FC04B080BD80B584B09D
:100D700002900191019800F099FD40B1FFE70198C0
:100D800000900298009900F043FA039004E0029862
:100D900000F036FA0390FFE7039804B080BD00002E
:100DA00082B0019000910199009A0868104408608F
:100DB000009A4868801A486002B0704782B001907B
:100DC00000910199009A4868801A486002B0704703
:100DD00084B00290019100920298019901600099FB
:100DE000416004B07047000080B584B00390029168
:100DF0000399019102980860029800F07FFE014675
:100E00000198416004B080BD83B0029001910092CE
:100E10000298019901600099416003B07047000099
:100E200080B582B001900198EFF7ABFB02B080BDB6
:100E300080B584B0039003984068029002980068DF
:100E4000039948600398406828B1FFE70399486810
:100E5000FFF7A0FBFFE7039880680299886003987A
:100E600000F0B6F928B1FFE7029803998968086095
:100E700008E0029801900398FCF75EF8014601989B
:100E80004860FFE703980299086003980299FFF70A
:100E900081FB04B080BD000080B582B0019001A844
:100EA000FCF7DCFF02B080BD80B582B0019001A8E4
:100EB000FCF7DCFF02B080BD80B582B001900198E4
:100EC000FCF7C6FF02B080BD80B584B003900291EC
:100ED0000398019002990091FCF7D6FF0099024611
:100EE0000198891A084404B080BD000080B582B022
:100EF00001900198FCF7C8FF02B080BD80B584B0B6
:100F0000039002910398019002990091FCF7C2FFAF
:100F1000009902460198891A084404B080BD000077
:100F200080B582B001900198FCF7B4FF02B080BD9B
:100F300080B584B0039002910398019002990091CA
:100F4000FCF7B4FF009902460198891A084404B0DE
:100F500080BD000080B582B001900198FCF7A6FF2B
:100F600002B080BD80B584B00190039102920398D5
:100F7000029901F023F8019908600298486004B0D2
:100F800080BD000080B584B0019003910292039867
:100F9000029901F061F8019908600298486004B074
:100FA00080BD000080B584B0019003910292039847
:100FB000029903F019FA019908600298486004B098
:100FC00080BD000080B584B0019003910292039827
:100FD000029903F067FA019908600298486004B02A
:100FE00080BD000080B584B0039002910192019809
:100FF0000090009838B1FFE703980299009A920098
:10100000EFF765FBFFE7039804B080BD80B584B0BF
:1010100003900291019201980090009838B1FFE787
:1010200003980299009A9200EFF751FBFFE70398AB
:1010300004B080BD80B584B0039002910192019804
:101040000090009830B1FFE703980299009AEFF7FB
:10105000FCFAFFE7039804B080BD000080B586B0BD
:10106000009005910492039304980599401A80100A
:10107000029003980599029AFFF7B4FF009803992C
:10108000029A01EB8201019104A901AA03F064FA1A
:1010900006B080BD80B586B00090059104920393A0
:1010A00004980599401A8010029003980599029AB5
:1010B000FFF7ACFF00980399029A01EB82010191BE
:1010C00004A901AA03F05CFA06B080BD80B584B023
:1010D000039002910192019800F0E8FB40B1FFE714
:1010E0000198009003980299009A00F017FC04E020
:1010F0000398029900F008FCFFE704B080BD0000EF
:1011000082B00090009802B07047000080B582B0B5
:1011100001900198006800900098FFF73DF902B037
:1011200080BD000080B582B00190019800680090F9
:101130000098FFF73BF902B080BD000080B584B095
:101140000390039800680290029840680399086031
:101150000398006828B1FFE703990868FFF71AFAB7
:10116000FFE70398806802998860039800F030F8E0
:1011700028B1FFE7029803998968086008E002989F
:1011800001900398FBF7D8FE014601984860FFE7FD
:1011900003980299486003980299FFF7FBF904B09D
:1011A00080BD000082B0019100900098019901601B
:1011B00002B07047014646F2C000C0F6010000F0E0
:1011C00034FA014646F23700C0F6010000F02DFA6D
:1011D00081B00090009881680968401AB0FA80F0E8
:1011E000400901B07047000081B00090009801B044
:1011F0007047000081B00090009801B07047000077
:1012000080B582B00190019804F0AEFC02B080BDC0
:1012100080B582B0019000910198009904F0ADFC76
:1012200002B080BD82B001910090009801990160E8
:1012300002B0704782B0019000910198009901605E
:1012400002B0704780B582B00190019800900068AC
:10125000FFF7A8F901460098016002B080BD0000C8
:1012600080B582B00190019800900068FFF772F994
:1012700001460098016002B080BD000083B002907A
:10128000019100920298019901600099416003B0B8
:101290007047000080B582B001900091019A0099DA
:1012A00010685268FFF7A0F902B080BD83B00290C9
:1012B000019100920298019901600099416003B088
:1012C0007047000080B582B001900091019A0099AA
:1012D00010685268FFF7F6F902B080BD81B0009047
:1012E000009801B07047000082B000900098002183
:1012F00081604160016002B07047000082B00090E0
:10130000009802B07047000081B00090009801B0D2
:101310007047000082B00090009800218160416019
:10132000016002B07047000082B00090009802B0E7
:101330007047000081B00090009801B07047000035
:1013400080B584B0029002980190FFF76FF8019881
:1013500004B080BD81B00090009801B070470000DB
:1013600082B001900091019802B0704781B0009066
:10137000009801B07047000082B001900091019880
:10138000009A116852684260016002B07047000024
:1013900081B00090009801B07047000082B00190C9
:1013A00000910198009A116852684260016002B091
:1013B0007047000081B00090009801B070470000B5
:1013C00082B0019000910198009A116852684260C1
:1013D000016002B07047000081B00090009801B039
:1013E0007047000082B0019000910198009909684F
:1013F000016002B07047000081B00090009801B019
:101400007047000082B0019000910198009909682E
:10141000016002B07047000081B00090009801B0F8
:101420007047000080B584B002900298019000F0EF
:1014300035FE019804B080BD82B001900091019802
:1014400000990968016002B07047000081B0009007
:10145000009801B07047000080B584B002900298F7
:10146000019002F063FF019804B080BD81B000904C
:10147000009801B07047000080B584B002900298D7
:10148000019002F093FF019804B080BD81B00090FC
:10149000009801B07047000080B584B002900298B7
:1014A000019002F0CDFF019804B080BD81B00090A2
:1014B000009801B07047000080B584B00290029897
:1014C000019002F0D3FF019804B080BD82B001907A
:1014D0000091019802B0704781B00090009801B06F
:1014E0007047000080B584B002900298019003F02C
:1014F0000BF8019804B080BD82B001900091019872
:1015000002B0704781B00090009801B070470000B1
:1015100082B001900091019800990968016002B0C1
:101520007047000081B00090009801B07047000043
:1015300082B001900091019800990968016002B0A1
:101540007047000081B00090009801B07047000023
:1015500082B001900091019800990968016002B081
:101560007047000081B00090009801B07047000003
:1015700082B00190009101980021016002B0704793
:1015800081B00090009801B07047000082B00190D7
:10159000009101980021016002B0704781B0009075
:1015A000009801B07047000082B00190009101984E
:1015B0000021016002B0704781B00090009800687F
:1015C00001B0704782B001900091019800990160CC
:1015D00002B0704781B000900098006801B0704779
:1015E00082B00190009101980099016002B07047AB
:1015F00081B000900098006801B0704782B00190FF
:10160000009101980099016002B0704781B000908C
:10161000009801B07047000082B0019000910198DD
:1016200000990968016002B0704784B0844601A83F
:101630000EC040F2201001AAC2F2000061460092E2
:10164000EFF7D7F9EFF7D9FC80B588B0079006938C
:10165000059204910499059A069B039302920191C5
:101660000199029A039B00F0B1FA08B080BD000016
:1016700080B584B00390029102990191019900F024
:10168000BDFA04B080BD000081B00090009801B0A8
:101690007047000080B582B001900198FCF70CFC07
:1016A00002B080BD83B0029001918DF803200298B2
:1016B000019901609DF8031001F00101017103B06F
:1016C0007047000080B584B00390029103980190A8
:1016D0000079C00760B1FFE70198006800900298A8
:1016E0001030FFF7D7FF01460098FFF72BF8FFE710
:1016F000029838B1FFE70198006802990122FFF7CC
:1017000015F8FFE704B080BD6FF00040704700009F
:101710004FF0FF307047000080B584B00390029115
:1017200001920198009003980299009AEEF7FDFE4D
:10173000B0FA80F0400904B080BD000080B58EB0E2
:1017400003900D910C920B930D990C9A09A8FEF73A
:10175000EFFD099801900A9802900B98FDF740FB65
:10176000019A029B6946086007A80DF11B01FBF76F
:10177000E9F80D980799FDF799FB05900B980899E2
:10178000FDF7F4FA01460398049105A904AA02F0B2
:10179000CFFE0EB080BD000080B58EB003900D91DD
:1017A0000C920B930D990C9A09A8FEF7D7FD099896
:1017B00001900A9802900B98FDF71AFB019A029B80
:1017C0006946086007A80DF11B01FBF7C9F80D98E1
:1017D0000799FDF775FB05900B980899FDF7D0FA6E
:1017E00001460398049105A904AA02F0ABFE0EB0CD
:1017F00080BD000080B58EB003900D910C920B93CC
:101800000D990C9A09A8FEF793FD099801900A9882
:1018100002900B98FDF7E4FA019A029B6946086072
:1018200007A80DF11B01FBF709FD0D980799FDF7BE
:101830003DFB05900B980899FDF798FA014603982F
:10184000049105A904AA02F073FE0EB080BD000049
:1018500080B58EB003900D910C920B930D990C9A5C
:1018600009A8FEF77BFD099801900A9802900B9851
:10187000FDF7BEFA019A029B6946086007A80DF1C0
:101880001B01FBF7E9FC0D980799FDF719FB059083
:101890000B980899FDF774FA01460398049105A97D
:1018A00004AA02F04FFE0EB080BD000081B000908F
:1018B00000990020082988BF012001B0704700006E
:1018C00080B582B0019000910198009903F06AF907
:1018D00002B080BD80B584B003900291019203985C
:1018E0000299019A03F060F904B080BD014647F205
:1018F0009900C0F60100FFF798FE000046F27A203A
:10190000C0F60100FFF791FE80B582B00190009112
:1019100001980099FFF7D4FF02B080BD80B584B074
:1019200003900291019203980299019AFFF7D2FF66
:1019300004B080BD80B588B00790069106990798DD
:10194000081AB0FA80F040090873FFE70699079A71
:1019500000209142039008D0FFE70698FBF7ECFACD
:10196000007B80F001000390FFE70398C007002888
:1019700000F09780FFE70698FBF7DEFAFFF728FCF8
:10198000002847D0FFE70698FBF7D6FAFBF7D4FA12
:10199000406805900598E8B1FFE70598007BC0070F
:1019A000C0B9FFE70698FBF7C7FA06900699012031
:1019B000029008730698FBF7BFFA01460298069159
:1019C000069A0799511AB1FA81F1490911730599DB
:1019D00008731EE00698FFF7FBFB40B9FFE7069887
:1019E000FBF7AAFA06900698FFF722FAFFE7069897
:1019F000FBF7A2FA06900699012008730698FBF7F8
:101A00009BFA06900699002008730698FFF796FB4C
:101A100047E045E00698FBF78FFA8068006804907D
:101A20000498E8B1FFE70498007BC007C0B9FFE75E
:101A30000698FBF781FA0690069901200190087339
:101A40000698FBF779FA014601980691069A0799DC
:101A5000511AB1FA81F149091173049908731EE012
:101A60000698FFF7B5FB40B1FFE70698FBF764FA6D
:101A700006900698FFF762FBFFE70698FBF75CFA13
:101A800006900699012008730698FBF755FA069010
:101A90000699002008730698FFF7CAF901E0FFE7EE
:101AA00054E708B080BD000080B588B0069005916D
:101AB00004920698009004980190059903A802905A
:101AC00000F0F8FA00980199029AFCF7F7FE08B0C6
:101AD00080BD000084B002900191009202990098AC
:101AE0000068086004B0704784B0029001910092D1
:101AF000029900980068086004B0704780B582B011
:101B000001900198FCF77CF902B080BD80B586B0E9
:101B1000019005910492039304980599401A80104E
:101B2000029002990398A0EB810003900398059915
:101B3000029AFFF757FA019804A903AA02F016FDCA
:101B400006B080BD80B586B00190059104920393E4
:101B500004980599401A8010029002990398A0EB0E
:101B60008100039003980599029AFFF74FFA0198B4
:101B700004A903AA02F00EFD06B080BD80B582B0B4
:101B8000019000910198009902F0E4FA02B080BD42
:101B900080B582B00190019802F0E8FA02B080BDF1
:101BA00084B003900291019200930398029901601E
:101BB000019941600099816004B0704781B0009044
:101BC00000990120087001B07047000084B00393B1
:101BD00002920191009000980021017004B07047BA
:101BE00081B00090009801B07047000081B0009073
:101BF00000990120087001B07047000082B0019187
:101C0000009000980021017002B0704781B00090F0
:101C1000009801B07047000080B58AB00990089123
:101C2000079206930899079A04A8FEF76BFB099898
:101C3000029004980090059801900698FDF7E0F84E
:101C40000099019A0346029800F016F8039006984E
:101C50000399FDF79FF80AB080BD000080B584B0FD
:101C6000039002910192009300980299019A521AEE
:101C7000EEF7A6FC04B080BD80B58CB00B900A9145
:101C800009920893089807900B9903A807AA08AB34
:101C9000FFF786FF0399049A059B0DF11B00FFF7E0
:101CA000D3FCFFE70A980999884211D0FFE70B9807
:101CB00002900898FCF7FAF8014602980A9AFEF793
:101CC000D7FD0A9801300A90089801300890E9E79A
:101CD0000DF11B000090FFF771FF0098089901912A
:101CE000FFF77EFF01980CB080BD000080B584B086
:101CF0000290029801F086FD0190019903A8FDF77A
:101D0000C3F8039804B080BD80B584B002900191FF
:101D10000298019901F084FD0090009903A8FDF755
:101D2000B3F8039804B080BD80B584B002900298E7
:101D300001F0C6FD0190019903A8FDF7A5F80398ED
:101D400004B080BD80B586B00491039002920398E0
:101D500004990091029A009901F078FC0190019990
:101D600005A8FDF791F8059806B080BD80B588B04C
:101D700007900691059207980090FBF7E7FA049008
:101D8000FFE706980599884211D0FFE70498029072
:101D9000029903A8FFF706FA0098069A0399FFF73D
:101DA000D1FF0190FFE7069818300690E9E708B0E8
:101DB00080BD000080B58AB0099208910790069313
:101DC000079804900DF117000190FFF799F9049816
:101DD000019901F0ADFD08A80290FAF757FD014600
:101DE00002980391FAF746FD039902460498FFF71B
:101DF000BDFF04980AB080BD80B582B00190019803
:101E0000009001F0B5FD009802B080BD80B584B0AF
:101E1000039002910398029900F002F804B080BD8B
:101E200080B584B0029001910299019A0DF10F00E2
:101E3000FBF7F2FB18B1FFE70198009002E002986F
:101E40000090FFE7009804B080BD000080B584B02A
:101E5000039002910398029900F002F804B080BD4B
:101E600080B584B0029001910199029A0DF10F00A2
:101E7000FBF7D2FB18B1FFE70198009002E002984F
:101E80000090FFE7009804B080BD000080B584B0EA
:101E9000039002910192009303980299019A009B8A
:101EA000D0F800C0DCF80CC0E04704B080BD0000F2
:101EB00080B584B003900291019203980299019A2F
:101EC00003689B68984704B080BD000081B0009013
:101ED000009845F68071C0F601010831016001B03B
:101EE0007047704740F22800C2F200000068BFF35C
:101EF0005F8F704740F22000C2F20000043070474C
:101F000080B584B003900291019203980068029911
:101F1000019A12010423FFF7B9FF04B080BD00004D
:101F200080B582B0019000910098FCF709FD02B0E5
:101F300080BD000080B584B00390029103980090AA
:101F400002990191FBF70CFA01460198884202D9E7
:101F5000FFE702F05FFC0098006802990901042283
:101F6000FFF7A6FF04B080BD80B584B00390029156
:101F7000019203990298019AFFF796FD04B080BD83
:101F800082B00190009101980099016002B0704701
:101F900080B584B003900291019203980068029981
:101FA000019A92000423FFF771FF04B080BD000086
:101FB00082B00190009102B07047000080B584B0FB
:101FC000039002910398009002990191FBF7D6F9D2
:101FD00001460198884202D9FFE702F01BFC0098F5
:101FE0000068029989000422FFF762FF04B080BDF7
:101FF00080B584B003900291019203990298019AEE
:10200000FFF768FD04B080BD80B584B003900291F5
:10201000019203990298019AFFF766FD04B080BD12
:1020200080B584B003900291039801900298FBF769
:102030009FF901460198016004B080BD80B584B06D
:10204000039002910192039800680299019A01237A
:10205000FFF71CFF04B080BD80B584B003900291EF
:102060000398009002990191FBF790F901460198BD
:10207000884202D9FFE702F0CDFB00980068029980
:102080000122FFF715FF04B080BD000082B001906F
:10209000009101980099016002B0704780B582B04C
:1020A000019001980090FFF71DFF01460098016024
:1020B00002B080BD80B584B0039002910398019076
:1020C0000298FBF755F901460198016004B080BD04
:1020D000F0B581B08368054614460E4663B1686862
:1020E000191A8E4208D8981B62421040591A814230
:1020F00002D80028A8604ED1296949B1D1E901234D
:102100009F1ABE423AD9042C98BF0424881A0AE0C8
:102110006868E968042CA1EB000000F1030020F0DE
:10212000030098BF042400F11001F01C20F003000C
:1021300000F110076FF01C0000EB410268698F424C
:10214000016822F003028B6898BF02F1100739463C
:1021500022469847C1192B690A4642F8103DA7F15B
:1021600010039E4201E915002A6105D8901B6742C1
:102170003840D21A82420CD900200CE0A3EB060CA6
:10218000604210EA0C00BED0DB1B8342BBD88860E3
:1021900001E041F8080C01B0F0BD704770B506468B
:1021A000406808B1F068B060326962B17069D2E924
:1021B00000510468D368521AE4681032A047002D19
:1021C0002A463561F2D170BD80B586B00490039186
:1021D00002920193049800900590FFF777FE009912
:1021E00045F69C70C0F6010008300860019848610F
:1021F00003984860039850B1FFE700990398029A4A
:10220000104488600398029A1044C86005E0009961
:10221000002088600298C860FFE7009900200861EC
:10222000059806B080BD10B5044645F69C70C0F612
:102230000100083020602046FFF7B0FF204618213B
:10224000BDE8104002F0AEBC10B5044645F69C70E7
:10225000C0F60100083020602046FFF79FFF2046AF
:1022600010BD80B502F0BAFA7047042102F09ABCA2
:10227000092A084638BF03F077BC114603F07DBC3D
:10228000092B0846114638BF02F08CBC1A4602F0F2
:102290008BBC042102F086BC80B586B00590049109
:1022A000039205980190FCF7ABFD00900498FCF7B1
:1022B000A7FD01460098039A0DF10B0301F006F803
:1022C00001460198FCF766FD06B080BD80B586B07A
:1022D0000590049103920599049A039B01A801F0CB
:1022E00015F8029806B080BD80B586B005900491BF
:1022F00003920599049A039B01A801F013F8029830
:1023000006B080BD80B584B002900191019902A809
:1023100001F0E0FE02980390039804B080BD000035
:1023200080B584B00390029103980190029A1168DD
:1023300052684260016008300299083101F04EFF96
:10234000019804B080BD000080B584B00390029174
:102350000192039800900299FEF746FD009808301C
:10236000019901F047FF009804B080BD80B584B0AA
:10237000039002910192039800900299FEF734FDB8
:1023800000980830019901F035FF009804B080BD35
:1023900080B584B003900291019203980090029955
:1023A000FEF722FD00980830019901F023FF009804
:1023B00004B080BD80B584B003900291019203986F
:1023C00000900299FEF710FD00980830019901F085
:1023D00011FF009804B080BD80B582B001900198D3
:1023E0000090083001F012FF009802B080BD00009C
:1023F00083B00290019100920298019909680160EE
:102400000099097801F00101017103B070470000E3
:1024100083B00290019100920298019909680160CD
:1024200000990968416003B07047000083B00290D2
:102430000191009202980199096801600099096868
:10244000416003B07047000083B002900191009298
:10245000029801990968016000990968416003B018
:102460007047000083B00290019100920298019998
:102470000968016000990968416003B07047000075
:1024800083B002900191009202980199096801605D
:1024900000990968416003B07047000083B0029062
:1024A00001910092029801990968016000990968F8
:1024B000416003B07047000083B002900191009228
:1024C000029801990968016000990968416003B0A8
:1024D0007047000083B0029001910298006800905C
:1024E000019800680299086000980199086003B09B
:1024F0007047000083B0029001910298006800903C
:10250000019800680299086000980199086003B07A
:102510007047000083B0029001910298006800901B
:10252000019800680299086000980199086003B05A
:102530007047000081B00090009801B07047000023
:1025400082B0019000910198009900EBC10002B0A7
:102550007047000081B00090009801B07047000003
:1025600080B582B00190019800F004F800F20540B7
:1025700002B080BD81B00090009801B070470000AB
:1025800080B582B0019000910198FFF7F3FF009AA7
:1025900040F2054101F0FAF902B080BD80B582B089
:1025A00001900198FFF7E6FF02B080BD82B0019074
:1025B000009101980099084402B0704781B00090E2
:1025C000009801B07047000080B5A0B01F901F9820
:1025D0000B9000F0F5F901460B981E91FAF740FFB9
:1025E000082811D3FFE70B98016908390161FCF74E
:1025F0005DFD01460B9809681D91FCF771FD0B9874
:102600001DA9FCF777FDBDE00B98FAF7BBFB01466F
:102610000B980A91FAF7CCFB01460A98884232D20D
:10262000FFE70B98FAF7A0FB58B1FFE71E980821C7
:10263000FEF75EF801460B981C911CA9FCF7F2FD11
:1026400017E01E980821FEF753F801460B981B91DE
:102650001BA9FCF73FFC0B98FCF728FD01460B98E3
:1026600009681A91FCF73CFD0B981AA9FCF742FD8A
:10267000FFE70B98FAF786FB01460B980139012218
:10268000FAF708FF7DE00B98FAF792FB40001490F0
:102690000120139014A813A9FFF7B8FB01460B986B
:1026A00009680391FAF76EFB01460B980491FCF759
:1026B00003FD0399049A034615A80890FDF75AF8FC
:1026C0001E9808210591FEF713F8059A06901E99A9
:1026D0000EA80790FEF7EAFD0699079A10A8099040
:1026E000FBF7DAFA0998FAF719F9014608980D91FB
:1026F0000DA9FCF7A7FF0998FBF7BAFA0B98FCF7AE
:10270000BFFC0C90FFE70B980C990291FCF7BEFC04
:1027100001460298884207D0FFE70C98011F0C91F0
:1027200015A8FCF74BFEEEE70B9815A90191FFF7F2
:10273000D1FE0B98019904300431FFF7CBFE0B98C2
:10274000019908300831FFF7C5FE0B98FCF7BEFC75
:10275000014601980091FCF76BFF01460098FFF7D6
:10276000B9FE0B98FAF70EFB01460B9801390122CE
:10277000FAF790FE10A8FBF79DFA0198FDF734F8E0
:10278000FFE7FFE720B080BD80B586B004908DF8EC
:102790000F1004980290FAF773FE01280AD8FFE799
:1027A0009DF80F00C00718BBFFE70298FAF768FE14
:1027B000F0B1FFE7029800221146FAF76BFE02988B
:1027C00000F0FEF8014602980191FCF76FFC01460B
:1027D000019809680822FDF775FF0298FCF780FC54
:1027E000029908690838086101208DF8170003E094
:1027F00000208DF81700FFE79DF8170006B080BD98
:1028000080B588B00290079107980390FAF756FEBA
:1028100001460398026911440691FCF737FC014612
:102820000398069B6FF0030202EA530211440591DC
:1028300005990491FAF7B0FA18B1FFE7002001906A
:102840000AE005980068069901F0070101EB811183
:1028500000EB41000190FFE704990298019AFDF70F
:102860000BFE08B080BD000080B586B001900591D8
:1028700005980290FCF70AFC0146029803696FF084
:10288000030202EA53021144049104990391FAF7F6
:1028900083FA18B1FFE7002000900BE0029904983A
:1028A0000068096901F0070101EB811100EB4100AB
:1028B0000090FFE703990198009AFDF7DDFD06B04F
:1028C00080BD000080B58AB0099009980390FAF79E
:1028D000D3FD039800F074F80399089006A8FFF759
:1028E000C3FF039904A8FFF78BFFFFE706A804A91D
:1028F00001F006FF70B1FFE70898029006A8FAF70A
:102900000FFB01460298FDF7E9FEFFE706A8FDF779
:10291000BFFDEBE7039800F049F80146002008608E
:10292000FFE70398FAF72EFA03280FD3FFE703987F
:1029300008990191FCF7BAFB014601980968082241
:10294000FDF7C0FE0398FCF7CBFBEAE70398FAF724
:1029500019FA01460091012804D0FFE700980228E7
:1029600004D007E003990420086103E003990820DC
:102970000861FFE703980021FAF778FD0AB080BDEF
:1029800080B582B0019001980090FCF77FFB009920
:1029900009696FF0030202EA5102805801F0070151
:1029A00001EB811100EB410002B080BD80B582B027
:1029B000019001981430FEF7ABF902B080BD000021
:1029C00080B582B0019001981430FEF7A9F902B0E9
:1029D00080BD000080B586B0059005980190FAF79B
:1029E0006DFD01460198049101690391FFF7E8FF2D
:1029F00001460198029102990091FCF747FB019969
:102A000009696FF0030202EA5102805801F00701E0
:102A100001EB811100EB4100FBF70EFA0146009833
:102A2000FDF75CFE0198FFF7C1FF024601981168AF
:102A3000013911600169013101610499039AFAF7C2
:102A400031FD01980121FFF79FFE06B080BD000017
:102A500080B588B00790069107980290FFF7B0FF05
:102A6000014602980591FAF7E5FC20B9FFE70298C4
:102A7000FFF7AAFDFFE702980121FAF719FD029975
:102A80000598019003A80090FFF7BAFE0098FAF7A6
:102A900047FA01460198069AFDF73CFE0298FFF7B7
:102AA00085FF014608680130086008B080BD00005D
:102AB00080B586B0059005980290FCF74BFC029813
:102AC0000021019101611430049104A90DF10F025C
:102AD000FEF72EF902980199FAF7C8FC029806B0A1
:102AE00080BD000080B586B00490049801900590E8
:102AF000FFF7E8FE0198FAF7BFFC0198FCF7C6FA69
:102B0000014601980391FCF7BBFA0290FFE7039896
:102B1000029988420DD0FFE70198FFF751FF039912
:102B200009680822FDF7CEFDFFE703980430039003
:102B3000EDE70198FCF722FC059806B080BD000087
:102B400080B5A0B01F901F980B9000F0EFF90146E0
:102B50000B981E91FAF702FD082811D3FFE70B9896
:102B6000416908394161FCF74BFF01460B98096840
:102B70001D91FCF75FFF0B981DA9FCF765FFBDE0F9
:102B80000B98FAF753F901460B980A91FAF764F992
:102B900001460A98884232D2FFE70B98FAF738F9D3
:102BA00058B1FFE71E980821FDF734FD01460B9848
:102BB0001C911CA9FCF7E0FF17E01E980821FDF707
:102BC00029FD01460B981B911BA9FCF72DFE0B98C4
:102BD000FCF716FF01460B9809681A91FCF72AFFCB
:102BE0000B981AA9FCF730FFFFE70B98FAF71EF9CC
:102BF00001460B9801390122FAF7CAFC7DE00B98D7
:102C0000FAF72AF9400014900120139014A813A990
:102C1000FFF7FCF801460B9809680391FAF706F9EB
:102C200001460B980491FCF7F1FE0399049A0346C0
:102C300015A80890FDF76EFA1E9808210591FDF77A
:102C4000E9FC059A06901E990EA80790FEF716FB60
:102C50000699079A10A80990FBF76CF80998F9F7FC
:102C600067FE014608980D910DA9FDF7BBF909987B
:102C7000FBF74CF80B98FCF7ADFE0C90FFE70B98B8
:102C80000C990291FCF7ACFE01460298884207D0ED
:102C9000FFE70C98011F0C9115A8FDF75FF8EEE710
:102CA0000B9815A90191FFF725FC0B9801990430A9
:102CB0000431FFF71FFC0B98019908300831FFF72A
:102CC00019FC0B98FCF7ACFE014601980091FDF74A
:102CD0007FF901460098FFF70DFC0B98FAF7A6F86C
:102CE00001460B9801390122FAF752FC10A8FBF7B4
:102CF0002FF80198FDF748FAFFE7FFE720B080BD05
:102D000080B586B004908DF80F1004980290FAF701
:102D100035FC01280AD8FFE79DF80F00C00718BB53
:102D2000FFE70298FAF72AFCF0B1FFE702980022C9
:102D30001146FAF72DFC029800F0F8F801460298C7
:102D40000191FCF75DFE0146019809680822FDF734
:102D50004BFC0298FCF76EFE0299486908384861FE
:102D600001208DF8170003E000208DF81700FFE721
:102D70009DF8170006B080BD80B588B0029007911D
:102D800007980390FAF718FC01460398426911442A
:102D90000691FCF725FE01460398069B6FF003029F
:102DA00002EA53021144059105990491FAF748F893
:102DB00018B1FFE70020019008E005980068069927
:102DC00001F0070100EB01100190FFE70499029860
:102DD000019AFDF77BFB08B080BD000080B586B08E
:102DE0000190059105980290FCF7FAFD01460298C2
:102DF00043696FF0030202EA5302114404910499FB
:102E00000391FAF71DF818B1FFE70020009009E0E0
:102E1000029904980068496901F0070100EB01106C
:102E20000090FFE703990198009AFDF74FFB06B069
:102E300080BD000080B58AB0099009980390FAF728
:102E400099FB039800F072F80399089006A8FFF721
:102E5000C5FF039904A8FFF78FFFFFE706A804A9A1
:102E600001F05AFC70B1FFE70898029006A8FAF743
:102E70005DF801460298FDF7C3FBFFE706A8FDF7E2
:102E800031FBEBE7039800F047F8014600200860AB
:102E9000FFE70398F9F7CAFF03280FD3FFE703986A
:102EA00008990191FCF7ACFD0146019809680822D8
:102EB000FDF79AFB0398FCF7BDFDEAE70398F9F7E5
:102EC000B5FF01460091012804D0FFE700980228D1
:102ED00004D007E003990420486103E00399082027
:102EE0004861FFE703980021FAF73EFB0AB080BD76
:102EF00080B582B0019001980090FCF771FD0099B7
:102F000049696FF0030202EA5102805801F007019B
:102F100000EB011002B080BD80B582B00190019835
:102F20001830FDF7D1FE02B080BD000080B582B040
:102F3000019001981830FDF7CFFE02B080BD00006F
:102F400080B586B0059005980190FAF735FB0146EB
:102F50000198049141690391FFF7E8FF0146019848
:102F6000029102990091FCF73BFD019949696FF0CC
:102F7000030202EA5102805801F0070100EB011040
:102F8000FAF77CFF01460098FDF73AFB0198FFF73E
:102F9000C3FF02460198116801391160416901318E
:102FA00041610499039AFAF7FBFA01980121FFF7AE
:102FB000A7FE06B080BD000080B588B007900691DE
:102FC00007980290FFF7B2FF014602980591FAF7C1
:102FD000AFFA20B9FFE70298FFF7B2FDFFE70298CA
:102FE0000121FAF7E3FA02990598019003A80090ED
:102FF000FFF7C2FE0098F9F799FF01460198069A7B
:10300000FDF712FB0298FFF787FF014608680130C1
:10301000086008B080BD000080B588B007900691B8
:1030200007980390069905A80190FEF7F9FF039809
:103030000199FCF739FE0398002102914161183093
:103040000491069A04A9FDF751FE03980299FAF734
:103050008BFA039808B080BD80B584B003900291CC
:10306000039801900299FCF733FE01990298406998
:103070004861029A9069D269CA6188610299002008
:10308000009048610298FFF747FF009902460198B7
:10309000116004B080BD000080B586B00490049833
:1030A00001900590FFF7C6FE0198FAF763FA0198C0
:1030B000FCF796FC014601980391FCF78BFC02900B
:1030C000FFE70398029988420DD0FFE70198FFF7C8
:1030D0002DFF039909680822FDF786FAFFE7039898
:1030E00004300390EDE70198FCF718FE059806B050
:1030F00080BD000080B588B00790069105920798C2
:103100000490069803900598029004980399029AF7
:1031100000F002F808B080BD80B58AB0099008912F
:103120000792099805900598FBF73EFE02900898D3
:1031300004900498FBF738FE0190079803900398D9
:10314000FBF73CFE0199024602980DF11B03FDF7C7
:10315000FFFD0AB080BD000080B582B001900198EB
:10316000FFF738FC02B080BD80B582B001900091BD
:1031700001980099FFF76CFC02B080BD80B582B069
:1031800001900198FFF7FCFB02B080BD80B582B0D2
:10319000019001980090FFF78BFC009802B080BD71
:1031A00080B582B0019001980090FFF79BFC0098D9
:1031B00002B080BD80B582B001900198FFF7C0FEDB
:1031C00002B080BD80B582B0019000910198009955
:1031D000FFF7F2FE02B080BD80B582B00190019889
:1031E000FFF786FE02B080BD80B584B003900291E7
:1031F000039801900299FFF72FFF019804B080BD5A
:1032000080B582B0019001980090FFF745FF0098CB
:1032100002B080BD2DE9F04188B0884647F2EE014A
:103220000746C0F6010168461646FBF70FFD97F901
:103230000B0000243D680494002858BF3D46EDF77C
:1032400027FB0746006804A90390284632463C60E5
:10325000EDF79AFE39680591039939600599039154
:103260000399022910D006460498A8421DD0B8F14F
:10327000000F1CBF401BC8F800006846FBF75BFD51
:10328000304608B0BDE8F08147F2DF0205ACC0F679
:1032900001026946204601F063FA9DF91F10059866
:1032A000002958BF2046FDF78CFF47F2F40205AC19
:1032B000C0F601026946204601F052FA9DF91F103E
:1032C0000598002958BF2046FEF710FB80B584B052
:1032D0000390029101920093FFE7039802998842BC
:1032E00010D0FFE70098039900F02AFF00780199B9
:1032F0000968884201D1FFE704E0FFE70398013045
:103300000390EAE7039804B080BD000080B584B064
:103310000391029201930399029A019BFEF70EFA20
:1033200004B080BD80B584B00391029201930399EB
:10333000029A019BFEF730FA04B080BD80B582B0DE
:10334000019001980430FDF731FBFDF745F802B01C
:1033500080BD000080B582B0019001980830FDF773
:1033600099FC02B080BD000081B00090009801B0CF
:103370007047000080B59CB0DDF878C01A911990B4
:103380001892179319980B9000F03CFA1590159924
:1033900016A80C90FDF746FF0C991AA801F02EF91B
:1033A000014601200D9081B9FFE70B98FFF7D2FF8E
:1033B0000A901E9809901AA8F9F762FF0999024627
:1033C0000A98F9F715FF0D90FFE70D98C007002840
:1033D00041D0FFE70B981A99149100F071FA1290FE
:1033E000129913A80790FDF71DFF079914A801F083
:1033F00005F901460120089081B9FFE70B98FFF716
:10340000A9FF069014A8FDF71DFFF9F739FF014643
:1034100006981E9AF9F700FF0890FFE70898C00782
:1034200090B1FFE71A98006838B9FFE71A98189921
:103430000860189800681B9070E01498189908604C
:10344000149804301B9069E00B9818991E9A00F0AC
:1034500069F81B9062E00B98FFF77CFF05901AA8B3
:10346000F9F70EFF014605981E9AF9F7D5FE0028D8
:103470004AD0FFE71A981090109801210391FEF7A7
:1034800041FF01460B98119100F0BCF90E900E9986
:103490000FA80290FDF7C6FE029911A801F0AEF840
:1034A00001460398049081B9FFE70B98FFF752FF9C
:1034B00001901E98009011A8F9F7E2FE00990246CB
:1034C0000198F9F795FE0490FFE70498C007A0B1B2
:1034D000FFE71AA8F9F7CEFE406838B9FFE71A9857
:1034E000189908601A9804301B9017E011981899E1
:1034F0000860189800681B9010E00B9818991E9AA5
:1035000000F010F81B9009E0FFE71A98189908607E
:103510001A981799086017981B90FFE71B981CB022
:1035200080BD000080B588B0069005910492069891
:103530000190FAF7A1F8014601980391FAF786F88D
:1035400002900398002842D0FFE7FFE70198FFF7B9
:1035500001FF0499039A1032F9F74AFE90B1FFE790
:103560000398006830B1FFE7039802900398006861
:10357000039006E003980599086005980068079095
:103580002EE023E00198FFF7E5FE03991031049A3D
:10359000F9F742FE98B1FFE70398406838B1FFE7BA
:1035A00003980430029003984068039006E0039863
:1035B0000599086003980430079011E005E003982E
:1035C00005990860029807900AE0FFE7BEE70198B6
:1035D000FFF7B4FE05990860059800680790FFE7BB
:1035E000079808B080BD000080B582B001900198B6
:1035F0000430FDF7E3F902B080BD000080B586B06D
:10360000049003910292019304980090FFE70298BE
:10361000A8B1FFE70098FFF79DFE02991031039AC9
:10362000F9F7FAFD30B9FFE70298019002980068B7
:10363000029003E0029840680290FFE7E7E70199F3
:1036400005A8FCF7FBFE059806B080BD80B58AB0E2
:1036500008910790069207980290089803900698A0
:10366000FEF712F8029903460698039AEC46CCF846
:10367000000004A800F07CF80498099009980AB0AA
:1036800080BD000080B58CB004900B910A920B981D
:10369000FFF7AAFF0990002000908DF823000998F9
:1036A00001210591FDF758F8009A0190099906A8A3
:1036B0000290FDF7F7FF04980199029AFAF79EFA33
:1036C000049809990391F9F71FF91030FDF7E2FF0B
:1036D000014603980A9AFDF751F80498FAF752FA4E
:1036E0000146059808718DF823009DF8230020B944
:1036F000FFE70498FAF790FAFFE70CB080BD0000EE
:1037000080B586B0059004910392029305980190CC
:10371000029A00211160029A51600499029A916004
:103720000299039A1160FFF71FFE0068006870B1EC
:10373000FFE70198FFF718FE01460198096809683C
:103740000091FFF711FE014600980860FFE701981D
:10375000FFF7F4FD006803990968FEF7EBF801989C
:1037600000F0A4F8014608680130086006B080BD8A
:1037700080B594B0059016981392129111931298F7
:10378000069013990D91119A0D996B461A6010AA23
:103790000FABFFF7EFFD0E900E9800680C90002025
:1037A0008DF82F000E980068F8B9FFE70699169A71
:1037B00008A80490FFF766FF0498109902910E99EB
:1037C0000391F9F797F80299039A03460698FFF7D1
:1037D00097FF0498FAF7FEF9014604980C9101212D
:1037E0008DF82F10FAF718FAFFE70C9907A8019047
:1037F000FCF72CFE059801990DF12F02FEF7F8FD5C
:1038000014B080BD80B582B000900098FFF796FD9F
:10381000014601A8FCF712FE019802B080BD00002D
:1038200080B58CB00A9009910A9805900999039186
:10383000F9F722FF014605980491FFF77FFD0399F0
:10384000049A03460598FFF7D9FE014605980891AA
:10385000FFF7D8FF079008A807A900F045FF014629
:103860000020069091B1FFE70598FFF773FD0290E5
:103870000998019008A8F9F73DFB019902460298C2
:10388000F9F7B6FC80F001000690FFE70698C00744
:1038900018B1FFE708980B9004E00598FFF7B2FF16
:1038A0000B90FFE70B980CB080BD000080B582B094
:1038B000019001980830FDF7E5F902B080BD0000E5
:1038C00080B582B000900098FFF74EFD016801A816
:1038D000FCF7B4FD019802B080BD000080B586B051
:1038E00005900491059802900498F0B1FFE70298C2
:1038F00004990968FFF7F2FF029804994968FFF7F5
:10390000EDFF0298FFF770FE039003980190049872
:103910001030FDF7BFFE01460198FCF713FF039836
:1039200004990122FCF702FFFFE706B080BD00000A
:1039300080B586B005900491059802900430FDF79B
:1039400045F80298083000210391049A03A9FDF775
:10395000A9F90298FFF7F2FC014602980191FFF7DE
:1039600003FD019902460298116006B080BD000077
:1039700080B582B0019001980090F9F77DFE014674
:103980000098FFF7ABFF009802B080BD80B584B00F
:10399000039002910192039800900298FDF72AFC8F
:1039A00001460098019A00F0B3FB04B080BD00000E
:1039B00080B584B002900191019903A8FAF7EEF95D
:1039C000039804B080BD000080B588B007900691D0
:1039D0000798029006990391F9F7E6FE01460398CD
:1039E000884203D9FFE70298F9F792FE029800F0A7
:1039F00015FA0146069A04A8FDF7E4FA029804991C
:103A00000160049941600168059A1144019100F038
:103A100019FA01990246029811600021F9F76EFE29
:103A200008B080BD82B001900091019800990160BA
:103A300002B0704780B584B003900398029000688C
:103A40000068D0B1FFE70298006800F0F1F9029831
:103A50000068F9F759FE0298006800F0DFF90146A6
:103A600002980191006801680091F9F78FFE0099B2
:103A700002460198FCF7D4FEFFE704B080BD0000C9
:103A800080B588B00790069105920493079901913B
:103A900002A8FFF7C7FF02990DF10F00FDF7E8FD3F
:103AA000049858B1FFE701980499FFF78DFF01983A
:103AB0000699059A049B00F035F8FFE70DF10F0019
:103AC0000090FEF793F80098FEF7A0F808B080BDCC
:103AD00080B58AB00990089109990291089A05A8C1
:103AE00000F03CF80798049006980390FFE70398CD
:103AF0000499884211D0FFE7029800F08FF90190F5
:103B00000398FAF7D3F901460198FCF7A7FEFFE7FF
:103B10000398013003900690E9E705A800F030F81B
:103B20000AB080BD80B58AB00990089107920693CB
:103B300009990191069A03A8029000F00FF80198E4
:103B400000F06CF90899079A049BFEF765F80146A6
:103B50000298049100F014F80AB080BD83B002907E
:103B600001910092029801990160019949684160B0
:103B700001994968009A1144816003B070470000C0
:103B800081B00090009802684168516001B07047B0
:103B900080B58EB00D900C910D98039000F03EF919
:103BA000014603980B91F9F7C7FD014603980131CF
:103BB000F9F778FD014603980191F9F7BDFD0199E8
:103BC00002460B9B06A80490FCF744FB0B9802905E
:103BD0000898FAF76BF9014602980C9AFCF748FE30
:103BE00003980499089A0132089200F0A3F8039907
:103BF000049849680591FCF765FB05980EB080BDF7
:103C000080B58EB00D900C910D98039000F006F9E0
:103C1000014603980B91F9F78FFD01460398013196
:103C2000F9F740FD014603980191F9F785FD0199E7
:103C300002460B9B06A80490FCF70CFB0B98029025
:103C40000898FAF733F9014602980C9AFCF71CFE23
:103C500003980499089A0132089200F06BF80399CE
:103C6000049849680591FCF72DFB05980EB080BDBE
:103C700080B586B005900491059802904068039045
:103C8000FFE70498039988420ED0FFE7029800F0FE
:103C9000C5F80190039801380390FAF707F9014637
:103CA0000198FCF7C9FDECE702990498486006B05A
:103CB00080BD000080B588B00790069107990091FB
:103CC00003A802900122FFF749FF009800F0A6F830
:103CD00001900498FAF7EAF801460198069AFCF771
:103CE000C7FD0298049901310491FFF749FF08B01C
:103CF00080BD000080B588B00790069107990091BB
:103D000003A802900122FFF729FF009800F086F82F
:103D100001900498FAF7CAF801460198069AFCF750
:103D2000B3FD0298049901310491FFF729FF08B00F
:103D300080BD000080B58AB009900891099806906E
:103D4000F9F7E2FC069808994968024652F8043FE0
:103D500004920268D21A1144079100F05FF80146FC
:103D6000069803910068FAF7A1F8014604980191BA
:103D70000068FAF79BF802900798FAF797F801990C
:103D8000029A03460398FDF769FF049A069807997B
:103D9000089B59600168116008990431FEF7BAFB6D
:103DA000049808990831FEF7B5FB069800F04AF828
:103DB00005900898FCF744FA01460598FEF7AAFB1F
:103DC0000698089A51681160F9F7B6FC0146069802
:103DD000F9F794FC0AB080BD80B582B000900098DD
:103DE0004168FFF7E5FD0190019802B080BD000039
:103DF00080B582B0019001980068FAF757F802B0D8
:103E000080BD000080B582B0009000980168FFF787
:103E1000CFFD0190019802B080BD000080B582B056
:103E2000019001980830FCF7DFFE02B080BD000071
:103E300080B582B0019001980168FFF719FF02B0C8
:103E400080BD000080B582B0019001980830FCF779
:103E5000C3FE02B080BD000080B586B0059004911D
:103E6000059801904168039103990291FFF7EAFFD9
:103E7000014602980968884208D2FFE70198049930
:103E8000FFF738FF03980130039005E0019804998B
:103E9000FFF7B6FE0390FFE701990398486006B06C
:103EA00080BD000080B586B0059004910598019012
:103EB0004168039103990291FFF7C4FF01460298FC
:103EC0000968884208D2FFE701980499FFF7F2FEDB
:103ED00003980130039005E001980499FFF758FE1C
:103EE0000390FFE701990398486006B080BD000089
:103EF00080B588B00790069107990491002003903F
:103F0000086048600831019105900698FFF786FF28
:103F10000246019805A9FCF77FFE049906980068FF
:103F200008600698406848600698FFF78BFF0146D6
:103F3000049809680291FFF785FF0146029808601E
:103F40000698FFF77FFF0399024604981160069ACE
:103F50005160069A116008B080BD000080B58CB039
:103F60000A9209910890089804900B900021016032
:103F700041600830079107A90DF11B02FCF73CFED8
:103F8000049905A8FFF74EFD05990DF11A00FDF7FC
:103F90006FFB09A8F8F788FCE0B1FFE709A80190DA
:103FA000F8F782FC01460498FFF70EFD0198F8F738
:103FB00081FC014601980291F8F76EFC01460198D8
:103FC0000391F8F771FC0299039A03460498FFF7EE
:103FD000A9FDFFE70DF11A000090FDF707FE00981C
:103FE000FDF714FE0B980CB080BD000080B588B0C2
:103FF00006900591069801900790002101604160AC
:104000000830049104A90DF10F02FCF7F5FD0199A8
:1040100002A8FFF707FD02990DF10E00FDF728FB3E
:10402000059848B1FFE701980599FFF7CDFC019885
:104030000599FFF74DFDFFE70DF10E000090FDF72C
:10404000D5FD0098FDF7E2FD079808B080BD00009F
:1040500080B584B003900398009000210160416016
:104060000830029102A90DF10702FCF7C5FD009886
:1040700004B080BD80B588B007900691059207987E
:1040800001900021016041600830049104A90DF104
:104090000F02FCF7B1FD0698059900F08BF8014678
:1040A000019802910699059A029BFFF7E9FC019895
:1040B00008B080BD80B584B003900399019102A837
:1040C0000090FFF7AFFC0098FFF7B4FC019804B034
:1040D00080BD000080B584B0039002910298FDF786
:1040E00083F801900398019900F0B0F804B080BD06
:1040F00080B582B00190019800F0D0F802B080BD88
:1041000080B582B00190019800F0CEF802B080BD79
:1041100083B0029001910092FFE7019860B1FFE740
:104120000098007802990870FFE702980130029029
:10413000019801380190F0E7029803B07047000041
:1041400080B582B00190009101980099F8F7CCFBFE
:1041500002B080BD80B582B00190009101980168E5
:1041600000980068884702B080BD000080B582B02A
:104170000190019800F054FB02B080BD80B586B07C
:104180000590049105980390049802900398029971
:10419000F9F756FB06B080BD80B586B00590049156
:1041A000059803900498029003980299F9F752FB3E
:1041B00006B080BD80B584B0039002910398029947
:1041C000F9F752FB04B080BD80B584B00390029132
:1041D00003980299F9F750FB04B080BD80B584B014
:1041E00003900291039801900299F9F75BFB019803
:1041F00004B080BD80B584B0039002910398019013
:1042000002A9F9F771FB019804B080BD80B582B0B6
:10421000019001980090F9F78DFB009802B080BDE5
:1042200080B584B00290029801900DF10F01F9F76A
:1042300095FB019804B080BD80B582B001900198D3
:104240000090F9F7B1FB009802B080BD80B584B052
:1042500002900191019800280ED4FFE7FFE7019832
:10426000012808DBFFE70298FCF7FAFFFFE7019857
:1042700001380190F3E70EE0FFE70198B0F1FF3F4E
:1042800008DCFFE70298FCF7DDFFFFE7019801304B
:104290000190F2E7FFE704B080BD000081B000901C
:1042A000009801B07047000081B00090009801B004
:1042B0007047000080B584B003900291019202988B
:1042C000019901EB811149000222FCF7FFFE04B0C5
:1042D00080BD000082B00190009102B070470000E4
:1042E00080B584B003900291039802990191FCF784
:1042F00009FA01460198884202D9FFE700F08AFADC
:10430000029800EB801040000221FCF72FFD04B062
:1043100080BD000080B584B00390029101920298A4
:1043200001998222ECF74CF904B080BD80B582B0CF
:10433000019001980090FCF7EFF8009802B080BD62
:1043400080B584B00390029101920298019901EB2B
:104350008101C9000422FCF7B9FE04B080BD000051
:1043600080B584B003900291039802990191FCF703
:10437000FDF901460198884202D9FFE700F04AFAA8
:10438000029800EB8000C0000421FCF7EFFC04B0B1
:1043900080BD000080B584B0039002910192029824
:1043A0000199FDF7BDFF04B080BD000080B582B06B
:1043B000019001980090FCF7B5F8009802B080BD1C
:1043C00080B584B00390029101920298019989000E
:1043D0000422FCF77BFE04B080BD000082B0019097
:1043E000009102B07047000080B584B00390029144
:1043F000039802990191FCF7E3F90146019888427C
:1044000002D9FFE700F006FA029880000421FCF7C9
:10441000ADFC04B080BD000083B002900191009219
:10442000019900980068086003B0704783B002905B
:1044300001910092019900980068086003B07047EC
:1044400080B582B0019001980090FCF771F8009857
:1044500002B080BD80B584B00390029101920298B1
:1044600001990122FCF732FE04B080BD80B582B014
:10447000019001980090FCF761F8009802B080BDAF
:1044800080B584B0039002910192029801990122B3
:10449000FCF71CFE04B080BD82B00190009102B018
:1044A0007047000080B584B0039002910398029990
:1044B0000191FCF7CBF901460198884202D9FFE748
:1044C00000F0A8F902980121FCF750FC04B080BD6F
:1044D00082B00190009100990020087002B07047EE
:1044E00083B00290019100920199009800780870C1
:1044F00003B0704783B00290019100920199009837
:104500000078087003B0704780B582B001900198C0
:104510000090FCF719F8009802B080BD80B582B019
:10452000019100920199009AFDF772FF02B080BDDF
:1045300080B582B0019100920199009AFDF792FF37
:1045400002B080BD80B582B0019100920199009ABD
:10455000FDF7B2FF02B080BD80B582B0019100923C
:104560000199009AFDF762FF02B080BD80B582B06C
:10457000019100920199009AFDF766FF02B080BD9B
:1045800080B582B0019100920199009AFDF778FF01
:1045900002B080BD80B582B0019100920199009A6D
:1045A000FDF77CFF02B080BD82B0019000910198C0
:1045B000006800990968401AB0FA80F0400902B01A
:1045C0007047000082B00190009101984068009906
:1045D0004968401AB0FA80F0400902B07047000004
:1045E00082B0019000910198406800994968401A92
:1045F000B0FA80F0400902B07047000082B001902C
:1046000000910198006800990968401AB0FA80F09A
:10461000400902B07047000080B584B00390029159
:104620000398F8F7ABF901900298F8F7A7F901465B
:104630000198401AB0FA80F0400904B080BD000033
:1046400080B584B0039002910398F8F7B1F9019016
:104650000298F8F7ADF901460198401AB0FA80F0D7
:10466000400904B080BD000080B586B0059104907B
:104670000393029202980399019100900099019A84
:1046800004A8F8F75FFDC00F06B080BD80B584B008
:10469000039002910398F8F739FB01900298F8F71C
:1046A00035FB01460198401A801004B080BD00001F
:1046B00080B584B0039002910398F8F733FB019022
:1046C0000298F8F72FFB01460198401A801004B0B9
:1046D00080BD000080B582B00190009101980099E2
:1046E00000F002F802B080BD80B582B00190009168
:1046F00001980099FFF758FF80F0010002B080BDDB
:1047000080B582B00190009101980099FFF75AFF9F
:1047100080F0010002B080BD80B582B001900091B0
:1047200001980099FFF75CFF80F0010002B080BDA6
:1047300080B582B00190009101980099FFF76CFF5D
:1047400080F0010002B080BD80B582B00190009180
:1047500001980099FFF774FF80F0010002B080BD5E
:104760002DE9F04381B0054691F90B004E68002811
:1047700058BFC6B2104690460F46EBF702FF81467F
:1047800031180DF103022846FAF716FA95F90B00D5
:104790002C68002858BF2C464EB197F90B00396899
:1047A00000282046324658BF3946EBF74EFFB9F194
:1047B000000F344404D0204641464A46EBF745FFFB
:1047C000002004F8090001B0BDE8F083704742F60C
:1047D000E400C2F2000000687047000001A0FCF78E
:1047E00024FF00BF6261645F616C6C6F632077615E
:1047F00073207468726F776E20696E202D666E6FFD
:104800002D657863657074696F6E73206D6F646574
:104810000000000046F24220C0F60100FCF705FF50
:1048200080B582B0019040F60000C4F600004FF45D
:104830000071EFF72BFC02B080BD000080B584B0A2
:10484000029002980068019004300021FDF7AEFE4E
:10485000F7F778F818B1FFE7012003900CE0019812
:10486000006830B9FFE74320F7F77EF80020039097
:1048700002E003200390FFE7039804B080BD00002E
:1048800082B001900091009802B0704781B0009012
:104890000098016891F82C0491F82D14401AB0FA90
:1048A00080F0400901B0704783B002900298006820
:1048B00001900068032803D1FFE7012000900CE07D
:1048C000019991F82C0491F82D140131C9B2401AC4
:1048D000B0FA80F040090090FFE7009800F0010076
:1048E00003B0704780B584B00390039908684968A5
:1048F000096801910430FDF733FE0146019800225A
:10490000029202AAFDF7C8FC04B080BD80B584B055
:1049100002900298019040F23020C2F2000000782C
:10492000BFF35F8FC007C8B9FFE740F23020C2F283
:10493000000000F035FD88B1FFE740F22C00C2F224
:104940000000806942F2DC61C2F20001086040F2BE
:104950003020C2F2000000F039FDFFE7019842F27A
:10496000DC61C2F2000109680268406812680368ED
:1049700040F22C00C2F20000F4F7E8F970B1FFE752
:1049800001984068026842F2DC61C2F200010868E6
:104990001044086001208DF80F0015E0019842F2E4
:1049A000DC61C2F200010A684068036846F2D87010
:1049B000C0F6010046F64301C0F60101F7F77AF8A8
:1049C00000208DF80F00FFE79DF80F0004B080BDB8
:1049D00080B584B002900298019080680078C0078A
:1049E000002840D1FFE7019840680068B0F5806F6B
:1049F00011D0FFE701984068026846F61900C0F63A
:104A0000010046F64301C0F60101F7F725F8002042
:104A10008DF80F0066E001980068016842F2E060DE
:104A2000C2F200004FF4007200F08AF820B9FFE7EC
:104A300000208DF80F0055E001980068006800F52F
:104A4000007142F2E060C2F200004FF4007200F028
:104A500077F820B9FFE700208DF80F0042E0012031
:104A60008DF80F003EE0019840680068B0F5007FC7
:104A70002AD9FFE701980068016842F2E060C2F2BB
:104A800000004FF4007200F05BF820B9FFE700204F
:104A90008DF80F0026E0019801684068096801F56B
:104AA00000710068A0F5007242F2E060C2F20000FE
:104AB00000F046F820B9FFE700208DF80F0011E064
:104AC00001208DF80F000DE0019801684068096829
:104AD000026842F2E060C2F2000000F031F88DF8A6
:104AE0000F00FFE79DF80F0004B080BD81B000907B
:104AF00040F22C00C2F20000806940F23421C2F280
:104B00000001086001B0704780B582B00190019843
:104B100000680068F5F714FC48B9FFE746F64E0058
:104B2000C0F60100F6F744FFF6F766FE06E046F62B
:104B30007D00C0F60100F6F73BFFFFE702B080BD45
:104B400080B586B00590049103920499039A42F2CD
:104B5000E260C2F200000190EBF732FD019942F2EF
:104B6000E163C2F200031878421C1A70039AF5F749
:104B700027FD8DF80B009DF80B00C00740B9FFE73B
:104B800042F2E161C2F20001087801380870FFE7E3
:104B90009DF80B0000F0010006B080BDEBF7ABBE46
:104BA000EBF7A9BEFFF7FABF1146FFF7F9BF000008
:104BB00081B08DF803009DF90300002812D4FFE7AF
:104BC0009DF9031001F01F02012090404A094EF2A6
:104BD0008011CEF2000141F82200BFF34F8FBFF3E6
:104BE0006F8FFFE701B0704781B08DF803009DF92A
:104BF000030000280ED4FFE79DF9031001F01F0207
:104C0000012090404A094EF20011CEF2000141F815
:104C10002200FFE701B070474EF60C50CEF20000C4
:104C20000068C0F30220704782B08DF80700009141
:104C30009DF9070000280AD4FFE7009800019DF9BC
:104C400007104EF20042CEF2000288540BE00098AA
:104C500000019DF8071001F00F014EF61452CEF23C
:104C600000028854FFE702B07047000083B0029052
:104C7000029800F0070000904EF60C51CEF20001B1
:104C80000868019001984FF6FF02104001900198CA
:104C9000009A40EA02200022C0F2FA52104301902A
:104CA0000198086003B0704701A000F093FB00BFBB
:104CB00050757265207669727475616C2066756EC8
:104CC0006374696F6E2063616C6C65642100000021
:104CD00080B584B040F21420C2F200000078BFF327
:104CE0005F8FC00798BBFFE740F21420C2F20000BC
:104CF00000F056FB58B3FFE740F25020C2F200002C
:104D00000090FDF727FC014600980191F8F772FB2F
:104D10000290FDF7EFF80199029A034640F238201D
:104D2000C2F200000390FDF74FFA039942F24920C6
:104D3000C0F6010040F20002C0F60002EBF7F0FB03
:104D400040F21420C2F2000000F040FBFFE704B084
:104D500080BD000080B582B040F2FC10C2F20000BD
:104D60000190FEF713FA019943F2A110C0F6010079
:104D700040F20002C0F60002EBF7D2FB02B080BDA9
:104D800080B582B040F21820C2F200000078BFF374
:104D90005F8FC00760BBFFE740F21820C2F200003F
:104DA00000F0FEFA20B3FFE740F25020C2F200000C
:104DB000F8F720FB024642F25020C2F200000190B8
:104DC00040F23821C2F20001F4F78EFB019949F25A
:104DD0003950C0F6000040F20002C0F60002EBF7C6
:104DE0009FFB40F21820C2F2000000F0EFFAFFE74C
:104DF00002B080BD80B594B046F23421C0F6010106
:104E000049F27112C0F6000206A80290FDF7AEFA50
:104E10000298183046F22C21C0F6010149F2CD1259
:104E2000C0F60002FDF7C6FA029812900220139015
:104E30001299139A40F2D410C2F200000DF1170338
:104E4000FCF7B8FF02980146039130300490FFE769
:104E500004981838019001460091FDF7BDFA0098BA
:104E6000039A019991420490F2D1FFE741F6F9507B
:104E7000C0F6010040F2D411C2F2000140F200027B
:104E8000C0F60002EBF74CFB14B080BD80B5A0B0BB
:104E900046F23421C0F6010149F2D532C0F60002D3
:104EA00006A80290FDF762FA0298183046F21E2119
:104EB000C0F6010149F23142C0F60002FDF768FA7E
:104EC0000298303046F21621C0F6010149F2A932AB
:104ED000C0F60002FDF738FA0298483046F21A216F
:104EE000C0F6010149F28D32C0F60002FDF72CFA3E
:104EF00002981E9004201F901E991F9A40F2EC10F9
:104F0000C2F200000DF11703FCF754FF02980146AE
:104F1000039160300490FFE704981838019001462F
:104F20000091FDF759FA0098039A01999142049073
:104F3000F2D1FFE741F6F950C0F6010040F2EC1162
:104F4000C2F2000140F20002C0F60002EBF7E8FAFC
:104F500020B080BD80B58CB040F21C20C2F20000B1
:104F60000078BFF35F8FC00790BBFFE740F21C20C3
:104F7000C2F2000000F014FA50B3FFE742F25021F1
:104F8000C2F2000103A80090FCF7FAFF009904A800
:104F90000190FEF741F8019942F26820C2F2000048
:104FA0000290FEF721F90198FEF776F8029943F294
:104FB0000120C0F6010040F20002C0F60002EBF74B
:104FC000AFFA40F21C20C2F2000000F0FFF9FFE748
:104FD0000CB080BD80B5A0B046F23421C0F601010E
:104FE00049F27922C0F6000206A80290FDF7BEF948
:104FF0000298183046F23E21C0F6010149F2E5124E
:10500000C0F60002FDF7A0F90298303046F22521E3
:10501000C0F6010149F2F922C0F60002FDF7B8F925
:105020000298483046F23921C0F6010149F2E122E6
:10503000C0F60002FDF79AF902981E9004201F9016
:105040001E991F9A40F2E010C2F200000DF1170302
:10505000FCF7B0FE02980146039160300490FFE730
:1050600004981838019001460091FDF7B5F90098B1
:10507000039A019991420490F2D1FFE741F6F95069
:10508000C0F6010040F2E011C2F2000140F200025D
:10509000C0F60002EBF744FA20B080BD2DE9F043E2
:1050A00085B00746884602A8394699461546F4F762
:1050B00043F8039E294630460022F3F7AAFD029CDE
:1050C00058B1049E3846214642462B46CDE9006938
:1050D000F3F7C8FF05B0BDE8F083384621462A46FD
:1050E0003346CDF80090F3F7F3FF10B105B0BDE8FB
:1050F000F0833846214642462B46CDE90069F3F756
:105100006BFF05B0BDE8F08383B00190019800907B
:1051100048F2010188420CD0FFE7009848F20201F2
:10512000884209D0FFE7009848F20301884206D080
:1051300008E00020029009E00020029006E0002034
:10514000029003E04FF0FF300290FFE7029803B0B7
:105150007047000083B001900198009048F201016F
:1051600088420CD0FFE7009848F20201884209D03B
:10517000FFE7009848F20301884206D008E00020CB
:10518000029008E00020029005E00020029002E07A
:1051900000200290FFE7029803B0704783B00190AF
:1051A0000198009048F2010188420CD0FFE7009876
:1051B00048F20201884209D0FFE7009848F2030153
:1051C000884206D008E00120029008E00120029009
:1051D00005E00120029002E000200290FFE7029823
:1051E00003B0704780B584B002900191029820B955
:1051F000FFE74FF0FF30039033E0029800783A2841
:105200002BD1FFE7029847F28201C0F60101EBF7CC
:10521000E7FA20B9FFE748F20100039021E0029885
:1052200047F29101C0F60101EBF7DAFA20B9FFE786
:1052300048F20200039014E0029847F28901C0F698
:105240000101EBF7CDFA20B9FFE748F20300039024
:1052500007E04FF0FF30039003E04FF0FF30039082
:10526000FFE7039804B080BD84B0029001910298DA
:10527000009048F2010188420CD0FFE7009848F204
:10528000020188420AD0FFE7009848F203018842F1
:1052900008D00BE04FF0FF3003900BE04FF0FF30F1
:1052A000039007E04FF0FF30039003E04FF0FF3032
:1052B0000390FFE7039804B07047000080B588B002
:1052C00006900591049203930698019048F201011B
:1052D00088420CD0FFE7019848F2020188420AD0C8
:1052E000FFE7019848F20301884218D01AE04FF016
:1052F000FF3007901AE0FFE7049868B1FFE70598D0
:10530000411C059100780290029800F02FF8FFE709
:10531000049801380490EFE70020079006E0002091
:10532000079003E04FF0FF300790FFE7079808B0C1
:1053300080BD000080B582B000200190EEF742FFF2
:10534000F3F75CF8F3F72EF9F3F700F9F3F744FA03
:10535000F3F7FAF9F3F788FAF3F7D6F8F3F780F9E9
:10536000F3F796F9FFE7F3F787F8FCE781B00090D1
:10537000FFE742F6C810C2F200000068C0694006AC
:10538000002801D4FFE7F4E79DF8000042F6C811B9
:10539000C2F2000109688862009801B07047FEDE21
:1053A000017809B1002070474178012903D08A07AC
:1053B00005D402224270481E18BF0120704780B5F4
:1053C00047F20410C0F6010000F004F8012101705A
:1053D00041707047EBF711FE5FEA400C08BF91F097
:1053E000000F4FEA8C234FEAC12243EA51514FEAA2
:1053F0001C5018BF00F5F0404FEA300018BF41F0D4
:1054000000415FEA6C5C00F02980BCF1FF3F08BFFF
:1054100040F080407047130C06BF12044FF0100C90
:105420004FF0000C130E04BF12020CF1080C130F06
:1054300004BF12010CF1040C930F04BF92000CF195
:10544000020CD30F04BF52000CF1010C11464FF0B7
:105450000002A0F11F00A0EB0C00704711F0004FFC
:1054600008BF704731F000413FF4D5AF0B0C06BFC9
:1054700009044FF0100C4FF0000C0B0E04BF090292
:105480000CF1080C0B0F04BF09010CF1040C8B0F7D
:1054900004BF89000CF1020CCB0F04BF49000CF1D2
:1054A000010CCCF1200322FA03F341EA030102FAD2
:1054B0000CF2A0EB0C0000F10100704723F07F47D5
:1054C00020F07F4C80EA030000F00040ACEB0703C3
:1054D00003F57C5303F1FF032DE9804909B44FEA3A
:1054E000144324EA03484FEA154B25EA0B4E0FF20A
:1054F000042606EB13273E7803FB0667C7F5000773
:1055000007FB06F64FEAD64606F102064FEA543785
:1055100007FB066CCCF1005C4FEA1C472CEA074CF9
:105520000CFB06F507FB06F404EB15464FEA96164E
:1055300049085FEA320234BF00204FF000404FEAD2
:10554000D13706FB07FC4FEA1C4C0CFB0BF7D21BB8
:1055500003FB0CF761EB07010CFB0EF7B0EB074008
:1055600072EB17420CFB08F734BFA2EB0742B2EB19
:10557000074261EB17414FEA0C444FEA910706FBE3
:1055800007FC4FEA1C4C0CFB0BF7B0EBC74072EB6F
:10559000573203FB0CF734BFA2EBC742B2EBC74252
:1055A00061EB57310CFB0EF7B0EBC70072EB577293
:1055B0000CFB08F734BFA2EBC702B2EBC70261EBEA
:1055C00057714FEA816141EA92114FEA826242EAE1
:1055D00090124FEA806004EBCC04039F4FEAD1376E
:1055E00006FB07FC4FEA1C4C0CFB0BF7D21B03FB22
:1055F0000CF761EB07010CFB0EF7B0EB074072EB09
:1056000017420CFB08F734BFA2EB0742B2EB07428C
:1056100061EB17414FEA8C5504EB9C244FEA91074C
:1056200006FB07FC4FEA1C4C0CFB0BF7B0EBC7402A
:1056300072EB573203FB0CF734BFA2EBC742B2EB5D
:10564000C74261EB57310CFB0EF7B0EBC70072EBB2
:1056500057720CFB08F734BFA2EBC702B2EBC702CC
:1056600061EB57714FEA816141EA92114FEA826220
:1056700042EA90124FEA806015EB4C2544F1000499
:105680004FEAD13706FB07FC4FEA1C4C0CFB0BF72B
:10569000D21B03FB0CF761EB07010CFB0EF7B0EB21
:1056A000074072EB17420CFB08F734BFA2EB07422E
:1056B000B2EB074261EB17414FEA813141EA924177
:1056C0004FEA823242EA90424FEA80304FEA0C764B
:1056D00015EB1C1544F1000448EA03434EEA0B485D
:1056E0004FF0000EB2EB080C71EB030724BF6246CB
:1056F00039464EEB0E0E4FF0000B00185241494157
:105700004BEB0B0BB2EB080C71EB03077BF1000BBF
:1057100024BF624639464EEB0E0E4FF0000B0018C8
:10572000524149414BEB0B0BB2EB080C71EB0307F9
:105730007BF1000B24BF624639464EEB0E0E51EA58
:10574000020718BF46F0010616EB0E7655F100026F
:1057500054F1000103D5BDE88901BDE80088BDE82A
:105760008901BDE80048B619524141EB0101A3F19E
:105770000103704780807F7E7D7C7B7A79787776A5
:1057800076757473727171706F6E6E6D6C6C6B6A1E
:105790006A696868676666656464636362616160BC
:1057A000605F5F5E5E5D5D5C5C5B5B5A5A59595839
:1057B00058575756565555555454535352525251A3
:1057C000515050504F4F4F4E4E4D4D4D4C4C4C4BF9
:1057D0004B4B4A4A4A494949484848474747474640
:1057E000464645454544444444434343434242427C
:1057F000424141419C46002B30D477002BD04FEAE8
:1058000037071CB503B44FF010004FF01001BAF188
:10581000000F06D0BCF1000FDCBF40F0080040F0E4
:1058200008014FF000000FBCBDE810400BF1010B68
:10583000BBF1010F08BF5FEA170722BF12F1010297
:1058400011F101014FF0004143F1000300F000406D
:1058500043EA00007047F9D35708D0E746EA064606
:105860004FEA164613F1400F1FDD13F1200FDFBF83
:1058700016430A46002120335B42BED0C3F1200705
:1058800046EA06464FEA164602FA07F746EA0706D0
:1058900022FA03F2C3F1200701FA07F742EA0702EE
:1058A00021FA03F14FF00003A7E746EA020646EAB1
:1058B00006464FEA164646EA0106BCBF46EA0646D9
:1058C000360C4FF000034FF000024FF0000194E758
:1058D0002DE9804C70B49A46934691E8380007C889
:1058E00031EA400C48BF34EA430C03D5FFF7E6FD2C
:1058F000FFF780FFF0BCBDE8008C2DE9804C70B450
:105900009A46934691E8380007C810F0804F08BFC8
:1059100013F0804F03D100F005F8FFF76BFFF0BCE8
:10592000BDE8008C20F07F4723F07F4C80EA030025
:1059300000F0004007EB0C03A3F57C53A3F1FE033A
:1059400092F0000F00F0B38095F0000F00F0778028
:105950002DE901494FEA114021EA00484FEA144677
:1059600024EA064700FB06FC08FB06F607FB08F8DE
:1059700018EB06484CEB164C00FB07F718EB0748F2
:105980004CEB17404FEA124B22EA0B4E4FEA1546FA
:1059900025EA06470BFB06FC0EFB06F607FB0EFE90
:1059A0001EEB064E4CEB164C0BFB07F71EEB074E9F
:1059B0004CEB174B18EB0B0840F1000018EB0E0BEB
:1059C00058EB000840F100008F1A4FF000014FF033
:1059D00000063CBFC943661B14BFB5EB040C002195
:1059E0003CBFC943F61B4FEA174427EA04454FEA78
:1059F0001C472CEA074C04FB076205FB07F70CFB6E
:105A000005F616EB074642EB174204FB0CFC16EBBF
:105A10000C4642EB1C421BEB060658EB02024141CE
:105A20004EEA8E0E46EA9E0601D5BDE80189B619FA
:105A3000524141EB0101A3F10103BDE801894FEAA5
:105A4000144524EA05464FEA114721EA074C05FBB5
:105A500007F406FB07F70CFB06F111EB074144EBDB
:105A6000174405FB0CFC11EB0C4144EB1C444FEAC2
:105A7000124722EA074C05FB07F206FB07F70CFB6F
:105A800006F616EB074642EB174205FB0CFC16EB3D
:105A90000C4642EB1C456A1854F1000148BF7047A0
:105AA000B619524141EB0101A3F10103704795F092
:105AB000000F37D04FEA114221EA02464FEA14475D
:105AC00024EA074C02FB07F106FB07F70CFB06F480
:105AD00014EB074441EB174102FB0CFC14EB0C44A4
:105AE00041EB1C414FEA154725EA074C02FB07F53D
:105AF00006FB07F70CFB06F616EB074645EB1745CA
:105B000002FB0CFC16EB0C4645EB1C42121951F142
:105B1000000148BF7047B619524141EB0101A3F1A2
:105B2000010370474FEA144524EA05464FEA11473E
:105B300021EA074C05FB07F106FB07F70CFB06F211
:105B400012EB074241EB174105FB0CFC12EB0C4238
:105B500051EB1C414FF0000648BF7047921841EBD3
:105B60000101A3F10103704780B5F2F7D9FD00B13F
:105B700080BDFEF733FEFFF7F7BF80B5F2F7BCFE3E
:105B800000B180BDFEF72AFEFFF7F7BF03B401980E
:105B90004100009850EAC12018BF04204A0D18BFE8
:105BA00040F0010040F2FF72B2EB515F08BF40F0DD
:105BB0000200012808BF052002B0704730380A28CB
:105BC00001D201207047002070478A68002A02DC59
:105BD0000022EBF786BF521E8A604A68C0B2531C8F
:105BE0004B6010707047000010B500290AD008788B
:105BF000002807D005487844EAF7F2FD002801D0D4
:105C0000002010BD0248784410BD0000C2150000FD
:105C1000BA15000010B500290AD00878002807D06E
:105C200005487844EAF7DCFD002801D0002010BDCB
:105C30000248784410BD0000A61600009E16000021
:105C4000F1EE100A4FF6FF71C0F2C03120EA0100F8
:105C500040F04070E1EE100A7047EBF70EBCEBF736
:105C600043BD00000000000000000000303132336E
:105C70003435363738394142434445464030580080
:105C800030313233343536373839616263646566B2
:105C9000403078000400000800000000000000020E
:105CA0000001000010303132333435363738396175
:105CB000626364656678700030313233343536376C
:105CC00038394142434445465850000002400000E4
:105CD000000000A00000000005400000000000C817
:105CE000000000000C4000000000409C000000008C
:105CF000194000000020BCBE00000000344000003D
:105D0000BFC91B8E00000004B5400000504BCFD02F
:105D10006607E2CF010000006C4100003E8251AAFC
:105D2000DFEEA73401000000D9420000DCB5A0E29C
:105D30003A301F97FFFFFFFFB4450000FD25A0C8C4
:105D4000E9A3C14FFFFFFFFFFF3F000000000080FD
:105D500000000000FF3F0000000000800000000085
:105D6000000000000000000001020304060708090B
:105D700000000000010203040804020408010101FC
:105D800001010103070100000100020004000600F8
:105D900008000A000C0010002000400080000001F4
:105DA0003665010807000000605F0108005E010819
:105DB000F85D0108605F0108215E0108A85D010827
:105DC000605F0108435E0108B45D0108385F0108A7
:105DD000685E0108605F0108865E0108CC5D01080D
:105DE000605F0108AE5E0108CC5D0108605F0108DC
:105DF000D75E0108CC5D0108385F0108065F010825
:105E00004E31305F5F637878616269763131365F39
:105E10005F7368696D5F747970655F696E666F4501
:105E2000004E31305F5F6378786162697631313777
:105E30005F5F636C6173735F747970655F696E66D1
:105E40006F45004E31305F5F63787861626976310B
:105E500032305F5F73695F636C6173735F74797015
:105E6000655F696E666F45004E5374335F5F323312
:105E7000706D7231356D656D6F72795F7265736FBC
:105E80007572636545004E5374335F5F3233706DD6
:105E90007232356D6F6E6F746F6E69635F627566B7
:105EA0006665725F7265736F7572636545004E5308
:105EB00074335F5F3233706D7232365F5F6E756C54
:105EC0006C5F6D656D6F72795F7265736F7572630C
:105ED000655F696D7045004E5374335F5F32337098
:105EE0006D7233325F5F6E65775F64656C65746594
:105EF0005F6D656D6F72795F7265736F75726365E3
:105F00005F696D704500537439747970655F696EAF
:105F1000666F0000000000000000000039950008D6
:105F20001D95000859940008A99400084DC8000860
:105F300000000000B45D01084D9100085191000877
:105F4000B9C40008BBC4000861C60008BDC400088D
:105F5000FBC40008E3C5000800000000C05D0108A4
:105F60004D91000861910008B9C40008BBC4000845
:105F700061C60008E7C600083FC7000821C800083E
:105F800000000000CC5D0108E31E01089F530108DA
:105F9000A94C0108A94C0108A94C01080000000007
:105FA000D45D01084922010827220108D1200108F7
:105FB0009B2101089BD3000800000000E05D010860
:105FC000E31E01086B22010863220108692201080F
:105FD000A5D3000800000000EC5D0108E31E0108E5
:105FE000932201087122010881220108AFD3000821
:105FF00000000000000000000100000000000000A0
:106000000000000000000000000000000000000090
:106010000000000000000000000000000000000080
:106020003A535444455252003A535444494E003A6C
:106030005354444F5554006F75745F6F665F7261BF
:106040006E676520776173207468726F776E206960
:106050006E202D666E6F2D657863657074696F6E46
:1060600073206D6F64652077697468206D65737344
:10607000616765202225732200737472696E675F01
:10608000766965773A3A737562737472005B424F52
:106090004F545D5B4552524F525D202225732220A2
:1060A0006E6F206D61746368656420737562206330
:1060B0006F6D6D616E642E0A00202D2025730A001D
:1060C0006C656E6774685F6572726F72207761735A
:1060D000207468726F776E20696E202D666E6F2D4A
:1060E000657863657074696F6E73206D6F64652089
:1060F00077697468206D6573736167652022257305
:1061000022005B594D4F44454D5D5B494E464F5D06
:1061100020E68EA5E694B6E599A8E590AFE58AA8B5
:106120002E20E8AFB7E58F91E98081E69687E4BB42
:10613000B62E2E2E005B424F4F545D5B494E464FAC
:106140005D20E794A8E688B7E7BB88E6ADA2596D65
:106150006F64656DE4BCA0E8BE932E005B594D4FA3
:1061600044454D5D5B494E464F5D20E68EA5E69465
:10617000B6E599A8E5BCBAE588B6E5819CE6ADA28E
:106180002E005B424F4F545D5B494E464F5D204CA5
:1061900043442D4F5441E58D87E7BAA7E6A8A1E512
:1061A000BC8FE5B7B2E590AFE794A82E005B424FF5
:1061B0004F545D5B494E464F5D20E59CA8E7BABF52
:1061C000E58D87E7BAA7E6A8A1E5BC8FE5B7B2E5FC
:1061D00090AFE794A82E005B424F4F545D5B524551
:1061E000504C595D2056455253494F4E20312E3068
:1061F0002E302E30005B424F4F545D5B494E464F70
:106200005D20417661696C61626C6520436F6D6DE4
:10621000616E64733A004F544100454E440055503E
:106220004441544500594D4F44454D005645525345
:10623000494F4E0048454C50004A554D5000474587
:1062400054006261645F61727261795F6E65775F4D
:106250006C656E67746820776173207468726F77FD
:106260006E20696E202D666E6F2D65786365707483
:10627000696F6E73206D6F6465006261645F66753F
:106280006E6374696F6E5F63616C6C2077617320FD
:106290007468726F776E20696E202D666E6F2D6543
:1062A0007863657074696F6E73206D6F64650062EA
:1062B000617369635F737472696E67005B4F544109
:1062C0005D5B4552524F525D204F5441E58F91E93D
:1062D0008081E99499E8AFAF210A005B4F54415D9A
:1062E0005B4552524F525D20E68EA5E694B6E8B665
:1062F00085E697B63A2025750A00766563746F7255
:10630000005B4F54415D5B4552524F525D20E69C0D
:10631000AAE79FA5E6B688E681AF3A2025730A0072
:106320000A5B4F54415D5B50524F434553535D20D0
:106330004F5441E5BC80E5A78B3A20E69687E4BB45
:10634000B6E5A4A7E5B08F3D2575E5AD97E88A824F
:106350002C20E6B3A2E789B9E78E873D25752C206E
:10636000E69687E4BBB6E5908D3D25730A005B4F4A
:1063700054415D5B4552524F525D204E41434B5F4D
:10638000434845434B53554D5FE695B0E68DAEE52A
:106390008C852C20E58C85E58FB73A2025750A0081
:1063A0005B4F54415D5B4552524F525D204E41431D
:1063B0004B5F534E5FE695B0E68DAEE58C852C20A5
:1063C000E58C85E58FB73A2025750A0025303258CF
:1063D00020000A5B4F54415D5B50524F434553537D
:1063E0005D20E7AD89E5BE85E8AEBEE5A487E9AAF4
:1063F0008CE8AF812E2E2E000A5B4F54415D5B501E
:10640000524F434553535D20E7AD89E5BE85E8AE65
:10641000BEE5A487E8A7A3E58E8B2E2E2E005B4F4A
:1064200054415D5B494E464F5D20E5B7B2E7949F0E
:10643000E68890E5B9B6E58F91E98081E5BC80E515
:10644000A78BE69BB4E696B0E6B688E681AF2C2033
:10645000E7AD89E5BE85E8AEBEE5A487E5938DE5A9
:10646000BA942E2E2E005B4F54415D5B494E464F31
:106470005D20E5B7B2E58F91E98081E5BC80E5A7B5
:106480008BE4B88BE8BDBDE6B688E681AF2C20E78B
:10649000AD89E5BE85E8AEBEE5A487E5938DE5BA96
:1064A000942E2E2E005B4F54415D5B494E464F5D4E
:1064B00020E5B7B2E7949FE68890E5BC80E5A78B1E
:1064C000E4B88BE8BDBDE6B688E681AF3A00436824
:1064D00065636B41434B5F554E5A49504D7367009E
:1064E000436865636B41434B5F446174614D7367FF
:1064F00000436865636B41434B5F5374617274443E
:106500006F776E6C6F61644D736700436865636B92
:1065100041434B5F53746172745570646174654D8F
:10652000736700436865636B41434B5F56657269EF
:1065300066794D7367006F74612E62696E005B4F00
:1065400054415D5B494E464F5D2041434B5FE696AB
:1065500087E4BBB6E8A7A3E58E8B005B4F54415D93
:106560005B4545524F525D204E41434B5FE6968757
:10657000E4BBB6E8A7A3E58E8B005B4F54415D5B9F
:10658000494E464F5D2041434B5FE69687E4BBB6DC
:10659000E6A0A1E9AA8C005B4F54415D5B454552E2
:1065A0004F525D204E41434B5FE69687E4BBB6E613
:1065B000A0A1E9AA8C000A5B4F54415D5B50524F89
:1065C000434553535D204F5441E58F91E98081E667
:1065D0009BB4E696B0E591BDE4BBA4005B4F54418B
:1065E0005D5B494E464F5D2041434B5FE5BC80E516
:1065F000A78BE69BB4E696B0005B4F54415D5B45CC
:1066000052524F525D20E9AA8CE8AF81E5A4B1E86F
:10661000B4A53A20E8AEBEE5A487E5938DE5BA942B
:10662000E5BC82E5B8B8005B4F54415D5B45525212
:106630004F525D20E8A7A3E58E8BE5A4B1E8B4A591
:106640003A20E8AEBEE5A487E5938DE5BA94E5BCB3
:1066500082E5B8B8005B4F54415D5B4552524F52E2
:106660005D20E695B0E68DAEE58C85E4BCA0E8BE85
:1066700093E5A4B1E8B4A53A20E8AEBEE5A487E569
:10668000938DE5BA94E5BC82E5B8B8005B4F544100
:106690005D5B4552524F525D20E5BC80E5A78BE61D
:1066A0009BB4E696B03A20E8AEBEE5A487E5938DAC
:1066B000E5BA94E5BC82E5B8B8005B4F54415D5B38
:1066C0004552524F525D20E5BC80E5A78BE4B88B64
:1066D000E8BDBD3A20E8AEBEE5A487E5938DE5BAF6
:1066E00094E5BC82E5B8B8005B4F54415D5B494E10
:1066F000464F5D20E9AA8CE8AF81E5AE8CE6889034
:106700003A20E8AEBEE5A487E5938DE5BA94E6AD00
:10671000A3E5B8B8005B4F54415D5B494E464F5D01
:1067200020E8A7A3E58E8BE5AE8CE688903A20E8BA
:10673000AEBEE5A487E5938DE5BA94E6ADA3E5B8D2
:10674000B8005B4F54415D5B494E464F5D20E5BC50
:1067500080E5A78BE69BB4E696B03A20E8AEBEE5AE
:10676000A487E5938DE5BA94E6ADA3E5B8B8005BE0
:106770004F54415D5B494E464F5D20E5BC80E5A727
:106780008BE4B88BE8BDBD3A20E8AEBEE5A487E552
:10679000938DE5BA94E6ADA3E5B8B8005B4F5441DC
:1067A0005D5B494E464F5D2041434B5FE5BC80E554
:1067B000A78BE4B88BE8BDBD005B4F54415D5B45E2
:1067C00052524F525D204E41434B5FE5BC80E5A7DE
:1067D0008BE4B88BE8BDBD005B424F4F545D5B4519
:1067E00052524F525D2025733A20466C617368E720
:1067F000BC96E7A88BE5A4B1E8B4A52C20E59CB035
:10680000E59D803A203078253038582C20E995BF16
:10681000E5BAA63A2025750A005B424F4F545D5BEE
:106820004552524F525D2025733A20E5BC82E5B8AF
:10683000B8E695B0E68DAEE995BFE5BAA63A202553
:10684000750A006F70657261746F722829005B426F
:106850004F4F545D5B4552524F525D204F5441E5BE
:1068600090AFE58AA8E5A4B1E8B4A52C20E7BB88E1
:10687000E6ADA2796D6F64656D2E2E2E005B424FE2
:106880004F545D5B494E464F5D204F5441E590AFFC
:10689000E58AA8E68890E58A9F2C20E7AD89E5BEC9
:1068A00085E695B0E68DAEE4BCA0E8BE932E2E2E14
:1068B000005B424F4F545D5B494E464F5D20596D22
:1068C0006F64656DE7BB93E69D9F2C20E9878DE69D
:1068D00096B0E68993E5BC80E4B8B2E58FA3E7A95A
:1068E000BAE997B2E4B8ADE696AD2E005B424F4FE1
:1068F000545D5B494E464F5D20E78EB0E59CA8E6AF
:106900008993E58DB0E68980E69C89596D6F646551
:106910006DE4BCA0E8BE93E697A5E5BF973A0025D5
:1069200073005B424F4F545D5B494E464F5D204FB5
:106930005441E6B581E7A88BE7BB93E69D9F005BDA
:10694000424F4F545D5B4552524F525D204F544170
:10695000E9AA8CE8AF81E5A4B1E8B4A5005B424F99
:106960004F545D5B4552524F525D204F5441E8A752
:10697000A3E58E8BE5A4B1E8B4A5005B424F4F546C
:106980005D5B4552524F525D204F5441E69BB4E649
:1069900096B0E5A4B1E8B4A5005B424F4F545D5BEF
:1069A000494E464F5D20E5BC80E5A78BE693A6E9FE
:1069B00099A4415050E58CBAE59F9F3A20E8B5B7BD
:1069C000E5A78BE59CB0E59D803A203078253038EE
:1069D0005820E5A4A7E5B08F3A2030782558E5ADDA
:1069E00097E88A820A005B424F4F545D5B455252E2
:1069F0004F525D20E693A6E999A4415050E58CBA28
:106A0000E59F9FE5A4B1E8B4A52C20596D6F64659E
:106A10006DE5B7B2E5819CE6ADA22E005B424F4F1B
:106A2000545D5B4552524F525D2048414C5F554189
:106A300052545F41626F727452656365697665E5B1
:106A4000A4B1E8B4A52C20E9878DE696B0E6899339
:106A5000E5BC80E4B8B2E58FA3E7A9BAE997B2E450
:106A6000B8ADE696AD2E005B424F4F545D5B494E8C
:106A7000464F5D20E693A6E999A4415050E58CBAB3
:106A8000E59F9FE68890E58A9F005B424F4F545DEB
:106A90005B494E464F5D20596D6F64656DE5BC8066
:106AA000E5A78B2C20E4B88E5043E79A84E6B29F8A
:106AB000E9809AE5B7B2E585B3E997AD005B594D3A
:106AC0004F44454D5D5B4552524F525D204352430A
:106AD000E6A0A1E9AA8CE5A4B1E8B4A52E20E8AE11
:106AE000A1E7AE97E580BC3A203078253034582CA9
:106AF00020E68EA5E694B6E580BC3A2030782530B5
:106B000034582E200A005B594D4F44454D5D5B497A
:106B10004E464F5D20E694B6E588B0E8B5B7E5A7E8
:106B20008BE5B8A72C20E6ADA3E59CA8E8A7A3E6D3
:106B30009E902E2E2E0A005B594D4F44454D5D5BB5
:106B40004552524F525D20E69CAAE5AE9AE4B989BF
:106B5000E5B8A7E5A4B43A203058253032580A00E9
:106B60005B594D4F44454D5D5B4552524F525D2040
:106B7000E7BB93E69D9FE5B8A7E697A0E695882C2E
:106B800020E58C85E58FB73A2025752C20E995BF47
:106B9000E5BAA63A2025752C20E695B0E68DAEE53F
:106BA0008CBAE9A696E5AD97E88A823A2030782536
:106BB0003032580A005B594D4F44454D5D5B57419B
:106BC000524E5D20E7BB93E69D9FE5B8A7E695B0E2
:106BD000E68DAEE58CBAE99D9EE7A9BA2C20E4BD0E
:106BE0008DE7BDAE3A2025642C20E580BC3A2030EC
:106BF00078253032580A005B594D4F44454D5D5B56
:106C00005741524E5D20E5A1ABE58585E5AD97E89E
:106C10008A82E4B88DE698AF307831412C20E4BD0B
:106C20008DE7BDAE3A2025752C20E580BC3A20309A
:106C300078253032580A005B594D4F44454D5D5B15
:106C4000494E464F5D20E69687E4BBB6E5908DE75A
:106C5000A7B03A2025730A005B594D4F44454D5D5E
:106C60005B494E464F5D20E69687E4BBB6E5A4A798
:106C7000E5B08F3A2025752062797465730A005B50
:106C8000594D4F44454D5D5B4552524F525D20E595
:106C90008C85E58FB7E4B88DE58CB9E9858D2E201C
:106CA000E58C85E58FB73A2025752C20E58C85E5A8
:106CB0008FB7E58F8DE7A0813A2025750A005B59D3
:106CC0004D4F44454D5D5B4552524F525D20E69716
:106CD000A0E8B5B7E5A78BE5B8A7E79A84E695B035
:106CE000E68DAEE5B8A72C20E58C85E58FB73A2078
:106CF00025752C20E995BFE5BAA63A2025750A002E
:106D00005B594D4F44454D5D5B494E464F5D20E616
:106D10009C80E5908EE4B880E4B8AAE695B0E68D54
:106D2000AEE58C85EFBC8CE5AE9EE99985E995BF13
:106D3000E5BAA63A2025750A005B594D4F44454DEA
:106D40005D5B4552524F525D20E695B0E68DAEE553
:106D5000A484E79086E5A4B1E8B4A52C20E58C8551
:106D6000E58FB73A2025750A005B594D4F44454DD4
:106D70005D5B4552524F525D20E58C85E58FB7E44F
:106D8000B88DE8BF9EE7BBAD2E20E4B88AE4B8809A
:106D9000E4B8AAE58C85E58FB73A2025752C20E567
:106DA000BD93E5898DE58C85E58FB73A2025750A79
:106DB000005B594D4F44454D5D5B4552524F525D0E
:106DC00020E7B4AFE8AEA1E5A4B1E8B4A53A202528
:106DD000752F25750A005B594D4F44454D5D5B4548
:106DE00052524F525D20E695B0E68DAEE58C85E6B9
:106DF0008EA5E694B6E5A4B1E8B4A50A000A5B59ED
:106E00004D4F44454D5D5B4552524F525D20E994D4
:106E100099E8AFAFE6ACA1E695B0E5A4AAE5A49ADF
:106E20002C20E4BCA0E8BE93E5A4B1E8B4A52C20D6
:106E3000E6ADA3E59CA8E58F96E6B6882E2E2E003B
:106E40000A5B594D4F44454D5D5B494E464F5D20B1
:106E5000E694B6E588B0454F542C20E6ADA3E59CFA
:106E6000A8E8AFB7E6B182E7BB93E69D9FE5B8A778
:106E70002E2E2E005B594D4F44454D5D5B494E46CD
:106E80004F5D20E8A7A3E69E90E5AE8CE6AF952C7B
:106E900020E6ADA3E59CA8E8AFB7E6B182E695B0E1
:106EA000E68DAEE5B8A72E2E2E005B594D4F44451A
:106EB0004D5D5B494E464F5D20596D6F64656DE5D4
:106EC000B7B2E585B3E997AD2E000A5B594D4F4443
:106ED000454D5D5B5741524E5D20E794A8E688B76B
:106EE000E58F96E6B688E4BCA0E8BE93005B594DFA
:106EF0004F44454D5D5B494E464F5D20E4BCA0E8E4
:106F0000BE93E7BB93E69D9F005B594D4F44454DB3
:106F10005D5B494E464F5D20E694B6E588B0E7BB21
:106F200093E69D9FE5B8A7005B424F4F545D5B49D8
:106F30004E464F5D20426F6F746C6F61646572E501
:106F400090AFE58AA8005B424F4F545D5B4572727B
:106F50006F725D20E8B7B3E8BDACE5A4B1E8B4A5B5
:106F60002C20E6A088E9A1B6E580BCE5BC82E5B8A6
:106F7000B83A203078253038580A005B424F4F54D9
:106F80005D5B494E464F5D20E58786E5A487E8B7FF
:106F9000B3E8BDACE588B04150502E2E2E005B42C8
:106FA0004F4F545D5B494E464F5D20E6A380E6B5EA
:106FB0008BE588B0466C617368E4B8BA4455414CBF
:106FC00042414E4BE6A8A1E5BC8F2C20E78EB0E5F0
:106FD0009CA8E4BFAEE694B9E98089E9A1B9E5AD22
:106FE00097E88A822C20424F4F544C4F41444552DF
:106FF000E5B086E697A0E6B395E5868DE6ACA1E818
:10700000BF90E8A18C2C20E8AFB7E7AD89E5BE853D
:107010003273E5908EE9878DE696B0E783A7E5BDEC
:10702000952E2E2E005B424F4F545D5B494E464FCE
:107030005D20E7A9BA466C6173682E005B424F4F32
:10704000545D5B494E464F5D20E7AA97E58FA3E765
:107050009C8BE997A8E78B97E5A48DE4BD8D005B39
:10706000424F4F545D5B494E464F5D20E7A1ACE473
:10707000BBB6E79C8BE997A8E78B97E5A48DE4BDA9
:107080008D003A535444494E003A535444455252A9
:10709000003A5354444F555400696E76616C6964EC
:1070A0005F617267756D656E7420776173207468B7
:1070B000726F776E20696E202D666E6F2D65786316
:1070C000657074696F6E73206D6F64652077697485
:1070D00068206D6573736167652022257322003A0D
:1070E000206F7574206F662072616E67650073741F
:1070F0006F756C003A206E6F20636F6E76657273E9
:10710000696F6E005F5F6378615F67756172645F6E
:107110006163717569726520646574656374656423
:107120002072656375727369766520696E6974692A
:10713000616C697A6174696F6E3A20646F20796F4F
:1071400075206861766520612066756E6374696F6D
:107150006E2D6C6F63616C2073746174696320764B
:1071600061726961626C652077686F736520696E12
:10717000697469616C697A6174696F6E20646570A5
:10718000656E6473206F6E20746861742066756E1E
:107190006374696F6E3F0000F87201080000002000
:1071A000780000003C02000870730108780000209D
:1071B000D82B01005C020008100100004300000011
:1071C000F8FFFFFF00404040404040404040414108
:1071D00041414140404040404040404040404040AC
:1071E0004040404040050202020202020202020246
:1071F0000202020202202020202020202020200243
:1072000002020202020290909090909010101010D2
:10721000101010101010101010101010101010106E
:107220000202020202028888888888880808080802
:1072300008080808080808080808080808080808CE
:1072400002020202400000000000000000000000F6
:10725000000000000000000000000000000000002E
:10726000000000000000000000000000000000001E
:10727000000000000000000000000000000000000E
:1072800000000000000000000000000000000000FE
:1072900000000000000000000000000000000000EE
:1072A00000000000000000000000000000000000DE
:1072B00000000000000000000000000000000000CE
:1072C00000000000000000001C000000430000005F
:1072D000F8FFFFFF0C0000000E0000000F00000090
:1072E0002E000000EDD9FFFF99DAFFFF69DCFFFFF8
:1072F0008110FFFF6D10FFFF000000000000000084
:107300000000000000000000000000000024F40065
:1073100000100E0001000000DC5F0108C05F0108E2
:1073200020000020000000080000080000000808FD
:1073300000000020000002000000022000000208FF
:10734000000004000000060800000000000000002B
:10735000000000000000000001000000000000002C
:10736000000000000000000001000000100000000C
:04000005080001D915
:00000001FF
